TABLE,MODEL,DOMAIN,PURPOSE,READERS,WRITERS,PK,FK_COUNT,INDEXES,HISTORY,DERIVABLE_DATA,DUPLICATION,STATUS,RECOMMENDATION,RISK,ORIGIN,MIGRATIONS,COLUMN_COUNT,NULLABLE,DEFAULTS,CHECKS,SOFT_DELETE,DELETE_STRATEGY,OWNER_TARGET,WINDOWS,CERTAINTY
actividad_clase,ActividadClase,LMS; ANALÍTICA,"Telemetría/eventos de actividad, no tarea evaluable",app/Models/AulaVirtual/ClaseEstudiante.php:67 [REF_ESTATICA]; app/Models/AulaVirtual/ClaseVirtual.php:85 [REF_ESTATICA],app/Models/AulaVirtual/ClaseEstudiante.php:67 [REF_ESTATICA] [CANDIDATO; verificar método/alias],cod_act_cla,3,"INDEX:cod_cla; INDEX:cod_cla,fec_act; INDEX:cod_cla,tip_act; INDEX:cod_est; INDEX:cod_est,fec_act; INDEX:cod_usu; INDEX:fec_act; INDEX:ref_tab,ref_cod; INDEX:tip_act; PRIMARY:cod_act_cla",Hechos y relaciones vigentes; conservar estados y referencias,Sin cálculo materializado identificado,No duplicidad confirmada; ver decisiones de dominio,CONSERVAR_Y_MEJORAR,"Conservar; evaluar cobertura real de productores, minimización y retención; no reemplazar Bitácora",Ver hallazgos DB-001..DB-020 y restricciones de eliminación,HISTORICA_DECLARADA,database/migrations/aula_virtual/2026_05_17_083835_create_actividad_clase_table.php,11,cod_est; created_at; fec_act; met_act; ref_cod; ref_tab; updated_at,tip_act=OTRO,"tip_act_check: tip_act IN ['INGRESO_CLASE', 'VIO_MATERIAL', 'ABRIO_TAREA', 'ENTREGO_TAREA', 'ENTREGA_TARDIA', 'RECIBIO_CALIFICACION', 'REGISTRO_ASISTENCIA', 'AUSENCIA_REGISTRADA', 'ATRASO_REGISTRADO', 'DESCARGO_ARCHIVO', 'COMENTO', 'OTRO']",NO; no SoftDeletes declarado,STATUS_BASED,Relaciones de modelos y lectores de actividad; productor actual no generalizado,V016; V017; V022; V023; V024; V025; V027; V028; V029; V030; V031; V032; V033; V034; V035; V036; V037; V038; V039; V040; V041; V042; V044; V051; V053; V054; V055; V058; V060; V061; V062; V063; V064; V065; V066; V067; V070; V071; V072; V073; V074; V075; V076; V077; V078; V079; V080; V081; V082; V083; V084; V085; V087; V088; V089; V090; V091; V092; V093; V094; V095; V096; V097; V098; V099; V100; V101; V102; V103; V104,"Declaración estática; callers candidatos, no runtime; ventanas por dependencia/transversal"
administrador,Administrador,IDENTIDAD; LEGACY,Perfil institucional anterior al RBAC canónico,"app/Http/Controllers/AdminDashboardController.php:27 [REF_ESTATICA]; app/Http/Controllers/DomainBoundaryController.php:16,21 [REF_ESTATICA]; app/Http/Controllers/EnrollmentDocumentController.php:17 [REF_ESTATICA]; app/Livewire/Admin/AsignacionesRegencia.php:30 [REF_ESTATICA]; app/Livewire/Admin/GestionUsuarios.php:5,32,39,50,487,488,491,588,844,845,852,853,859,911,1042,1161 [REF_ESTATICA]; app/Livewire/Admin/RolesPermisos.php:77,78,96,235 [REF_ESTATICA]; app/Livewire/InstitutionalAuthorization.php:59,90 [REF_ESTATICA]; app/Models/PersonalInstitucional.php:59 [REF_ESTATICA]; app/Models/Role.php:10 [REF_ESTATICA]; app/Policies/CursoPolicy.php:19 [REF_ESTATICA]; app/Policies/DocumentoInscripcionEstudiantePolicy.php:14 [REF_ESTATICA]; app/Policies/EstudiantePolicy.php:19 [REF_ESTATICA]; app/Policies/InscripcionEstudiantePolicy.php:18,30 [REF_ESTATICA]; app/Policies/KardexPolicy.php:17 [REF_ESTATICA]; app/Policies/OrientacionResultadoPolicy.php:19,33 [REF_ESTATICA]; app/Policies/PersonaPolicy.php:13 [REF_ESTATICA]; app/Policies/ReporteGeneradoPolicy.php:20 [REF_ESTATICA]; app/Policies/UserPolicy.php:13,18,23,28 [REF_ESTATICA]; app/Services/AcademicAccessService.php:27,54,88,123 [REF_ESTATICA]; app/Services/CalendarService.php:46 [REF_ESTATICA]; app/Services/GradeService.php:110 [REF_ESTATICA]; app/Services/HistoricalReportAccessService.php:22 [REF_ESTATICA]; app/Services/InstitutionalQueryService.php:41 [REF_ESTATICA]; app/Services/Kardex/ScopedKardexRepository.php:49 [REF_ESTATICA]; app/Services/RegencyAccessService.php:55 [REF_ESTATICA]; app/Services/ReportAccessService.php:11 [REF_ESTATICA]; app/Services/RoleDashboardResolver.php:11 [REF_ESTATICA]; app/Services/RolePermissionService.php:45,57,59,60,62,88,98,109,132,133,141,147,162 [REF_ESTATICA]; app/Services/RoleRequestService.php:23 [REF_ESTATICA]; app/Support/InstitutionalRoleGovernance.php:17 [REF_ESTATICA]; app/Support/Personas/PersonaInteligente.php:665 [REF_ESTATICA]; app/Support/WorkspaceNavigation.php:15 [REF_ESTATICA]; database/seeders/AulaVirtualPermissionSeeder.php:27 [REF_ESTATICA]; database/seeders/DATOS/SoporteDatosBolivia.php:236 [REF_ESTATICA]; database/seeders/PersonalInstitucionalSeeder.php:27,83 [REF_ESTATICA]; database/seeders/RolSeeder.php:27 [REF_ESTATICA]; database/seeders/UsuarioAdminSeeder.php:21 [REF_ESTATICA]; resources/views/admin/dashboard-administrador.blade.php:3,30 [REF_ESTATICA]; resources/views/components/menu.blade.php:164 [REF_ESTATICA]; resources/views/components/welcome.blade.php:87,171 [REF_ESTATICA]; resources/views/livewire/admin/gestion-usuarios.blade.php:452,462 [REF_ESTATICA]; resources/views/navigation-menu.blade.php:80,85 [REF_ESTATICA]; resources/views/workspaces/documentacion.blade.php:14 [REF_ESTATICA]; routes/admin.php:29 [REF_ESTATICA]; routes/web.php:23 [REF_ESTATICA]; routes/workspace_domains.php:11,15 [REF_ESTATICA]; tests/Feature/Authorization/AcademicContextTest.php:72,107,118 [REF_ESTATICA]; tests/Feature/Authorization/WorkspaceAuthorizationTest.php:54 [REF_ESTATICA]; tests/Feature/WorkspaceHttpBoundaryTest.php:28,47 [REF_ESTATICA]; tests/Unit/AcademicSecurityTest.php:89,134 [REF_ESTATICA]; tests/Unit/AuthorizationBoundariesTest.php:61,91 [REF_ESTATICA]; tests/Unit/InstitutionalRoleGovernanceTest.php:12 [REF_ESTATICA]; tests/Unit/RoleDashboardResolverTest.php:38,66,70 [REF_ESTATICA]; tests/Unit/RoleRequestAuthorizationTest.php:31 [REF_ESTATICA]; tests/Unit/WorkspaceRoutesTest.php:25 [REF_ESTATICA]","app/Livewire/Admin/GestionUsuarios.php:5,32,39,50,487,488,491,588,844,845,852,853,859,911,1042,1161 [REF_ESTATICA] [CANDIDATO; verificar método/alias]; app/Livewire/Admin/RolesPermisos.php:77,78,96,235 [REF_ESTATICA] [CANDIDATO; verificar método/alias]; app/Services/GradeService.php:110 [REF_ESTATICA] [CANDIDATO; verificar método/alias]; app/Services/RegencyAccessService.php:55 [REF_ESTATICA] [CANDIDATO; verificar método/alias]; app/Services/RolePermissionService.php:45,57,59,60,62,88,98,109,132,133,141,147,162 [REF_ESTATICA] [CANDIDATO; verificar método/alias]; app/Services/RoleRequestService.php:23 [REF_ESTATICA] [CANDIDATO; verificar método/alias]; database/seeders/AulaVirtualPermissionSeeder.php:27 [REF_ESTATICA] [CANDIDATO; verificar método/alias]; database/seeders/DATOS/SoporteDatosBolivia.php:236 [REF_ESTATICA] [CANDIDATO; verificar método/alias]; database/seeders/RolSeeder.php:27 [REF_ESTATICA] [CANDIDATO; verificar método/alias]; database/seeders/UsuarioAdminSeeder.php:21 [REF_ESTATICA] [CANDIDATO; verificar método/alias]; tests/Feature/Authorization/AcademicContextTest.php:72,107,118 [REF_ESTATICA] [CANDIDATO; verificar método/alias]; tests/Unit/AcademicSecurityTest.php:89,134 [REF_ESTATICA] [CANDIDATO; verificar método/alias]; tests/Unit/AuthorizationBoundariesTest.php:61,91 [REF_ESTATICA] [CANDIDATO; verificar método/alias]; tests/Unit/RoleDashboardResolverTest.php:38,66,70 [REF_ESTATICA] [CANDIDATO; verificar método/alias]",cod_adm,1,PRIMARY:cod_adm,Hechos y relaciones vigentes; conservar estados y referencias,Sin cálculo materializado identificado,No duplicidad confirmada; ver decisiones de dominio,LEGACY_CONSERVADO,Mantener por compatibilidad y datos; no duplicar autorización basada en Role; eventual reemplazo exige prueba de usos,Ver hallazgos DB-001..DB-020 y restricciones de eliminación,HISTORICA_DECLARADA,database/migrations/2026_04_26_183048_create_administrador_table.php,5,created_at; updated_at,est_adm=ACTIVO,,NO; no SoftDeletes declarado,STATUS_BASED,CRUD/perfiles institucionales existentes,V001; V002; V003; V016; V017; V020; V022; V023; V024; V025; V027; V028; V029; V030; V031; V032; V033; V034; V035; V036; V037; V038; V039; V040; V041; V042; V044; V045; V048; V051; V053; V054; V055; V056; V058; V059; V060; V061; V062; V063; V064; V065; V066; V067; V070; V071; V072; V073; V074; V075; V076; V077; V078; V079; V080; V081; V082; V083; V084; V085; V087; V088; V089; V090; V091; V092; V093; V094; V095; V096; V097; V098; V099; V100; V101; V102; V103; V104,"Declaración estática; callers candidatos, no runtime; ventanas por dependencia/transversal"
asignatura,Asignatura,ACADÉMICO; CONFIGURACIÓN,Catálogo curricular y técnico,"app/Http/Controllers/AdminDashboardController.php:5,67 [REF_ESTATICA]; app/Livewire/Admin/Calificaciones.php:5,192 [REF_ESTATICA]; app/Livewire/Admin/GestionAsignatura.php:5,210,224,323,324,325,326,484,509,539,610,683,711,786,803,837,847,859,891,974,981,985,989,992,1149,1152 [REF_ESTATICA]; app/Livewire/Admin/GestionCurso.php:958 [REF_ESTATICA]; app/Livewire/Admin/PersonalInstitucional.php:5,1139 [REF_ESTATICA]; app/Livewire/Admin/PlanesAsignatura.php:5,110,155 [REF_ESTATICA]; app/Livewire/Admin/ReportesAcademicos.php:5,98 [REF_ESTATICA]; app/Livewire/Admin/ReportesAdministrativos.php:5,40 [REF_ESTATICA]; app/Models/Calificacion.php:54 [REF_ESTATICA]; app/Models/HorarioDetalle.php:105 [REF_ESTATICA]; app/Models/PlanAsignatura.php:49 [REF_ESTATICA]; app/Services/InstitutionalQueryService.php:26,33 [REF_ESTATICA]; app/Services/Reportes/DatosReporteAcademicoService.php:5,150,174 [REF_ESTATICA]; app/Services/Reportes/DatosReporteAdministrativoService.php:5,35 [REF_ESTATICA]; app/Support/Academico/AsignaturaInteligente.php:1167,1218,1271,1272,1563 [REF_ESTATICA]; app/Support/Academico/CursoInteligente.php:153 [REF_ESTATICA]; database/seeders/AsignaturaSeeder.php:15 [REF_ESTATICA]; database/seeders/AulaVirtual/AulaVirtualFlujoEstudianteSeeder.php:5,206 [REF_ESTATICA]; database/seeders/DATOS/SoporteDatosBolivia.php:123 [REF_ESTATICA]; database/seeders/Pruebas/CalificacionesInstitucionalesSeeder.php:5,17 [REF_ESTATICA]; database/seeders/Pruebas/PlanesAsignaturaInstitucionalesSeeder.php:5,18 [REF_ESTATICA]; resources/views/admin/planes-asignatura.blade.php:2 [REF_ESTATICA]; resources/views/estudiante/area.blade.php:30 [REF_ESTATICA]; resources/views/livewire/admin/calificaciones.blade.php:30 [REF_ESTATICA]; resources/views/livewire/admin/gestion-asignatura.blade.php:20,24,28,32,373,656,903,1112 [REF_ESTATICA]; resources/views/livewire/admin/gestion-curso.blade.php:312,566,1757,2369,2593,2601,3461,3561 [REF_ESTATICA]; resources/views/livewire/admin/gestion-paralelo.blade.php:232 [REF_ESTATICA]; resources/views/livewire/admin/planes-asignatura.blade.php:6,35,63 [REF_ESTATICA]; resources/views/livewire/admin/reportes-academicos.blade.php:356 [REF_ESTATICA]; resources/views/pdf/reportes/academico-general.blade.php:52,53,59 [REF_ESTATICA]; resources/views/pdf/reportes/calificaciones.blade.php:46 [REF_ESTATICA]; resources/views/pdf/reportes/curso-aula.blade.php:3 [REF_ESTATICA]; resources/views/pdf/reportes/institucional-completo.blade.php:111,137 [REF_ESTATICA]; resources/views/pdf/reportes/regencia.blade.php:3 [REF_ESTATICA]; resources/views/workspaces/reportes-regencia.blade.php:5,6 [REF_ESTATICA]","app/Livewire/Admin/Calificaciones.php:5,192 [REF_ESTATICA] [CANDIDATO; verificar método/alias]; app/Livewire/Admin/GestionAsignatura.php:5,210,224,323,324,325,326,484,509,539,610,683,711,786,803,837,847,859,891,974,981,985,989,992,1149,1152 [REF_ESTATICA] [CANDIDATO; verificar método/alias]; app/Livewire/Admin/GestionCurso.php:958 [REF_ESTATICA] [CANDIDATO; verificar método/alias]; app/Livewire/Admin/PersonalInstitucional.php:5,1139 [REF_ESTATICA] [CANDIDATO; verificar método/alias]; app/Livewire/Admin/PlanesAsignatura.php:5,110,155 [REF_ESTATICA] [CANDIDATO; verificar método/alias]; database/seeders/AsignaturaSeeder.php:15 [REF_ESTATICA] [CANDIDATO; verificar método/alias]; database/seeders/AulaVirtual/AulaVirtualFlujoEstudianteSeeder.php:5,206 [REF_ESTATICA] [CANDIDATO; verificar método/alias]; database/seeders/DATOS/SoporteDatosBolivia.php:123 [REF_ESTATICA] [CANDIDATO; verificar método/alias]; database/seeders/Pruebas/CalificacionesInstitucionalesSeeder.php:5,17 [REF_ESTATICA] [CANDIDATO; verificar método/alias]; database/seeders/Pruebas/PlanesAsignaturaInstitucionalesSeeder.php:5,18 [REF_ESTATICA] [CANDIDATO; verificar método/alias]",cod_asi,0,PRIMARY:cod_asi,Hechos y relaciones vigentes; conservar estados y referencias,Sin cálculo materializado identificado,No duplicidad confirmada; ver decisiones de dominio,CONSERVAR_Y_MEJORAR,"Asignatura distinta de asignación anual; capacidad de especialidad pendiente, no inventar cupo",Ver hallazgos DB-001..DB-020 y restricciones de eliminación,HISTORICA_DECLARADA,database/migrations/2026_04_09_033046_create_asignatura_table.php,7,created_at; hor_asi; sig_asi; updated_at,est_asi=ACTIVO,,NO; no SoftDeletes declarado,STATUS_BASED,CRUD y Supports actuales,V001; V004; V006; V008; V009; V014; V016; V017; V018; V019; V022; V023; V024; V025; V027; V028; V029; V030; V031; V032; V033; V034; V035; V036; V037; V038; V039; V040; V041; V042; V044; V051; V053; V054; V055; V058; V060; V061; V062; V063; V064; V065; V066; V067; V068; V070; V072; V073; V074; V075; V076; V077; V078; V079; V080; V081; V082; V083; V087; V089; V090; V091; V092; V093; V094; V095; V096; V097; V098; V100; V101,"Declaración estática; callers candidatos, no runtime; ventanas por dependencia/transversal"
asistencia_clase,AsistenciaClase,ASISTENCIA,Sesión y hechos individuales de presencia/atraso,"app/Models/AulaVirtual/AsistenciaEstudiante.php:61 [REF_ESTATICA]; app/Models/AulaVirtual/ClaseVirtual.php:80 [REF_ESTATICA]; app/Policies/AulaVirtualAsistenciaPolicy.php:5,11,19 [REF_ESTATICA]; app/Providers/AppServiceProvider.php:8,73 [REF_ESTATICA]; app/Services/AulaVirtual/AsistenciaService.php:5,18,55 [REF_ESTATICA]; app/Services/AulaVirtual/CursoVirtualService.php:5,260 [REF_ESTATICA]; app/Support/Academico/GestionAcademicaInteligente.php:1274,1338 [REF_ESTATICA]; database/seeders/AulaVirtual/AulaVirtualFlujoEstudianteSeeder.php:6,312 [REF_ESTATICA]","app/Models/AulaVirtual/AsistenciaEstudiante.php:61 [REF_ESTATICA] [CANDIDATO; verificar método/alias]; app/Services/AulaVirtual/AsistenciaService.php:5,18,55 [REF_ESTATICA] [CANDIDATO; verificar método/alias]; app/Support/Academico/GestionAcademicaInteligente.php:1274,1338 [REF_ESTATICA] [CANDIDATO; verificar método/alias]; database/seeders/AulaVirtual/AulaVirtualFlujoEstudianteSeeder.php:6,312 [REF_ESTATICA] [CANDIDATO; verificar método/alias]",cod_asi_cla,4,"INDEX:cod_cla; INDEX:cod_cla,est_asi_cla; INDEX:cod_cla,fec_asi_cla; INDEX:cod_doc; INDEX:cod_doc,fec_asi_cla; INDEX:cod_hbl; INDEX:cod_usu_reg; INDEX:est_asi_cla; INDEX:fec_asi_cla; INDEX:ori_asi_cla; INDEX:tip_asi_cla; PRIMARY:cod_asi_cla; UNIQUE:cod_cla,cod_hbl,fec_asi_cla,est_asi_cla",Historial oficial; preservar contexto/rectificación,Sin cálculo materializado identificado,No duplicidad confirmada; ver decisiones de dominio,CONSERVAR_Y_MEJORAR,Preservar rectificaciones; UNIQUE nullable de sesión exige revisión; sumarizar con alcance y denominador explícito,Ver hallazgos DB-001..DB-020 y restricciones de eliminación,HISTORICA_DECLARADA,database/migrations/aula_virtual/2026_05_17_083833_create_asistencia_clase_table.php,15,cod_hbl; created_at; hor_fin_asi_cla; hor_ini_asi_cla; obs_asi_cla; tit_asi_cla; updated_at,est_asi_cla=BORRADOR; ori_asi_cla=MANUAL; tip_asi_cla=CLASE,"est_asi_cla_check: est_asi_cla IN ['BORRADOR', 'ABIERTA', 'CERRADA', 'ANULADA']; ori_asi_cla_check: ori_asi_cla IN ['MANUAL', 'GENERADA', 'IMPORTADA']; tip_asi_cla_check: tip_asi_cla IN ['CLASE', 'LABORATORIO', 'PRACTICA', 'EVALUACION', 'ACTIVIDAD']",NO; no SoftDeletes declarado,STATUS_BASED,AsistenciaService,V007; V016; V017; V022; V023; V024; V025; V027; V028; V029; V030; V031; V032; V033; V034; V035; V036; V037; V038; V039; V040; V041; V042; V044; V051; V053; V054; V055; V058; V060; V061; V062; V063; V064; V065; V066; V067; V070; V071; V072; V073; V074; V075; V076; V077; V078; V079; V080; V081; V082; V083; V084; V085; V087; V088; V089; V090; V091; V092; V093; V094; V095; V096; V097; V098; V099; V100; V101; V102; V103; V104,"Declaración estática; callers candidatos, no runtime; ventanas por dependencia/transversal"
asistencia_estudiante,AsistenciaEstudiante,ASISTENCIA,Sesión y hechos individuales de presencia/atraso,"app/Http/Controllers/AulaVirtual/AsistenciaController.php:6,61 [REF_ESTATICA]; app/Livewire/Shared/CourseWorkspace.php:5,152 [REF_ESTATICA]; app/Models/AulaVirtual/AsistenciaClase.php:84 [REF_ESTATICA]; app/Models/AulaVirtual/EstadoAsistencia.php:57 [REF_ESTATICA]; app/Services/AulaVirtual/AsistenciaService.php:6,86 [REF_ESTATICA]; app/Services/AulaVirtual/CursoVirtualService.php:6,272 [REF_ESTATICA]; app/Services/InstitutionalQueryService.php:5,34 [REF_ESTATICA]; app/Services/StudentContextService.php:5,51 [REF_ESTATICA]; database/seeders/AulaVirtual/AulaVirtualFlujoEstudianteSeeder.php:7,327 [REF_ESTATICA]","app/Models/AulaVirtual/AsistenciaClase.php:84 [REF_ESTATICA] [CANDIDATO; verificar método/alias]; app/Models/AulaVirtual/EstadoAsistencia.php:57 [REF_ESTATICA] [CANDIDATO; verificar método/alias]; app/Services/AulaVirtual/AsistenciaService.php:6,86 [REF_ESTATICA] [CANDIDATO; verificar método/alias]; database/seeders/AulaVirtual/AulaVirtualFlujoEstudianteSeeder.php:7,327 [REF_ESTATICA] [CANDIDATO; verificar método/alias]",cod_asi_est,4,"INDEX:cod_asi_cla; INDEX:cod_asi_cla,est_asi_est; INDEX:cod_est; INDEX:cod_est,est_asi_est; INDEX:cod_est_asi; INDEX:cod_est_asi,est_asi_est; INDEX:cod_usu_reg; INDEX:est_asi_est; INDEX:fec_reg_asi_est; PRIMARY:cod_asi_est; UNIQUE:cod_asi_cla,cod_est",Historial oficial; preservar contexto/rectificación,Sin cálculo materializado identificado,No duplicidad confirmada; ver decisiones de dominio,CONSERVAR_Y_MEJORAR,Preservar rectificaciones; UNIQUE nullable de sesión exige revisión; sumarizar con alcance y denominador explícito,Ver hallazgos DB-001..DB-020 y restricciones de eliminación,HISTORICA_DECLARADA,database/migrations/aula_virtual/2026_05_17_083834_create_asistencia_estudiante_table.php,11,created_at; fec_reg_asi_est; obs_asi_est; updated_at,est_asi_est=REGISTRADO; min_retraso=0,"est_asi_est_check: est_asi_est IN ['REGISTRADO', 'RECTIFICADO', 'ANULADO']",NO; no SoftDeletes declarado,STATUS_BASED,AsistenciaService,V016; V017; V022; V023; V024; V025; V027; V028; V029; V030; V031; V032; V033; V034; V035; V036; V037; V038; V039; V040; V041; V042; V044; V051; V053; V054; V055; V058; V060; V061; V062; V063; V064; V065; V066; V067; V070; V071; V072; V073; V074; V075; V076; V077; V078; V079; V080; V081; V082; V083; V084; V085; V087; V088; V089; V090; V091; V092; V093; V094; V095; V096; V097; V098; V099; V100; V101; V102; V103; V104,"Declaración estática; callers candidatos, no runtime; ventanas por dependencia/transversal"
bitacora,Bitacora,AUDITORÍA,Registro de operaciones de dominio,"app/Http/Controllers/Admin/ReportePdfController.php:161,177,325 [REF_ESTATICA]; app/Http/Controllers/AdminDashboardController.php:6,50 [REF_ESTATICA]; app/Livewire/Admin/Bitacora.php:5,14 [REF_ESTATICA]; app/Livewire/Admin/GestionAcademica.php:1166,1464,1722 [REF_ESTATICA]; app/Livewire/Admin/GestionCurso.php:3648 [REF_ESTATICA]; app/Livewire/Admin/GestionInscripciones.php:5,2762 [REF_ESTATICA]; app/Livewire/Admin/GestionParalelo.php:5,1358 [REF_ESTATICA]; app/Livewire/Admin/GestionTurnos.php:2317 [REF_ESTATICA]; app/Livewire/Admin/ReportesAdministrativos.php:6,50,69 [REF_ESTATICA]; app/Livewire/InstitutionalAuthorization.php:33 [REF_ESTATICA]; app/Services/BitacoraService.php:5,30 [REF_ESTATICA]; app/Services/Reportes/DatosReporteAdministrativoService.php:6,99,117 [REF_ESTATICA]; app/Services/Reportes/GeneradorZipReportesService.php:27 [REF_ESTATICA]; app/Support/Academico/TurnoInteligente.php:2249 [REF_ESTATICA]; app/Support/PermissionLabel.php:26 [REF_ESTATICA]; app/Support/WorkspaceNavigation.php:37 [REF_ESTATICA]; database/seeders/RolSeeder.php:161 [REF_ESTATICA]; resources/views/components/menu.blade.php:97,211 [REF_ESTATICA]; routes/admin.php:42 [REF_ESTATICA]","app/Livewire/Admin/GestionAcademica.php:1166,1464,1722 [REF_ESTATICA] [CANDIDATO; verificar método/alias]; app/Livewire/Admin/GestionCurso.php:3648 [REF_ESTATICA] [CANDIDATO; verificar método/alias]; app/Livewire/Admin/GestionInscripciones.php:5,2762 [REF_ESTATICA] [CANDIDATO; verificar método/alias]; app/Livewire/Admin/GestionParalelo.php:5,1358 [REF_ESTATICA] [CANDIDATO; verificar método/alias]; app/Livewire/Admin/GestionTurnos.php:2317 [REF_ESTATICA] [CANDIDATO; verificar método/alias]; app/Services/BitacoraService.php:5,30 [REF_ESTATICA] [CANDIDATO; verificar método/alias]; app/Support/Academico/TurnoInteligente.php:2249 [REF_ESTATICA] [CANDIDATO; verificar método/alias]; database/seeders/RolSeeder.php:161 [REF_ESTATICA] [CANDIDATO; verificar método/alias]",cod_bit,1,PRIMARY:cod_bit,Historial oficial; preservar contexto/rectificación,Sin cálculo materializado identificado,No duplicidad confirmada; ver decisiones de dominio,CONSERVAR_Y_MEJORAR,BitacoraService único escritor objetivo; corregir writers legacy y proteger historial/PII,Ver hallazgos DB-001..DB-020 y restricciones de eliminación,HISTORICA_DECLARADA,database/migrations/2026_04_09_033048_create_bitacora_table.php,19,age_bit; cod_usu; des_bit; err_bit; ip_bit; met_bit; mod_bit; nom_reg_bit; reg_bit; rol_bit; rut_bit; val_ant_bit; val_nue_bit,fec_bit=CURRENT_TIMESTAMP; niv_bit=INFO; res_bit=EXITOSO,,NO; no SoftDeletes declarado,IMMUTABLE_HISTORY,BitacoraService; writers directos legacy detectados,V001; V002; V003; V004; V005; V007; V008; V009; V010; V011; V012; V014; V019; V020; V021; V027; V028; V044; V045; V046; V047; V048; V052; V056; V058; V068; V070; V073; V074; V075; V076; V077; V078; V084; V085; V087; V090; V091; V092; V093; V094; V095; V099,"Declaración estática; callers candidatos, no runtime; ventanas por dependencia/transversal"
cache,SIN MODEL APP; no implica desuso,CORE,Cache técnico y coordinación de locks,Framework Cache [framework indirecto],Framework Cache [framework indirecto],key,0,INDEX:expiration; PRIMARY:key,Hechos y relaciones vigentes; conservar estados y referencias,Sin cálculo materializado identificado,No duplicidad confirmada; ver decisiones de dominio,CONSERVAR,Retención por TTL; no usar como fuente académica,Ver hallazgos DB-001..DB-020 y restricciones de eliminación,HISTORICA_DECLARADA,database/migrations/0001_01_01_000001_create_cache_table.php,3,,,,NO; no SoftDeletes declarado,HARD_DELETE_ALLOWED (TTL/retención),Framework Cache,,"Declaración estática; callers candidatos, no runtime; ventanas por dependencia/transversal"
cache_locks,SIN MODEL APP; no implica desuso,CORE,Cache técnico y coordinación de locks,Framework Cache [framework indirecto],Framework Cache [framework indirecto],key,0,INDEX:expiration; PRIMARY:key,Hechos y relaciones vigentes; conservar estados y referencias,Sin cálculo materializado identificado,No duplicidad confirmada; ver decisiones de dominio,CONSERVAR,Retención por TTL; no usar como fuente académica,Ver hallazgos DB-001..DB-020 y restricciones de eliminación,HISTORICA_DECLARADA,database/migrations/0001_01_01_000001_create_cache_table.php,3,,,,NO; no SoftDeletes declarado,HARD_DELETE_ALLOWED (TTL/retención),Framework Cache,,"Declaración estática; callers candidatos, no runtime; ventanas por dependencia/transversal"
calendario_evento,CalendarioEvento,CALENDARIO; AUDITORÍA; NUEVO_REQUERIDO,Hecho institucional y corrección con alcance temporal,"app/Services/CalendarService.php:6,27 [REF_ESTATICA]",No escritor concreto localizado; no prueba tabla vacía/inútil,cod_cae,6,"INDEX:cod_cur; INDEX:cod_gea,cod_cur,est_cae; INDEX:cod_gea,fii_cae,ffi_cae; INDEX:cod_par; INDEX:cod_tur; INDEX:created_by; PRIMARY:cod_cae",Historial oficial; preservar contexto/rectificación,Sin cálculo materializado identificado,No duplicidad confirmada; ver decisiones de dominio,NUEVO,"MIG-005 revisar tipo/efecto, días parciales, hora/zona y solapamientos; plazos de tarea continúan derivados",No ejecutar; revisar datos y reglas antes de restricción,PROPUESTA_NO_EJECUTADA,database/migrations/2026_09_30_100005_prepare_institutional_calendar.php,19,cod_cae_ori; cod_cur; cod_par; cod_tur; created_at; fue_cae; hof_cae; hoi_cae; updated_at,efe_cae=INFORMATIVO; est_cae=PREALERTA,"calendar_event_content_check: ffi_cae >= fii_cae AND ((hoi_cae IS NULL AND hof_cae IS NULL) OR (hoi_cae IS NOT NULL AND hof_cae IS NOT NULL AND hof_cae > hoi_cae)) AND (cod_par IS NULL OR cod_cur IS NOT NULL) AND (cod_cae_ori IS NULL OR cod_cae_ori <> cod_cae) AND est_cae IN ('PREALERTA','CONFIRMADO','CANCELADO','FINALIZADO') AND efe_cae IN ('INFORMATIVO','SIN_CLASES','SUSPENSION_PARCIAL','INGRESO_DIFERIDO','SALIDA_ANTICIPADA','HORARIO_AJUSTADO','RECUPERACION','ACTIVIDAD_INSTITUCIONAL') AND NULLIF(TRIM(mot_cae), '') IS NOT NULL",NO; no SoftDeletes declarado,STATUS_BASED,CalendarService lectura; escritor institucional pendiente,V016; V042; V054; V067; V081; V096,"Declaración estática; callers candidatos, no runtime; ventanas por dependencia/transversal"
calendario_evento_revisiones,SIN MODEL APP; no implica desuso,CALENDARIO; AUDITORÍA; NUEVO_REQUERIDO,Hecho institucional y corrección con alcance temporal,No caller literal localizado; revisar framework/dinámicos,No escritor concreto localizado; no prueba tabla vacía/inútil,id,2,"INDEX:cod_cae,created_at; INDEX:cod_usu; PRIMARY:id",Historial oficial; preservar contexto/rectificación,Sin cálculo materializado identificado,No duplicidad confirmada; ver decisiones de dominio,NUEVO,"MIG-005 revisar tipo/efecto, días parciales, hora/zona y solapamientos; plazos de tarea continúan derivados",No ejecutar; revisar datos y reglas antes de restricción,PROPUESTA_NO_EJECUTADA,database/migrations/2026_09_30_100005_prepare_institutional_calendar.php,6,,created_at=CURRENT_TIMESTAMP; id=AUTO_SEQUENCE (Blueprint),"calendar_event_revision_check: NULLIF(TRIM(motivo), '') IS NOT NULL AND jsonb_typeof(datos) = 'object'",NO; no SoftDeletes declarado,IMMUTABLE_HISTORY,CalendarService lectura; escritor institucional pendiente,V016; V042; V054; V067; V081; V096,"Declaración estática; callers candidatos, no runtime; ventanas por dependencia/transversal"
calificacion,Calificacion,EVALUACIÓN,Nota oficial por estudiante/asignación/período,"app/Http/Controllers/Docente/CalificacionCursoController.php:6,18 [REF_ESTATICA]; app/Http/Controllers/Estudiante/ExperienceController.php:8,37 [REF_ESTATICA]; app/Livewire/Admin/Calificaciones.php:6,92,144,166 [REF_ESTATICA]; app/Livewire/Admin/GestionAsignatura.php:265,285,306,343 [REF_ESTATICA]; app/Livewire/Admin/ReportesAcademicos.php:6,34,42 [REF_ESTATICA]; app/Livewire/Shared/CourseWorkspace.php:7,163 [REF_ESTATICA]; app/Models/Asignatura.php:50 [REF_ESTATICA]; app/Models/Estudiante.php:67 [REF_ESTATICA]; app/Models/PeriodoEvaluacion.php:44 [REF_ESTATICA]; app/Policies/CalificacionPolicy.php:5,11,16 [REF_ESTATICA]; app/Providers/AppServiceProvider.php:14,70 [REF_ESTATICA]; app/Services/AcademicAccessService.php:5,118 [REF_ESTATICA]; app/Services/GradeService.php:5,30,55,64,100,106,129,152,164 [REF_ESTATICA]; app/Services/InstitutionalDashboardService.php:5,52 [REF_ESTATICA]; app/Services/InstitutionalQueryService.php:8,33 [REF_ESTATICA]; app/Services/RegencyReportService.php:5,26 [REF_ESTATICA]; app/Services/Reportes/DatosReporteAcademicoService.php:6,29,51 [REF_ESTATICA]; app/Services/Reportes/DatosReporteVocacionalService.php:5,77 [REF_ESTATICA]; app/Support/Evaluacion/CalificacionInteligente.php:5,13 [REF_ESTATICA]; database/seeders/Pruebas/CalificacionesInstitucionalesSeeder.php:6,33 [REF_ESTATICA]; tests/Feature/Authorization/AcademicContextTest.php:5,110 [REF_ESTATICA]; tests/Feature/TeacherGradeSupportTest.php:7,47,72,97,110 [REF_ESTATICA]; tests/Unit/AcademicSecurityTest.php:9,112,125 [REF_ESTATICA]; tests/Unit/SupportPreventiveTest.php:245 [REF_ESTATICA]","app/Http/Controllers/Docente/CalificacionCursoController.php:6,18 [REF_ESTATICA] [CANDIDATO; verificar método/alias]; app/Livewire/Admin/Calificaciones.php:6,92,144,166 [REF_ESTATICA] [CANDIDATO; verificar método/alias]; app/Livewire/Admin/GestionAsignatura.php:265,285,306,343 [REF_ESTATICA] [CANDIDATO; verificar método/alias]; app/Services/GradeService.php:5,30,55,64,100,106,129,152,164 [REF_ESTATICA] [CANDIDATO; verificar método/alias]; database/seeders/Pruebas/CalificacionesInstitucionalesSeeder.php:6,33 [REF_ESTATICA] [CANDIDATO; verificar método/alias]; tests/Feature/Authorization/AcademicContextTest.php:5,110 [REF_ESTATICA] [CANDIDATO; verificar método/alias]; tests/Unit/AcademicSecurityTest.php:9,112,125 [REF_ESTATICA] [CANDIDATO; verificar método/alias]",cod_cal,4,"INDEX:cod_est,est_cal; INDEX:cod_pas; PRIMARY:cod_cal; UNIQUE:cod_est,cod_pas,cod_pev",Historial oficial; preservar contexto/rectificación,Sin cálculo materializado identificado,cod_asi: Derivable por cod_pas solo cuando cod_pas existe; imprescindible para históricos nulos,CONSERVAR_Y_MEJORAR,Preservar cod_pas nulo histórico; cod_asi redundante contextual se conserva hasta conciliación; quitar cascada requiere revisión,Ver hallazgos DB-001..DB-020 y restricciones de eliminación,HISTORICA_DECLARADA,database/migrations/2026_04_09_033090_create_calificacion_table.php; database/migrations/2026_09_28_000001_add_reestructuracion_academic_context.php; database/migrations/2026_09_30_100006_prepare_academic_integrity_checks.php,10,cod_pas; created_at; obs_cal; updated_at,est_cal=ACTIVO,academic_official_score_check: not_cal >= 0 AND not_cal <= 100,NO; no SoftDeletes declarado,STATUS_BASED,GradeService y CRUD legacy administrativo,V001; V003; V004; V005; V009; V014; V015; V016; V017; V018; V019; V020; V022; V023; V024; V025; V027; V028; V029; V030; V031; V032; V033; V034; V035; V036; V037; V038; V039; V040; V041; V042; V044; V046; V051; V053; V054; V055; V058; V060; V061; V062; V063; V064; V065; V066; V067; V068; V070; V071; V072; V073; V074; V075; V076; V077; V078; V079; V080; V081; V082; V083; V084; V085; V087; V088; V089; V090; V091; V092; V093; V094; V095; V096; V097; V098; V099; V100; V101; V102; V103; V104,"Declaración estática; callers candidatos, no runtime; ventanas por dependencia/transversal"
calificacion_tarea,CalificacionTarea,EVALUACIÓN,Calificación LMS y máximo al momento de evaluar,"app/Models/AulaVirtual/EntregaTarea.php:73 [REF_ESTATICA]; app/Models/AulaVirtual/Tarea.php:86 [REF_ESTATICA]; app/Services/AulaVirtual/EntregaService.php:5,72,84,87 [REF_ESTATICA]","app/Models/AulaVirtual/EntregaTarea.php:73 [REF_ESTATICA] [CANDIDATO; verificar método/alias]; app/Models/AulaVirtual/Tarea.php:86 [REF_ESTATICA] [CANDIDATO; verificar método/alias]; app/Services/AulaVirtual/EntregaService.php:5,72,84,87 [REF_ESTATICA] [CANDIDATO; verificar método/alias]",cod_cal_tar,4,"INDEX:cod_doc; INDEX:cod_doc,est_cal; INDEX:cod_est; INDEX:cod_tar; INDEX:cod_tar,cod_est; INDEX:est_cal; INDEX:fec_cal; PRIMARY:cod_cal_tar; UNIQUE:cod_ent",Historial oficial; preservar contexto/rectificación,Sin cálculo materializado identificado,cod_est: Derivable por cod_ent; validar coincidencia antes de refactor; cod_tar: Derivable por cod_ent; validar coincidencia antes de refactor,CONSERVAR_Y_MEJORAR,pun_max es snapshot significativo; validar contexto entrega/tarea/estudiante; nunca convertir automáticamente en nota oficial,Ver hallazgos DB-001..DB-020 y restricciones de eliminación,HISTORICA_DECLARADA,database/migrations/2026_09_30_100006_prepare_academic_integrity_checks.php; database/migrations/aula_virtual/2026_05_17_083831_create_calificacion_tarea_table.php,12,com_cal; created_at; fec_cal; updated_at,est_cal=REGISTRADO; pun_max=100; pun_obt=0,"est_cal_check: est_cal IN ['REGISTRADO', 'RECTIFICADO', 'DEVUELTO', 'ANULADO']; lms_submission_score_check: pun_max > 0 AND pun_obt >= 0 AND pun_obt <= pun_max",NO; no SoftDeletes declarado,STATUS_BASED,EntregaService.calificar,V016; V017; V022; V024; V025; V027; V028; V035; V036; V038; V042; V044; V054; V055; V058; V063; V064; V066; V067; V070; V071; V072; V073; V074; V075; V076; V077; V078; V079; V080; V081; V082; V083; V084; V085; V087; V088; V089; V090; V091; V092; V093; V094; V095; V096; V097; V098; V099; V100; V101; V102; V103; V104,"Declaración estática; callers candidatos, no runtime; ventanas por dependencia/transversal"
clase_estudiante,ClaseEstudiante,LMS,"Membresía, acceso y contadores del aula","app/Models/AulaVirtual/ClaseVirtual.php:60 [REF_ESTATICA]; app/Services/AulaVirtual/CursoVirtualService.php:7,126 [REF_ESTATICA]; database/seeders/AulaVirtual/AulaVirtualFlujoEstudianteSeeder.php:8,237 [REF_ESTATICA]","database/seeders/AulaVirtual/AulaVirtualFlujoEstudianteSeeder.php:8,237 [REF_ESTATICA] [CANDIDATO; verificar método/alias]",cod_cla_est,2,"INDEX:cod_cla; INDEX:cod_cla,est_cla_est; INDEX:cod_est; INDEX:cod_est,est_cla_est; INDEX:est_cla_est; INDEX:ult_acc_cla_est; PRIMARY:cod_cla_est; UNIQUE:cod_cla,cod_est",Hechos y relaciones vigentes; conservar estados y referencias,cant_acc_cla_est; ult_acc_cla_est; ult_act_cla_est,No duplicidad confirmada; ver decisiones de dominio,CONSERVAR_Y_MEJORAR,"Membresía autorizada por inscripción; contador de acceso cache verificable, no rendimiento académico",Ver hallazgos DB-001..DB-020 y restricciones de eliminación,HISTORICA_DECLARADA,database/migrations/aula_virtual/2026_05_17_083824_create_clase_estudiante_table.php,11,created_at; fec_inc_cla_est; fec_ret_cla_est; ult_acc_cla_est; ult_act_cla_est; updated_at,cant_acc_cla_est=0; est_cla_est=ACTIVO,"est_cla_est_check: est_cla_est IN ['ACTIVO', 'RETIRADO', 'TRANSFERIDO', 'INACTIVO', 'ANULADO']",NO; no SoftDeletes declarado,STATUS_BASED,CursoVirtualService / ClaseEstudiante.registrarAcceso,V016; V017; V022; V023; V024; V025; V027; V028; V029; V030; V031; V032; V033; V034; V035; V036; V037; V038; V039; V040; V041; V042; V044; V051; V053; V054; V055; V058; V060; V061; V062; V063; V064; V065; V066; V067; V070; V071; V072; V073; V074; V075; V076; V077; V078; V079; V080; V081; V082; V083; V084; V085; V087; V088; V089; V090; V091; V092; V093; V094; V095; V096; V097; V098; V099; V100; V101; V102; V103; V104,"Declaración estática; callers candidatos, no runtime; ventanas por dependencia/transversal"
clase_virtual,ClaseVirtual,LMS,Aula virtual dependiente de una asignación académica,"app/Models/AulaVirtual/ActividadClase.php:60 [REF_ESTATICA]; app/Models/AulaVirtual/AsistenciaClase.php:64 [REF_ESTATICA]; app/Models/AulaVirtual/ClaseEstudiante.php:57 [REF_ESTATICA]; app/Models/AulaVirtual/MaterialClase.php:54 [REF_ESTATICA]; app/Models/AulaVirtual/PublicacionClase.php:58 [REF_ESTATICA]; app/Models/AulaVirtual/Tarea.php:66 [REF_ESTATICA]; app/Models/AulaVirtual/UnidadClase.php:23 [REF_ESTATICA]; app/Policies/AulaVirtualCursoPolicy.php:5,11,19 [REF_ESTATICA]; app/Providers/AppServiceProvider.php:9,72 [REF_ESTATICA]; app/Services/AulaVirtual/AsistenciaService.php:7,29,49 [REF_ESTATICA]; app/Services/AulaVirtual/CursoVirtualService.php:8,59,62,91,94,102,107,140,295 [REF_ESTATICA]; app/Services/AulaVirtual/EntregaService.php:6,33,78,106 [REF_ESTATICA]; app/Services/AulaVirtual/MaterialService.php:5,21,44,67,89 [REF_ESTATICA]; app/Services/AulaVirtual/ProgresoCursoService.php:5,9 [REF_ESTATICA]; app/Services/AulaVirtual/PublicacionService.php:5,29 [REF_ESTATICA]; app/Services/AulaVirtual/ReporteAulaVirtualService.php:5,9 [REF_ESTATICA]; app/Services/AulaVirtual/TareaService.php:5,42,97 [REF_ESTATICA]; app/Services/InstitutionalQueryService.php:6,26 [REF_ESTATICA]; app/Support/Academico/GestionAcademicaInteligente.php:1234,1256,1275,1292,1317,1339 [REF_ESTATICA]; database/seeders/AulaVirtual/AulaVirtualFlujoEstudianteSeeder.php:9,225 [REF_ESTATICA]; tests/Feature/TeacherGradeSupportTest.php:6,37,71,92,109,129 [REF_ESTATICA]; tests/Feature/TeacherReportPdfTest.php:5,31 [REF_ESTATICA]; tests/Unit/AcademicSecurityTest.php:5,66 [REF_ESTATICA]; tests/Unit/InstitutionalScopeContractTest.php:5,73 [REF_ESTATICA]; tests/Unit/SubmissionAuthorizationTest.php:5,39,49,61 [REF_ESTATICA]; tests/Unit/WorkspaceIntegrityTest.php:10,75 [REF_ESTATICA]","app/Models/AulaVirtual/AsistenciaClase.php:64 [REF_ESTATICA] [CANDIDATO; verificar método/alias]; app/Models/AulaVirtual/ClaseEstudiante.php:57 [REF_ESTATICA] [CANDIDATO; verificar método/alias]; app/Models/AulaVirtual/PublicacionClase.php:58 [REF_ESTATICA] [CANDIDATO; verificar método/alias]; app/Models/AulaVirtual/Tarea.php:66 [REF_ESTATICA] [CANDIDATO; verificar método/alias]; app/Services/AulaVirtual/AsistenciaService.php:7,29,49 [REF_ESTATICA] [CANDIDATO; verificar método/alias]; app/Services/AulaVirtual/EntregaService.php:6,33,78,106 [REF_ESTATICA] [CANDIDATO; verificar método/alias]; app/Services/AulaVirtual/MaterialService.php:5,21,44,67,89 [REF_ESTATICA] [CANDIDATO; verificar método/alias]; app/Services/AulaVirtual/PublicacionService.php:5,29 [REF_ESTATICA] [CANDIDATO; verificar método/alias]; app/Services/AulaVirtual/TareaService.php:5,42,97 [REF_ESTATICA] [CANDIDATO; verificar método/alias]; app/Support/Academico/GestionAcademicaInteligente.php:1234,1256,1275,1292,1317,1339 [REF_ESTATICA] [CANDIDATO; verificar método/alias]; database/seeders/AulaVirtual/AulaVirtualFlujoEstudianteSeeder.php:9,225 [REF_ESTATICA] [CANDIDATO; verificar método/alias]; tests/Unit/AcademicSecurityTest.php:5,66 [REF_ESTATICA] [CANDIDATO; verificar método/alias]; tests/Unit/WorkspaceIntegrityTest.php:10,75 [REF_ESTATICA] [CANDIDATO; verificar método/alias]",cod_cla,1,"INDEX:cod_pas; INDEX:cod_pas,est_cla; INDEX:est_cla; INDEX:fec_ini_cla,fec_fin_cla; PRIMARY:cod_cla",Hechos y relaciones vigentes; conservar estados y referencias,Sin cálculo materializado identificado,No duplicidad confirmada; ver decisiones de dominio,CONSERVAR_Y_MEJORAR,"Conservar plan, publicación, estados y ownership; no duplicar Curso",Ver hallazgos DB-001..DB-020 y restricciones de eliminación,HISTORICA_DECLARADA,database/migrations/aula_virtual/2026_05_17_083823_create_clase_virtual_table.php,9,created_at; des_cla; fec_fin_cla; fec_ini_cla; updated_at,est_cla=ACTIVA,"est_cla_check: est_cla IN ['ACTIVA', 'CERRADA', 'INACTIVA', 'ANULADA']",NO; no SoftDeletes declarado,STATUS_BASED,CursoVirtualService,V007; V016; V017; V022; V023; V024; V025; V027; V028; V029; V030; V031; V032; V033; V034; V035; V036; V037; V038; V039; V040; V041; V042; V044; V051; V053; V054; V055; V058; V060; V061; V062; V063; V064; V065; V066; V067; V070; V071; V072; V073; V074; V075; V076; V077; V078; V079; V080; V081; V082; V083; V084; V085; V087; V088; V089; V090; V091; V092; V093; V094; V095; V096; V097; V098; V099; V100; V101; V102; V103; V104,"Declaración estática; callers candidatos, no runtime; ventanas por dependencia/transversal"
curso,Curso,ACADÉMICO; CONFIGURACIÓN,Catálogo de grado/nivel,"app/Http/Controllers/AdminDashboardController.php:7,67 [REF_ESTATICA]; app/Http/Controllers/WorkspaceController.php:28 [REF_ESTATICA]; app/Livewire/Admin/AsignacionesRegencia.php:5,51 [REF_ESTATICA]; app/Livewire/Admin/Bitacora.php:1300,1301 [REF_ESTATICA]; app/Livewire/Admin/GestionCurso.php:446,700,1363,1365,1388,1426,1447,1451,1474,1514,1547,1551,1563,1582,1583,1730,2048,2144,2151,2174,2221,2299,3451,3454,3456 [REF_ESTATICA]; app/Livewire/Admin/GestionEstudiantes.php:5,273,736,1466,1745 [REF_ESTATICA]; app/Livewire/Admin/GestionInscripciones.php:2342 [REF_ESTATICA]; app/Livewire/Admin/GestionParalelo.php:1588,1599,1603,1607 [REF_ESTATICA]; app/Livewire/Admin/PersonalInstitucional.php:6,1147 [REF_ESTATICA]; app/Livewire/Admin/PlanesAsignatura.php:6,157 [REF_ESTATICA]; app/Livewire/Admin/ReportesAdministrativos.php:7,42 [REF_ESTATICA]; app/Models/CalendarioEvento.php:33 [REF_ESTATICA]; app/Models/Horario.php:78 [REF_ESTATICA]; app/Models/InscripcionEstudiante.php:90 [REF_ESTATICA]; app/Models/PlanAsignatura.php:59 [REF_ESTATICA]; app/Models/PlanEspecialidad.php:57 [REF_ESTATICA]; app/Models/RegenteAsignacion.php:15 [REF_ESTATICA]; app/Policies/CursoPolicy.php:5,12,17 [REF_ESTATICA]; app/Providers/AppServiceProvider.php:15,67 [REF_ESTATICA]; app/Services/AcademicAccessService.php:6,49 [REF_ESTATICA]; app/Services/InstitutionalDashboardService.php:6,41 [REF_ESTATICA]; app/Services/InstitutionalQueryService.php:9,26,30,32,83,160,171,215 [REF_ESTATICA]; app/Services/RegencyAccessService.php:5,70 [REF_ESTATICA]; app/Services/Reportes/DatosReporteAcademicoService.php:7 [REF_ESTATICA]; app/Services/Reportes/DatosReporteAdministrativoService.php:7,36 [REF_ESTATICA]; app/Support/Academico/CursoInteligente.php:62,90,140,141,142,143,144,145,146 [REF_ESTATICA]; app/Support/Academico/InscripcionAcademica.php:381,1899,2399,2463 [REF_ESTATICA]; database/seeders/AulaVirtual/AulaVirtualFlujoEstudianteSeeder.php:16,134,230 [REF_ESTATICA]; database/seeders/CursoSeeder.php:15 [REF_ESTATICA]; database/seeders/DATOS/SoporteDatosBolivia.php:120,584 [REF_ESTATICA]; database/seeders/Pruebas/PlanesAsignaturaInstitucionalesSeeder.php:6,20 [REF_ESTATICA]; resources/views/aula-virtual/asistencia/registrar.blade.php:12 [REF_ESTATICA]; resources/views/aula-virtual/cursos/show-docente.blade.php:2 [REF_ESTATICA]; resources/views/aula-virtual/reportes/index.blade.php:13 [REF_ESTATICA]; resources/views/estudiante/area.blade.php:30 [REF_ESTATICA]; resources/views/livewire/admin/gestion-curso.blade.php:11,19,27,35,694,1182,1436,1441,1626,2027,2032,2319,2702,2878,3113,3115,3231,3235,4612,4617,4622,4627 [REF_ESTATICA]; resources/views/livewire/admin/gestion-estudiantes.blade.php:295,377,605,784,916,1221 [REF_ESTATICA]; resources/views/livewire/admin/gestion-inscripciones.blade.php:351,827,958,1492,1531,1776,1799,1806,2455,2785 [REF_ESTATICA]; resources/views/livewire/admin/personal-institucional.blade.php:1247,1341,1662 [REF_ESTATICA]; resources/views/livewire/admin/planes-asignatura.blade.php:65 [REF_ESTATICA]; resources/views/livewire/shared/course-list.blade.php:6 [REF_ESTATICA]; resources/views/livewire/shared/institutional-query.blade.php:12 [REF_ESTATICA]; resources/views/pdf/reportes/administrativo.blade.php:108,110,114 [REF_ESTATICA]; resources/views/pdf/reportes/curso-aula.blade.php:2 [REF_ESTATICA]; resources/views/workspaces/calendario.blade.php:13 [REF_ESTATICA]; tests/Feature/Authorization/AcademicContextTest.php:58 [REF_ESTATICA]; tests/Feature/InstitutionalQueryInteractionTest.php:6,91,93 [REF_ESTATICA]; tests/Feature/SecretaryCatalogDetailTest.php:40,46,48 [REF_ESTATICA]; tests/Feature/TeacherReportPdfTest.php:31 [REF_ESTATICA]; tests/Unit/AcademicSecurityTest.php:10,111 [REF_ESTATICA]; tests/Unit/AuthorizationBoundariesTest.php:9,34 [REF_ESTATICA]; tests/Unit/InstitutionalCatalogFilterTest.php:5,15 [REF_ESTATICA]","app/Livewire/Admin/GestionCurso.php:446,700,1363,1365,1388,1426,1447,1451,1474,1514,1547,1551,1563,1582,1583,1730,2048,2144,2151,2174,2221,2299,3451,3454,3456 [REF_ESTATICA] [CANDIDATO; verificar método/alias]; app/Livewire/Admin/GestionEstudiantes.php:5,273,736,1466,1745 [REF_ESTATICA] [CANDIDATO; verificar método/alias]; app/Livewire/Admin/GestionInscripciones.php:2342 [REF_ESTATICA] [CANDIDATO; verificar método/alias]; app/Livewire/Admin/GestionParalelo.php:1588,1599,1603,1607 [REF_ESTATICA] [CANDIDATO; verificar método/alias]; app/Livewire/Admin/PersonalInstitucional.php:6,1147 [REF_ESTATICA] [CANDIDATO; verificar método/alias]; app/Livewire/Admin/PlanesAsignatura.php:6,157 [REF_ESTATICA] [CANDIDATO; verificar método/alias]; app/Services/RegencyAccessService.php:5,70 [REF_ESTATICA] [CANDIDATO; verificar método/alias]; database/seeders/AulaVirtual/AulaVirtualFlujoEstudianteSeeder.php:16,134,230 [REF_ESTATICA] [CANDIDATO; verificar método/alias]; database/seeders/CursoSeeder.php:15 [REF_ESTATICA] [CANDIDATO; verificar método/alias]; database/seeders/DATOS/SoporteDatosBolivia.php:120,584 [REF_ESTATICA] [CANDIDATO; verificar método/alias]; database/seeders/Pruebas/PlanesAsignaturaInstitucionalesSeeder.php:6,20 [REF_ESTATICA] [CANDIDATO; verificar método/alias]; tests/Feature/Authorization/AcademicContextTest.php:58 [REF_ESTATICA] [CANDIDATO; verificar método/alias]; tests/Feature/SecretaryCatalogDetailTest.php:40,46,48 [REF_ESTATICA] [CANDIDATO; verificar método/alias]; tests/Unit/AcademicSecurityTest.php:10,111 [REF_ESTATICA] [CANDIDATO; verificar método/alias]; tests/Unit/AuthorizationBoundariesTest.php:9,34 [REF_ESTATICA] [CANDIDATO; verificar método/alias]",cod_cur,0,PRIMARY:cod_cur,Hechos y relaciones vigentes; conservar estados y referencias,Sin cálculo materializado identificado,No duplicidad confirmada; ver decisiones de dominio,CONSERVAR_Y_MEJORAR,Curso no es grupo anual ni ClaseVirtual; no crear grado duplicado,Ver hallazgos DB-001..DB-020 y restricciones de eliminación,HISTORICA_DECLARADA,database/migrations/2026_04_09_033045_create_curso_table.php,6,created_at; niv_cur; updated_at,est_cur=ACTIVO,,NO; no SoftDeletes declarado,STATUS_BASED,app/Livewire/Admin/GestionCurso.php,V001; V004; V005; V006; V008; V010; V012; V014; V016; V017; V019; V021; V022; V023; V024; V025; V027; V028; V029; V030; V031; V032; V033; V034; V035; V036; V037; V038; V039; V040; V041; V042; V044; V046; V047; V051; V052; V053; V054; V055; V058; V059; V060; V061; V062; V063; V064; V065; V066; V067; V068; V070; V072; V073; V074; V075; V076; V077; V078; V079; V080; V081; V082; V083; V087; V089; V090; V091; V092; V093; V094; V095; V096; V098,"Declaración estática; callers candidatos, no runtime; ventanas por dependencia/transversal"
director,Director,IDENTIDAD; LEGACY,Perfil institucional anterior al RBAC canónico,"app/Http/Controllers/DomainBoundaryController.php:16,21 [REF_ESTATICA]; app/Http/Controllers/WorkspaceController.php:14 [REF_ESTATICA]; app/Livewire/Admin/GestionUsuarios.php:6,33,40,589,1043,1166 [REF_ESTATICA]; app/Models/PersonalInstitucional.php:64 [REF_ESTATICA]; app/Models/Role.php:10 [REF_ESTATICA]; app/Policies/InscripcionEstudiantePolicy.php:18 [REF_ESTATICA]; app/Policies/KardexPolicy.php:17 [REF_ESTATICA]; app/Policies/OrientacionResultadoPolicy.php:19 [REF_ESTATICA]; app/Services/AcademicAccessService.php:27,54,123 [REF_ESTATICA]; app/Services/CalendarService.php:46 [REF_ESTATICA]; app/Services/HistoricalReportAccessService.php:22 [REF_ESTATICA]; app/Services/InstitutionalAuthorityService.php:5,12,27,33 [REF_ESTATICA]; app/Services/InstitutionalDashboardService.php:47 [REF_ESTATICA]; app/Services/InstitutionalQueryService.php:41 [REF_ESTATICA]; app/Services/RoleDashboardResolver.php:12 [REF_ESTATICA]; app/Services/RoleRequestService.php:117 [REF_ESTATICA]; app/Support/InstitutionalRoleGovernance.php:18,29 [REF_ESTATICA]; app/Support/Personas/PersonaInteligente.php:663 [REF_ESTATICA]; app/Support/WorkspaceNavigation.php:53,104 [REF_ESTATICA]; database/seeders/DATOS/SoporteDatosBolivia.php:233 [REF_ESTATICA]; database/seeders/PersonalInstitucionalSeeder.php:60,115 [REF_ESTATICA]; database/seeders/RolSeeder.php:32 [REF_ESTATICA]; database/seeders/UsuarioAdminSeeder.php:42 [REF_ESTATICA]; resources/views/livewire/admin/gestion-usuarios.blade.php:453,463 [REF_ESTATICA]; resources/views/livewire/admin/roles-permisos.blade.php:126,197 [REF_ESTATICA]; routes/direccion.php:7 [REF_ESTATICA]; routes/web.php:23 [REF_ESTATICA]; routes/workspace_domains.php:11,16 [REF_ESTATICA]; tests/Feature/Authorization/WorkspaceAuthorizationTest.php:27,55 [REF_ESTATICA]; tests/Feature/InstitutionalQueryInteractionTest.php:56,61 [REF_ESTATICA]; tests/Feature/WorkspaceHttpBoundaryTest.php:29,47 [REF_ESTATICA]; tests/Unit/AcademicSecurityTest.php:99,134 [REF_ESTATICA]; tests/Unit/HistoricalReportAuthorizationTest.php:41,43,50,57 [REF_ESTATICA]; tests/Unit/InstitutionalAuthorityServiceTest.php:5,13,18 [REF_ESTATICA]; tests/Unit/InstitutionalRoleGovernanceTest.php:12 [REF_ESTATICA]; tests/Unit/RegencyReportScopeTest.php:61 [REF_ESTATICA]; tests/Unit/RoleDashboardResolverTest.php:39,51 [REF_ESTATICA]; tests/Unit/WorkspaceIntegrityTest.php:46,57,65 [REF_ESTATICA]","app/Livewire/Admin/GestionUsuarios.php:6,33,40,589,1043,1166 [REF_ESTATICA] [CANDIDATO; verificar método/alias]; app/Services/RoleRequestService.php:117 [REF_ESTATICA] [CANDIDATO; verificar método/alias]; database/seeders/DATOS/SoporteDatosBolivia.php:233 [REF_ESTATICA] [CANDIDATO; verificar método/alias]; database/seeders/RolSeeder.php:32 [REF_ESTATICA] [CANDIDATO; verificar método/alias]; database/seeders/UsuarioAdminSeeder.php:42 [REF_ESTATICA] [CANDIDATO; verificar método/alias]; tests/Unit/AcademicSecurityTest.php:99,134 [REF_ESTATICA] [CANDIDATO; verificar método/alias]; tests/Unit/RoleDashboardResolverTest.php:39,51 [REF_ESTATICA] [CANDIDATO; verificar método/alias]; tests/Unit/WorkspaceIntegrityTest.php:46,57,65 [REF_ESTATICA] [CANDIDATO; verificar método/alias]",cod_dir,1,PRIMARY:cod_dir,Hechos y relaciones vigentes; conservar estados y referencias,Sin cálculo materializado identificado,No duplicidad confirmada; ver decisiones de dominio,LEGACY_CONSERVADO,Mantener por compatibilidad y datos; no duplicar autorización basada en Role; eventual reemplazo exige prueba de usos,Ver hallazgos DB-001..DB-020 y restricciones de eliminación,HISTORICA_DECLARADA,database/migrations/2026_04_26_183034_create_director_table.php,5,created_at; updated_at,est_dir=ACTIVO,,NO; no SoftDeletes declarado,STATUS_BASED,CRUD/perfiles institucionales existentes,V001; V002; V003; V016; V017; V020; V022; V023; V024; V025; V027; V028; V029; V030; V031; V032; V033; V034; V035; V036; V037; V038; V039; V040; V041; V042; V044; V045; V048; V051; V053; V054; V055; V056; V058; V060; V061; V062; V063; V064; V065; V066; V067; V070; V071; V072; V073; V074; V075; V076; V077; V078; V079; V080; V081; V082; V083; V084; V085; V087; V088; V089; V090; V091; V092; V093; V094; V095; V096; V097; V098; V099; V100; V101; V102; V103; V104,"Declaración estática; callers candidatos, no runtime; ventanas por dependencia/transversal"
docente,Docente,ACADÉMICO,"Capacidad docente, especialidad y asignaciones","app/Http/Controllers/AdminDashboardController.php:8,40,63 [REF_ESTATICA]; app/Http/Controllers/AulaVirtual/AulaVirtualController.php:20 [REF_ESTATICA]; app/Http/Controllers/AulaVirtual/ReporteAulaVirtualController.php:36 [REF_ESTATICA]; app/Http/Controllers/Docente/CalificacionCursoController.php:3 [REF_ESTATICA]; app/Http/Controllers/DomainBoundaryController.php:17,21 [REF_ESTATICA]; app/Livewire/Admin/GestionCurso.php:1999,2012,3144,3152,3189,3199,3507,3539 [REF_ESTATICA]; app/Livewire/Admin/GestionDocente.php:5,42,44,45,68,69 [REF_ESTATICA]; app/Livewire/Admin/GestionUsuarios.php:7,41,590,808,1044,1171 [REF_ESTATICA]; app/Livewire/Admin/PersonalInstitucional.php:7,46,372,374,481,523,579,691,743,760,818,819,1000,1003,1028,1095,1096,1097,1107 [REF_ESTATICA]; app/Livewire/Admin/PlanesAsignatura.php:7,156 [REF_ESTATICA]; app/Livewire/Admin/ReportesAdministrativos.php:8,38 [REF_ESTATICA]; app/Livewire/AulaVirtual/Cursos/CursoDetalleDocente.php:9 [REF_ESTATICA]; app/Livewire/AulaVirtual/Cursos/MisCursosDocente.php:9 [REF_ESTATICA]; app/Livewire/InstitutionalAuthorization.php:69 [REF_ESTATICA]; app/Livewire/Shared/CourseList.php:32 [REF_ESTATICA]; app/Livewire/Shared/CourseWorkspace.php:62,86 [REF_ESTATICA]; app/Livewire/Shared/KardexDraft.php:37 [REF_ESTATICA]; app/Livewire/Shared/TeacherGradeForm.php:35 [REF_ESTATICA]; app/Models/AulaVirtual/AsistenciaClase.php:5,69 [REF_ESTATICA]; app/Models/AulaVirtual/CalificacionTarea.php:5,77 [REF_ESTATICA]; app/Models/AulaVirtual/Tarea.php:5,71 [REF_ESTATICA]; app/Models/PersonalInstitucional.php:49 [REF_ESTATICA]; app/Models/PlanAsignatura.php:54 [REF_ESTATICA]; app/Models/PlanEspecialidad.php:52 [REF_ESTATICA]; app/Models/Role.php:10 [REF_ESTATICA]; app/Policies/KardexPolicy.php:18,26 [REF_ESTATICA]; app/Services/AcademicAccessService.php:40,62,92,136 [REF_ESTATICA]; app/Services/AulaVirtual/AsistenciaService.php:9,18 [REF_ESTATICA]; app/Services/AulaVirtual/CursoVirtualService.php:12,36,38,42,114 [REF_ESTATICA]; app/Services/AulaVirtual/EntregaService.php:10,72 [REF_ESTATICA]; app/Services/AulaVirtual/TareaService.php:8,19 [REF_ESTATICA]; app/Services/AulaVirtual/UnitContentService.php:20,22 [REF_ESTATICA]; app/Services/CalendarService.php:28,33,47,55,57 [REF_ESTATICA]; app/Services/GradeService.php:38,57,72,111 [REF_ESTATICA]; app/Services/InstitutionalDashboardService.php:7,49 [REF_ESTATICA]; app/Services/InstitutionalQueryService.php:10,29 [REF_ESTATICA]; app/Services/Kardex/KardexService.php:42 [REF_ESTATICA]; app/Services/Kardex/ScopedKardexRepository.php:37 [REF_ESTATICA]; app/Services/OperationalAccountService.php:5,19,59 [REF_ESTATICA]; app/Services/Reportes/DatosReporteAdministrativoService.php:8,33 [REF_ESTATICA]; app/Services/RoleDashboardResolver.php:15 [REF_ESTATICA]; app/Services/RolePermissionService.php:5,53 [REF_ESTATICA]; app/Services/StudentContextService.php:22 [REF_ESTATICA]; app/Support/InstitutionalRoleGovernance.php:21,28 [REF_ESTATICA]; app/Support/Personas/PersonaInteligente.php:661 [REF_ESTATICA]; app/Support/WorkspaceNavigation.php:54 [REF_ESTATICA]; database/seeders/AulaVirtual/AulaVirtualFlujoEstudianteSeeder.php:17,184,187,203 [REF_ESTATICA]; database/seeders/AulaVirtualPermissionSeeder.php:22 [REF_ESTATICA]; database/seeders/DATOS/SoporteDatosBolivia.php:219,277,368,806 [REF_ESTATICA]; database/seeders/PersonalInstitucionalSeeder.php:49,98 [REF_ESTATICA]; database/seeders/Pruebas/PlanesAsignaturaInstitucionalesSeeder.php:7,19 [REF_ESTATICA]; database/seeders/RolSeeder.php:37 [REF_ESTATICA]; database/seeders/UsuarioAdminSeeder.php:35 [REF_ESTATICA]; resources/views/aula-virtual/componentes/course-card.blade.php:11,24 [REF_ESTATICA]; resources/views/aula-virtual/dashboard/docente.blade.php:3,11 [REF_ESTATICA]; resources/views/aula-virtual/layouts/topbar.blade.php:6 [REF_ESTATICA]; resources/views/livewire/admin/gestion-curso.blade.php:2615,2662,2999,3610 [REF_ESTATICA]; resources/views/livewire/admin/gestion-docente.blade.php:41 [REF_ESTATICA]; resources/views/livewire/admin/gestion-usuarios.blade.php:451,464 [REF_ESTATICA]; resources/views/livewire/admin/personal-institucional.blade.php:4,20,28,443,527,899,1497,1811 [REF_ESTATICA]; resources/views/livewire/admin/planes-asignatura.blade.php:35,64 [REF_ESTATICA]; resources/views/livewire/secretaria/cuentas.blade.php:23 [REF_ESTATICA]; resources/views/workspaces/calendario.blade.php:15 [REF_ESTATICA]; resources/views/workspaces/domain-boundary.blade.php:7 [REF_ESTATICA]; routes/aula_virtual.php:30,55 [REF_ESTATICA]; routes/docente.php:4,8 [REF_ESTATICA]; routes/workspace_domains.php:11,17 [REF_ESTATICA]; tests/Feature/Authorization/WorkspaceAuthorizationTest.php:58 [REF_ESTATICA]; tests/Feature/InstitutionalQueryInteractionTest.php:31 [REF_ESTATICA]; tests/Feature/KardexPreventiveDraftTest.php:29 [REF_ESTATICA]; tests/Feature/TeacherGradeSupportTest.php:23 [REF_ESTATICA]; tests/Feature/TeacherReportPdfTest.php:21 [REF_ESTATICA]; tests/Feature/WorkspaceHttpBoundaryTest.php:32,47,58 [REF_ESTATICA]; tests/Unit/AcademicSecurityTest.php:121 [REF_ESTATICA]; tests/Unit/InstitutionalRoleGovernanceTest.php:12 [REF_ESTATICA]; tests/Unit/InstitutionalScopeContractTest.php:6,62,64 [REF_ESTATICA]; tests/Unit/KardexBoundaryTest.php:60 [REF_ESTATICA]; tests/Unit/PreparedPersistenceBoundaryTest.php:62,63 [REF_ESTATICA]; tests/Unit/RoleDashboardResolverTest.php:42,51 [REF_ESTATICA]; tests/Unit/WorkspaceIntegrityTest.php:69 [REF_ESTATICA]; tests/Unit/WorkspaceRoutesTest.php:25 [REF_ESTATICA]","app/Http/Controllers/AulaVirtual/ReporteAulaVirtualController.php:36 [REF_ESTATICA] [CANDIDATO; verificar método/alias]; app/Http/Controllers/Docente/CalificacionCursoController.php:3 [REF_ESTATICA] [CANDIDATO; verificar método/alias]; app/Livewire/Admin/GestionCurso.php:1999,2012,3144,3152,3189,3199,3507,3539 [REF_ESTATICA] [CANDIDATO; verificar método/alias]; app/Livewire/Admin/GestionUsuarios.php:7,41,590,808,1044,1171 [REF_ESTATICA] [CANDIDATO; verificar método/alias]; app/Livewire/Admin/PersonalInstitucional.php:7,46,372,374,481,523,579,691,743,760,818,819,1000,1003,1028,1095,1096,1097,1107 [REF_ESTATICA] [CANDIDATO; verificar método/alias]; app/Livewire/Admin/PlanesAsignatura.php:7,156 [REF_ESTATICA] [CANDIDATO; verificar método/alias]; app/Livewire/Shared/TeacherGradeForm.php:35 [REF_ESTATICA] [CANDIDATO; verificar método/alias]; app/Models/AulaVirtual/AsistenciaClase.php:5,69 [REF_ESTATICA] [CANDIDATO; verificar método/alias]; app/Models/AulaVirtual/CalificacionTarea.php:5,77 [REF_ESTATICA] [CANDIDATO; verificar método/alias]; app/Models/AulaVirtual/Tarea.php:5,71 [REF_ESTATICA] [CANDIDATO; verificar método/alias]; app/Services/AulaVirtual/AsistenciaService.php:9,18 [REF_ESTATICA] [CANDIDATO; verificar método/alias]; app/Services/AulaVirtual/EntregaService.php:10,72 [REF_ESTATICA] [CANDIDATO; verificar método/alias]; app/Services/AulaVirtual/TareaService.php:8,19 [REF_ESTATICA] [CANDIDATO; verificar método/alias]; app/Services/GradeService.php:38,57,72,111 [REF_ESTATICA] [CANDIDATO; verificar método/alias]; app/Services/Kardex/KardexService.php:42 [REF_ESTATICA] [CANDIDATO; verificar método/alias]; app/Services/OperationalAccountService.php:5,19,59 [REF_ESTATICA] [CANDIDATO; verificar método/alias]; app/Services/RolePermissionService.php:5,53 [REF_ESTATICA] [CANDIDATO; verificar método/alias]; database/seeders/AulaVirtual/AulaVirtualFlujoEstudianteSeeder.php:17,184,187,203 [REF_ESTATICA] [CANDIDATO; verificar método/alias]; database/seeders/AulaVirtualPermissionSeeder.php:22 [REF_ESTATICA] [CANDIDATO; verificar método/alias]; database/seeders/DATOS/SoporteDatosBolivia.php:219,277,368,806 [REF_ESTATICA] [CANDIDATO; verificar método/alias]; database/seeders/Pruebas/PlanesAsignaturaInstitucionalesSeeder.php:7,19 [REF_ESTATICA] [CANDIDATO; verificar método/alias]; database/seeders/RolSeeder.php:37 [REF_ESTATICA] [CANDIDATO; verificar método/alias]; database/seeders/UsuarioAdminSeeder.php:35 [REF_ESTATICA] [CANDIDATO; verificar método/alias]; tests/Unit/AcademicSecurityTest.php:121 [REF_ESTATICA] [CANDIDATO; verificar método/alias]; tests/Unit/KardexBoundaryTest.php:60 [REF_ESTATICA] [CANDIDATO; verificar método/alias]; tests/Unit/PreparedPersistenceBoundaryTest.php:62,63 [REF_ESTATICA] [CANDIDATO; verificar método/alias]; tests/Unit/RoleDashboardResolverTest.php:42,51 [REF_ESTATICA] [CANDIDATO; verificar método/alias]; tests/Unit/WorkspaceIntegrityTest.php:69 [REF_ESTATICA] [CANDIDATO; verificar método/alias]",cod_doc,1,PRIMARY:cod_doc,Hechos y relaciones vigentes; conservar estados y referencias,num_mod_doc,No duplicidad confirmada; ver decisiones de dominio,CONSERVAR_Y_MEJORAR,Conservar entidad por atributos y FK de planes; decidir unicidad cod_pin y contador de modificaciones,Ver hallazgos DB-001..DB-020 y restricciones de eliminación,HISTORICA_DECLARADA,database/migrations/2026_04_09_033050_create_docente_table.php,7,created_at; esp_doc; updated_at,est_doc=ACTIVO; num_mod_doc=0,,NO; no SoftDeletes declarado,STATUS_BASED,app/Livewire/Admin/GestionDocente.php,V001; V002; V003; V004; V006; V008; V014; V016; V017; V019; V020; V022; V023; V024; V025; V027; V028; V029; V030; V031; V032; V033; V034; V035; V036; V037; V038; V039; V040; V041; V042; V044; V045; V048; V051; V053; V054; V055; V058; V060; V061; V062; V063; V064; V065; V066; V067; V068; V070; V071; V072; V073; V074; V075; V076; V077; V078; V079; V080; V081; V082; V083; V084; V085; V087; V088; V089; V090; V091; V092; V093; V094; V095; V096; V097; V098; V099; V100; V101; V102; V103; V104,"Declaración estática; callers candidatos, no runtime; ventanas por dependencia/transversal"
documento_inscripcion_estudiante,DocumentoInscripcionEstudiante,ACADÉMICO; AUDITORÍA,"Requisito documental, recepción y archivo privado","app/Http/Controllers/EnrollmentDocumentController.php:5,19,28 [REF_ESTATICA]; app/Livewire/Admin/GestionInscripciones.php:6,1779,1787,1797,2352,2359,2388,2396,2417,2436,2507,2514,2524,2530 [REF_ESTATICA]; app/Models/InscripcionEstudiante.php:110,115,121 [REF_ESTATICA]; app/Policies/DocumentoInscripcionEstudiantePolicy.php:5,12 [REF_ESTATICA]; app/Providers/AppServiceProvider.php:16,69 [REF_ESTATICA]; app/Support/Academico/InscripcionAcademica.php:2783,2804,2817 [REF_ESTATICA]","app/Livewire/Admin/GestionInscripciones.php:6,1779,1787,1797,2352,2359,2388,2396,2417,2436,2507,2514,2524,2530 [REF_ESTATICA] [CANDIDATO; verificar método/alias]",cod_die,1,INDEX:cod_ins; INDEX:est_die; INDEX:fec_lim_die; INDEX:fec_pre_die; INDEX:obl_die; INDEX:tip_die; PRIMARY:cod_die,Historial oficial; preservar contexto/rectificación,Sin cálculo materializado identificado,No duplicidad confirmada; ver decisiones de dominio,CONSERVAR_Y_MEJORAR,"Metadatos en BD, bytes en storage privado; comprobación humana no OCR inventado",Ver hallazgos DB-001..DB-020 y restricciones de eliminación,HISTORICA_DECLARADA,database/migrations/2026_05_19_001028_create_documento_inscripcion_estudiante_table.php,15,created_at; fec_lim_die; fec_pre_die; for_die; has_die; obs_die; rut_die; tam_die; updated_at,est_die=PENDIENTE; obl_die=False; tip_die=GENERAL,"documento_inscripcion_est_check: est_die IN (
                'PENDIENTE',
                'PRESENTADO',
                'OBSERVADO',
                'VALIDADO',
                'NO_APLICA',
                'VENCIDO',
                'ANULADO'
            ); documento_inscripcion_fechas_check: fec_pre_die IS NULL
                OR fec_lim_die IS NULL
                OR fec_pre_die >= fec_lim_die
                OR est_die IN ('PRESENTADO', 'VALIDADO', 'OBSERVADO'); documento_inscripcion_for_check: for_die IS NULL
                OR for_die IN ('PDF', 'JPG', 'JPEG', 'PNG', 'DOCX', 'XLSX', 'ZIP'); documento_inscripcion_tip_check: tip_die IN (
                'IDENTIDAD',
                'RUDE',
                'VACUNAS',
                'ACADEMICO',
                'TRASLADO',
                'EXTERIOR',
                'VULNERABILIDAD',
                'ESPECIALIDAD',
                'AUTORIZACION',
                'GENERAL'
            )",NO; no SoftDeletes declarado,STATUS_BASED,Gestión Inscripciones y descarga autorizada,V001; V005; V012; V017; V019; V022; V023; V024; V025; V027; V028; V029; V030; V031; V032; V033; V034; V035; V036; V037; V038; V039; V040; V041; V044; V046; V047; V048; V051; V053; V055; V058; V060; V061; V062; V063; V064; V065; V066; V068; V070; V072; V073; V074; V075; V076; V077; V078; V079; V080; V082; V083; V087; V089; V090; V091; V092; V093; V094; V095; V098,"Declaración estática; callers candidatos, no runtime; ventanas por dependencia/transversal"
entrega_archivo,EntregaArchivo,LMS,Entrega individual y archivos adjuntos,"app/Http/Controllers/AulaVirtual/EntregaController.php:6,69 [REF_ESTATICA]; app/Models/AulaVirtual/EntregaTarea.php:68 [REF_ESTATICA]; app/Services/AulaVirtual/EntregaService.php:7,53 [REF_ESTATICA]","app/Models/AulaVirtual/EntregaTarea.php:68 [REF_ESTATICA] [CANDIDATO; verificar método/alias]; app/Services/AulaVirtual/EntregaService.php:7,53 [REF_ESTATICA] [CANDIDATO; verificar método/alias]",cod_ent_arc,1,"INDEX:cod_ent; INDEX:cod_ent,est_arc; INDEX:est_arc; INDEX:mime_arc; PRIMARY:cod_ent_arc",Hechos y relaciones vigentes; conservar estados y referencias,Sin cálculo materializado identificado,No duplicidad confirmada; ver decisiones de dominio,CONSERVAR_Y_MEJORAR,Una entrega lógica por tarea/estudiante; preservar revisión/reenviados y archivos; no limpieza destructiva,Ver hallazgos DB-001..DB-020 y restricciones de eliminación,HISTORICA_DECLARADA,database/migrations/aula_virtual/2026_05_17_083830_create_entrega_archivo_table.php,9,created_at; mime_arc; tam_arc; updated_at,est_arc=ACTIVO,"est_arc_check: est_arc IN ['ACTIVO', 'ANULADO']",NO; no SoftDeletes declarado,STATUS_BASED,EntregaService,V016; V017; V022; V024; V025; V027; V028; V035; V036; V038; V042; V044; V054; V055; V058; V063; V064; V066; V067; V070; V071; V072; V073; V074; V075; V076; V077; V078; V079; V080; V081; V082; V083; V084; V085; V087; V088; V089; V090; V091; V092; V093; V094; V095; V096; V097; V098; V099; V100; V101; V102; V103; V104,"Declaración estática; callers candidatos, no runtime; ventanas por dependencia/transversal"
entrega_tarea,EntregaTarea,LMS,Entrega individual y archivos adjuntos,"app/Http/Controllers/AulaVirtual/EntregaController.php:7,42,58 [REF_ESTATICA]; app/Http/Controllers/AulaVirtual/TareaController.php:6,52 [REF_ESTATICA]; app/Livewire/Shared/CourseWorkspace.php:6,142 [REF_ESTATICA]; app/Models/AulaVirtual/CalificacionTarea.php:62 [REF_ESTATICA]; app/Models/AulaVirtual/ClaseVirtual.php:90 [REF_ESTATICA]; app/Models/AulaVirtual/EntregaArchivo.php:51 [REF_ESTATICA]; app/Models/AulaVirtual/Tarea.php:81 [REF_ESTATICA]; app/Policies/AulaVirtualEntregaPolicy.php:5,11,27,32 [REF_ESTATICA]; app/Providers/AppServiceProvider.php:10,76 [REF_ESTATICA]; app/Services/AulaVirtual/CursoVirtualService.php:9,171,220,239 [REF_ESTATICA]; app/Services/AulaVirtual/EntregaService.php:8,21,38,39,72,80,101,108 [REF_ESTATICA]; app/Services/StudentContextService.php:6,49 [REF_ESTATICA]; database/seeders/AulaVirtual/AulaVirtualFlujoEstudianteSeeder.php:10,305 [REF_ESTATICA]; tests/Unit/AcademicSecurityTest.php:6,52,70,82 [REF_ESTATICA]; tests/Unit/SubmissionAuthorizationTest.php:6,17,19 [REF_ESTATICA]","app/Models/AulaVirtual/CalificacionTarea.php:62 [REF_ESTATICA] [CANDIDATO; verificar método/alias]; app/Models/AulaVirtual/EntregaArchivo.php:51 [REF_ESTATICA] [CANDIDATO; verificar método/alias]; app/Models/AulaVirtual/Tarea.php:81 [REF_ESTATICA] [CANDIDATO; verificar método/alias]; app/Services/AulaVirtual/EntregaService.php:8,21,38,39,72,80,101,108 [REF_ESTATICA] [CANDIDATO; verificar método/alias]; database/seeders/AulaVirtual/AulaVirtualFlujoEstudianteSeeder.php:10,305 [REF_ESTATICA] [CANDIDATO; verificar método/alias]; tests/Unit/AcademicSecurityTest.php:6,52,70,82 [REF_ESTATICA] [CANDIDATO; verificar método/alias]",cod_ent,2,"INDEX:cod_est; INDEX:cod_est,est_ent; INDEX:cod_tar; INDEX:cod_tar,cod_est; INDEX:cod_tar,est_ent; INDEX:est_ent; INDEX:fec_ent; PRIMARY:cod_ent; UNIQUE:cod_tar,cod_est",Hechos y relaciones vigentes; conservar estados y referencias,Sin cálculo materializado identificado,No duplicidad confirmada; ver decisiones de dominio,CONSERVAR_Y_MEJORAR,Una entrega lógica por tarea/estudiante; preservar revisión/reenviados y archivos; no limpieza destructiva,Ver hallazgos DB-001..DB-020 y restricciones de eliminación,HISTORICA_DECLARADA,database/migrations/2026_06_20_144115_add_unique_constraint_to_entrega_tarea_table.php; database/migrations/aula_virtual/2026_05_17_083829_create_entrega_tarea_table.php,9,created_at; fec_ent; obs_ent; tex_ent; updated_at,est_ent=PENDIENTE,"est_ent_check: est_ent IN ['PENDIENTE', 'ENTREGADO', 'ENTREGADO_TARDE', 'DEVUELTO', 'CALIFICADO', 'ANULADO']",NO; no SoftDeletes declarado,STATUS_BASED,EntregaService,V016; V017; V022; V023; V024; V025; V027; V028; V029; V030; V031; V032; V033; V034; V035; V036; V037; V038; V039; V040; V041; V042; V044; V051; V053; V054; V055; V058; V060; V061; V062; V063; V064; V065; V066; V067; V070; V071; V072; V073; V074; V075; V076; V077; V078; V079; V080; V081; V082; V083; V084; V085; V087; V088; V089; V090; V091; V092; V093; V094; V095; V096; V097; V098; V099; V100; V101; V102; V103; V104,"Declaración estática; callers candidatos, no runtime; ventanas por dependencia/transversal"
especialidad_tecnica,EspecialidadTecnica,ACADÉMICO; CONFIGURACIÓN,Catálogo curricular y técnico,"app/Http/Controllers/AdminDashboardController.php:9,42 [REF_ESTATICA]; app/Livewire/Admin/EspecialidadesTecnicas.php:5,11 [REF_ESTATICA]; app/Livewire/Admin/GestionEstudiantes.php:6,304,1504,1753 [REF_ESTATICA]; app/Livewire/Admin/PersonalInstitucional.php:8,1143 [REF_ESTATICA]; app/Livewire/Admin/ReportesAcademicos.php:7,100 [REF_ESTATICA]; app/Livewire/Admin/ReportesAdministrativos.php:9,41 [REF_ESTATICA]; app/Models/Estudiante.php:62 [REF_ESTATICA]; app/Models/InscripcionEstudiante.php:105 [REF_ESTATICA]; app/Models/PlanEspecialidad.php:47 [REF_ESTATICA]; app/Services/Reportes/DatosReporteAcademicoService.php:8,153,175 [REF_ESTATICA]; app/Services/Reportes/DatosReporteAdministrativoService.php:9,39 [REF_ESTATICA]; app/Support/Academico/EspecialidadTecnicaInteligente.php:5,14 [REF_ESTATICA]; app/Support/Academico/InscripcionAcademica.php:1726 [REF_ESTATICA]; database/seeders/AulaVirtual/AulaVirtualFlujoEstudianteSeeder.php:18,66 [REF_ESTATICA]; database/seeders/DATOS/SoporteDatosBolivia.php:124,265 [REF_ESTATICA]; database/seeders/EspecialidadTecnicaSeeder.php:15 [REF_ESTATICA]; tests/Unit/SupportPreventiveTest.php:5,205 [REF_ESTATICA]","app/Livewire/Admin/GestionEstudiantes.php:6,304,1504,1753 [REF_ESTATICA] [CANDIDATO; verificar método/alias]; app/Livewire/Admin/PersonalInstitucional.php:8,1143 [REF_ESTATICA] [CANDIDATO; verificar método/alias]; database/seeders/AulaVirtual/AulaVirtualFlujoEstudianteSeeder.php:18,66 [REF_ESTATICA] [CANDIDATO; verificar método/alias]; database/seeders/DATOS/SoporteDatosBolivia.php:124,265 [REF_ESTATICA] [CANDIDATO; verificar método/alias]; database/seeders/EspecialidadTecnicaSeeder.php:15 [REF_ESTATICA] [CANDIDATO; verificar método/alias]",cod_esp,0,PRIMARY:cod_esp,Hechos y relaciones vigentes; conservar estados y referencias,Sin cálculo materializado identificado,No duplicidad confirmada; ver decisiones de dominio,CONSERVAR_Y_MEJORAR,"Asignatura distinta de asignación anual; capacidad de especialidad pendiente, no inventar cupo",Ver hallazgos DB-001..DB-020 y restricciones de eliminación,HISTORICA_DECLARADA,database/migrations/2026_04_09_033046_create_especialidad_tecnica_table.php,6,created_at; des_esp; updated_at,est_esp=ACTIVO,,NO; no SoftDeletes declarado,STATUS_BASED,CRUD y Supports actuales,V001; V003; V004; V005; V012; V013; V016; V017; V018; V019; V020; V022; V023; V024; V025; V027; V028; V029; V030; V031; V032; V033; V034; V035; V036; V037; V038; V039; V040; V041; V042; V044; V046; V047; V051; V053; V054; V055; V058; V060; V061; V062; V063; V064; V065; V066; V067; V068; V070; V071; V072; V073; V074; V075; V076; V077; V078; V079; V080; V081; V082; V083; V084; V085; V087; V088; V089; V090; V091; V092; V093; V094; V095; V096; V097; V098; V099; V100; V101; V102; V103; V104,"Declaración estática; callers candidatos, no runtime; ventanas por dependencia/transversal"
estado_asistencia,EstadoAsistencia,ASISTENCIA; CONFIGURACIÓN,Estado y ponderación institucional de asistencia,"app/Http/Controllers/AulaVirtual/AsistenciaController.php:7,27 [REF_ESTATICA]; app/Models/AulaVirtual/AsistenciaEstudiante.php:71 [REF_ESTATICA]; app/Services/AulaVirtual/AsistenciaService.php:8,75 [REF_ESTATICA]; database/seeders/AulaVirtual/AulaVirtualFlujoEstudianteSeeder.php:11,310 [REF_ESTATICA]; database/seeders/AulaVirtualDatosSeeder.php:5,23 [REF_ESTATICA]","app/Models/AulaVirtual/AsistenciaEstudiante.php:71 [REF_ESTATICA] [CANDIDATO; verificar método/alias]; app/Services/AulaVirtual/AsistenciaService.php:8,75 [REF_ESTATICA] [CANDIDATO; verificar método/alias]; database/seeders/AulaVirtual/AulaVirtualFlujoEstudianteSeeder.php:11,310 [REF_ESTATICA] [CANDIDATO; verificar método/alias]; database/seeders/AulaVirtualDatosSeeder.php:5,23 [REF_ESTATICA] [CANDIDATO; verificar método/alias]",cod_est_asi,0,INDEX:afecta_asistencia; INDEX:est_est_asi; INDEX:requiere_observacion; PRIMARY:cod_est_asi; UNIQUE:abr_est_asi; UNIQUE:nom_est_asi,Historial oficial; preservar contexto/rectificación,Sin cálculo materializado identificado,No duplicidad confirmada; ver decisiones de dominio,CONSERVAR_Y_MEJORAR,"valor_porcentual configura política, MUST_PERSIST; porcentaje agregado del estudiante se deriva",Ver hallazgos DB-001..DB-020 y restricciones de eliminación,HISTORICA_DECLARADA,database/migrations/aula_virtual/2026_05_17_083832_create_estado_asistencia_table.php,11,color_est_asi; created_at; des_est_asi; updated_at,afecta_asistencia=True; est_est_asi=ACTIVO; requiere_observacion=False; valor_porcentual=0,"est_est_asi_check: est_est_asi IN ['ACTIVO', 'INACTIVO', 'ANULADO']",NO; no SoftDeletes declarado,STATUS_BASED,Gestión estados de asistencia / AsistenciaService lectura,V016; V017; V022; V023; V024; V025; V027; V028; V029; V030; V031; V032; V033; V034; V035; V036; V037; V038; V039; V040; V041; V042; V044; V051; V053; V054; V055; V058; V060; V061; V062; V063; V064; V065; V066; V067; V070; V071; V072; V073; V074; V075; V076; V077; V078; V079; V080; V081; V082; V083; V084; V085; V087; V088; V089; V090; V091; V092; V093; V094; V095; V096; V097; V098; V099; V100; V101; V102; V103; V104,"Declaración estática; callers candidatos, no runtime; ventanas por dependencia/transversal"
estudiante,Estudiante,IDENTIDAD; ACADÉMICO,Vínculo estudiantil y código RUD,"app/Contracts/KardexRepository.php:5,13 [REF_ESTATICA]; app/Http/Controllers/AdminDashboardController.php:10,39 [REF_ESTATICA]; app/Http/Controllers/AulaVirtual/AulaVirtualController.php:24 [REF_ESTATICA]; app/Http/Controllers/DomainBoundaryController.php:17,21 [REF_ESTATICA]; app/Http/Controllers/Estudiante/ExperienceController.php:3 [REF_ESTATICA]; app/Livewire/Admin/Calificaciones.php:7,191 [REF_ESTATICA]; app/Livewire/Admin/GestionEstudiantes.php:7,71,397,399,413,437,516,534,560,617,846,901,1431,1509,1544,1611,1614,1621,1668,1690,1691,1693,1709,1716,1721 [REF_ESTATICA]; app/Livewire/Admin/GestionInscripciones.php:149,690,2339 [REF_ESTATICA]; app/Livewire/Admin/GestionUsuarios.php:8,574,575,803,1024,1025,1128,1129 [REF_ESTATICA]; app/Livewire/Admin/ReportesAcademicos.php:8,99 [REF_ESTATICA]; app/Livewire/Admin/ReportesAdministrativos.php:10,37 [REF_ESTATICA]; app/Livewire/Admin/TipoVinculacionEstudiante.php:24 [REF_ESTATICA]; app/Livewire/AulaVirtual/Cursos/CursoDetalleEstudiante.php:9 [REF_ESTATICA]; app/Livewire/AulaVirtual/Cursos/MisAsignaturasEstudiante.php:9 [REF_ESTATICA]; app/Livewire/InstitutionalAuthorization.php:69 [REF_ESTATICA]; app/Livewire/Shared/AcademicSources.php:34 [REF_ESTATICA]; app/Livewire/Shared/CourseWorkspace.php:148,158,167 [REF_ESTATICA]; app/Livewire/Shared/StudyAssistant.php:28,43 [REF_ESTATICA]; app/Models/AulaVirtual/ActividadClase.php:5,65 [REF_ESTATICA]; app/Models/AulaVirtual/AsistenciaEstudiante.php:5,66 [REF_ESTATICA]; app/Models/AulaVirtual/CalificacionTarea.php:6,72 [REF_ESTATICA]; app/Models/AulaVirtual/ClaseEstudiante.php:5,62 [REF_ESTATICA]; app/Models/AulaVirtual/EntregaTarea.php:5,63 [REF_ESTATICA]; app/Models/AulaVirtual/OrientacionActividad.php:5,35 [REF_ESTATICA]; app/Models/AulaVirtual/OrientacionRespuesta.php:5,36 [REF_ESTATICA]; app/Models/AulaVirtual/OrientacionResultado.php:5,46 [REF_ESTATICA]; app/Models/Calificacion.php:49 [REF_ESTATICA]; app/Models/EspecialidadTecnica.php:40 [REF_ESTATICA]; app/Models/InscripcionEstudiante.php:80,133 [REF_ESTATICA]; app/Models/InstitucionProcedencia.php:45 [REF_ESTATICA]; app/Models/MetaAcademica.php:26 [REF_ESTATICA]; app/Models/Role.php:10 [REF_ESTATICA]; app/Models/SeguimientoAcademico.php:30 [REF_ESTATICA]; app/Models/TipoVinculacionEstudiante.php:44 [REF_ESTATICA]; app/Policies/EstudiantePolicy.php:5,12,17 [REF_ESTATICA]; app/Policies/KardexPolicy.php:5,13,18,24 [REF_ESTATICA]; app/Policies/MetaAcademicaPolicy.php:14 [REF_ESTATICA]; app/Providers/AppServiceProvider.php:17,65 [REF_ESTATICA]; app/Services/AcademicAccessService.php:7,17,22,31,71,126 [REF_ESTATICA]; app/Services/AcademicGoalService.php:22,34,71,81 [REF_ESTATICA]; app/Services/AulaVirtual/CursoVirtualService.php:13,23,25,29,114,266,295,308 [REF_ESTATICA]; app/Services/AulaVirtual/EntregaService.php:11,21 [REF_ESTATICA]; app/Services/AulaVirtual/OrientacionService.php:9,39,62 [REF_ESTATICA]; app/Services/AulaVirtual/UnitContentService.php:20,29 [REF_ESTATICA]; app/Services/CalendarService.php:28,47,55 [REF_ESTATICA]; app/Services/InstitutionalQueryService.php:11,27,28,32,33,34 [REF_ESTATICA]; app/Services/Kardex/KardexService.php:6,22,30 [REF_ESTATICA]; app/Services/Kardex/ScopedKardexRepository.php:6,26,34,56 [REF_ESTATICA]; app/Services/Kardex/UnavailableKardexRepository.php:6,16 [REF_ESTATICA]; app/Services/OperationalAccountService.php:6,19,57,58 [REF_ESTATICA]; app/Services/Reportes/DatosReporteAcademicoService.php:9 [REF_ESTATICA]; app/Services/Reportes/DatosReporteAdministrativoService.php:10,31,32 [REF_ESTATICA]; app/Services/Reportes/DatosReporteVocacionalService.php:6 [REF_ESTATICA]; app/Services/RoleDashboardResolver.php:16 [REF_ESTATICA]; app/Services/RolePermissionService.php:6,51,52 [REF_ESTATICA]; app/Services/StudentContextService.php:7,21,26 [REF_ESTATICA]; app/Support/Academico/InscripcionAcademica.php:362,1155,1157,1896,2347 [REF_ESTATICA]; app/Support/Comunidad/TipoVinculacionEstudianteInteligente.php:17 [REF_ESTATICA]; app/Support/InstitutionalRoleGovernance.php:22 [REF_ESTATICA]; app/Support/Personas/PersonaInteligente.php:522 [REF_ESTATICA]; app/Support/WorkspaceNavigation.php:60 [REF_ESTATICA]; database/seeders/AulaVirtual/AulaVirtualFlujoEstudianteSeeder.php:19,63,71,95 [REF_ESTATICA]; database/seeders/AulaVirtualPermissionSeeder.php:17 [REF_ESTATICA]; database/seeders/DATOS/SoporteDatosBolivia.php:219,320,654,674,765,766 [REF_ESTATICA]; database/seeders/Pruebas/CalificacionesInstitucionalesSeeder.php:7,16 [REF_ESTATICA]; database/seeders/RolSeeder.php:42 [REF_ESTATICA]; database/seeders/TipoVinculacionSeeder.php:19,27,35 [REF_ESTATICA]; database/seeders/UsuarioAdminSeeder.php:49,63,70,77,84,91,98,105,112,119,126,133,140,147,154,161 [REF_ESTATICA]; resources/views/aula-virtual/asistencia/registrar.blade.php:39 [REF_ESTATICA]; resources/views/aula-virtual/dashboard/estudiante.blade.php:11 [REF_ESTATICA]; resources/views/aula-virtual/layouts/topbar.blade.php:6 [REF_ESTATICA]; resources/views/aula-virtual/orientacion/seguimiento-docente.blade.php:13 [REF_ESTATICA]; resources/views/aula-virtual/tareas/revisar.blade.php:14,36 [REF_ESTATICA]; resources/views/docente/calificaciones.blade.php:20 [REF_ESTATICA]; resources/views/livewire/admin/calificaciones.blade.php:30,58 [REF_ESTATICA]; resources/views/livewire/admin/gestion-estudiantes.blade.php:603 [REF_ESTATICA]; resources/views/livewire/admin/gestion-inscripciones.blade.php:917,939,1241,1620,2431 [REF_ESTATICA]; resources/views/livewire/admin/gestion-usuarios.blade.php:450,465 [REF_ESTATICA]; resources/views/livewire/admin/reportes-academicos.blade.php:356 [REF_ESTATICA]; resources/views/livewire/secretaria/cuentas.blade.php:22 [REF_ESTATICA]; resources/views/livewire/shared/teacher-grade-form.blade.php:7 [REF_ESTATICA]; resources/views/pdf/reportes/calificaciones.blade.php:44 [REF_ESTATICA]; resources/views/pdf/reportes/estudiantes-riesgo.blade.php:62 [REF_ESTATICA]; resources/views/pdf/reportes/institucional-completo.blade.php:137,175 [REF_ESTATICA]; resources/views/workspaces/calendario.blade.php:15 [REF_ESTATICA]; resources/views/workspaces/documentacion.blade.php:7 [REF_ESTATICA]; routes/aula_virtual.php:30,36 [REF_ESTATICA]; routes/estudiante.php:4,8 [REF_ESTATICA]; routes/workspace_domains.php:11,17 [REF_ESTATICA]; tests/Feature/AcademicGoalDraftTest.php:18 [REF_ESTATICA]; tests/Feature/Authorization/WorkspaceAuthorizationTest.php:22,59 [REF_ESTATICA]; tests/Feature/InstitutionalQueryInteractionTest.php:31 [REF_ESTATICA]; tests/Feature/SpecializedSupportBoundaryTest.php:7,22,26 [REF_ESTATICA]; tests/Feature/SupportLivewireIntegrationTest.php:101 [REF_ESTATICA]; tests/Feature/WorkspaceHttpBoundaryTest.php:33,59 [REF_ESTATICA]; tests/Unit/AcademicSecurityTest.php:11,110 [REF_ESTATICA]; tests/Unit/AuthorizationBoundariesTest.php:10,33,44,47,50,51 [REF_ESTATICA]; tests/Unit/InstitutionalRoleGovernanceTest.php:12 [REF_ESTATICA]; tests/Unit/InstitutionalScopeContractTest.php:7,48,50,75 [REF_ESTATICA]; tests/Unit/KardexBoundaryTest.php:6,25,40,53,65 [REF_ESTATICA]; tests/Unit/NotificationBoundaryTest.php:16 [REF_ESTATICA]; tests/Unit/PreparedPersistenceBoundaryTest.php:38,48 [REF_ESTATICA]; tests/Unit/RoleDashboardResolverTest.php:43,66 [REF_ESTATICA]; tests/Unit/SubmissionAuthorizationTest.php:8,27,38 [REF_ESTATICA]; tests/Unit/WorkspaceIntegrityTest.php:11,39,57,60,74,79 [REF_ESTATICA]","app/Livewire/Admin/Calificaciones.php:7,191 [REF_ESTATICA] [CANDIDATO; verificar método/alias]; app/Livewire/Admin/GestionEstudiantes.php:7,71,397,399,413,437,516,534,560,617,846,901,1431,1509,1544,1611,1614,1621,1668,1690,1691,1693,1709,1716,1721 [REF_ESTATICA] [CANDIDATO; verificar método/alias]; app/Livewire/Admin/GestionInscripciones.php:149,690,2339 [REF_ESTATICA] [CANDIDATO; verificar método/alias]; app/Livewire/Admin/GestionUsuarios.php:8,574,575,803,1024,1025,1128,1129 [REF_ESTATICA] [CANDIDATO; verificar método/alias]; app/Models/AulaVirtual/AsistenciaEstudiante.php:5,66 [REF_ESTATICA] [CANDIDATO; verificar método/alias]; app/Models/AulaVirtual/CalificacionTarea.php:6,72 [REF_ESTATICA] [CANDIDATO; verificar método/alias]; app/Models/AulaVirtual/ClaseEstudiante.php:5,62 [REF_ESTATICA] [CANDIDATO; verificar método/alias]; app/Models/AulaVirtual/EntregaTarea.php:5,63 [REF_ESTATICA] [CANDIDATO; verificar método/alias]; app/Services/AcademicGoalService.php:22,34,71,81 [REF_ESTATICA] [CANDIDATO; verificar método/alias]; app/Services/AulaVirtual/EntregaService.php:11,21 [REF_ESTATICA] [CANDIDATO; verificar método/alias]; app/Services/AulaVirtual/OrientacionService.php:9,39,62 [REF_ESTATICA] [CANDIDATO; verificar método/alias]; app/Services/Kardex/KardexService.php:6,22,30 [REF_ESTATICA] [CANDIDATO; verificar método/alias]; app/Services/OperationalAccountService.php:6,19,57,58 [REF_ESTATICA] [CANDIDATO; verificar método/alias]; app/Services/RolePermissionService.php:6,51,52 [REF_ESTATICA] [CANDIDATO; verificar método/alias]; database/seeders/AulaVirtual/AulaVirtualFlujoEstudianteSeeder.php:19,63,71,95 [REF_ESTATICA] [CANDIDATO; verificar método/alias]; database/seeders/AulaVirtualPermissionSeeder.php:17 [REF_ESTATICA] [CANDIDATO; verificar método/alias]; database/seeders/DATOS/SoporteDatosBolivia.php:219,320,654,674,765,766 [REF_ESTATICA] [CANDIDATO; verificar método/alias]; database/seeders/Pruebas/CalificacionesInstitucionalesSeeder.php:7,16 [REF_ESTATICA] [CANDIDATO; verificar método/alias]; database/seeders/RolSeeder.php:42 [REF_ESTATICA] [CANDIDATO; verificar método/alias]; database/seeders/TipoVinculacionSeeder.php:19,27,35 [REF_ESTATICA] [CANDIDATO; verificar método/alias]; database/seeders/UsuarioAdminSeeder.php:49,63,70,77,84,91,98,105,112,119,126,133,140,147,154,161 [REF_ESTATICA] [CANDIDATO; verificar método/alias]; tests/Unit/AcademicSecurityTest.php:11,110 [REF_ESTATICA] [CANDIDATO; verificar método/alias]; tests/Unit/AuthorizationBoundariesTest.php:10,33,44,47,50,51 [REF_ESTATICA] [CANDIDATO; verificar método/alias]; tests/Unit/KardexBoundaryTest.php:6,25,40,53,65 [REF_ESTATICA] [CANDIDATO; verificar método/alias]; tests/Unit/PreparedPersistenceBoundaryTest.php:38,48 [REF_ESTATICA] [CANDIDATO; verificar método/alias]; tests/Unit/RoleDashboardResolverTest.php:43,66 [REF_ESTATICA] [CANDIDATO; verificar método/alias]; tests/Unit/WorkspaceIntegrityTest.php:11,39,57,60,74,79 [REF_ESTATICA] [CANDIDATO; verificar método/alias]",cod_est,4,PRIMARY:cod_est; UNIQUE:rud_est,Hechos y relaciones vigentes; conservar estados y referencias,Sin cálculo materializado identificado,cod_esp: Especialidad global puede diferir de inscripción por gestión; no reemplazar automáticamente,CONSERVAR_Y_MEJORAR,Separar identidad de inscripción anual; cod_esp es dato legacy frente a especialidad por inscripción,Ver hallazgos DB-001..DB-020 y restricciones de eliminación,HISTORICA_DECLARADA,database/migrations/2026_04_09_033060_create_estudiante_table.php,9,cod_esp; cod_ipe; created_at; updated_at,est_est=ACTIVO,,NO; no SoftDeletes declarado,STATUS_BASED,CRUD estudiantil y Gestión Inscripciones,V001; V002; V003; V004; V005; V012; V013; V016; V017; V018; V019; V020; V022; V023; V024; V025; V027; V028; V029; V030; V031; V032; V033; V034; V035; V036; V037; V038; V039; V040; V041; V042; V044; V045; V046; V047; V048; V049; V050; V051; V053; V054; V055; V058; V060; V061; V062; V063; V064; V065; V066; V067; V068; V070; V071; V072; V073; V074; V075; V076; V077; V078; V079; V080; V081; V082; V083; V084; V085; V087; V088; V089; V090; V091; V092; V093; V094; V095; V096; V097; V098; V099; V100; V101; V102; V103; V104,"Declaración estática; callers candidatos, no runtime; ventanas por dependencia/transversal"
failed_jobs,SIN MODEL APP; no implica desuso,CORE,"Cola, lotes y fallos de ejecución",Framework Queue [framework indirecto],Framework Queue [framework indirecto],id,0,PRIMARY:id; UNIQUE:uuid,Hechos y relaciones vigentes; conservar estados y referencias,Sin cálculo materializado identificado,No duplicidad confirmada; ver decisiones de dominio,CONSERVAR,"Retención técnica, payload sin secretos; no almacenar hechos oficiales aquí",Ver hallazgos DB-001..DB-020 y restricciones de eliminación,HISTORICA_DECLARADA,database/migrations/0001_01_01_000002_create_jobs_table.php,7,,failed_at=CURRENT_TIMESTAMP; id=AUTO_SEQUENCE (Blueprint),,NO; no SoftDeletes declarado,HARD_DELETE_ALLOWED (TTL/retención),Framework Queue,,"Declaración estática; callers candidatos, no runtime; ventanas por dependencia/transversal"
gestion_academica,GestionAcademica,ACADÉMICO; CALENDARIO,Año/gestión y límites institucionales de fecha,"app/Http/Controllers/AdminDashboardController.php:11,30 [REF_ESTATICA]; app/Livewire/Admin/AsignacionesRegencia.php:6,24,50 [REF_ESTATICA]; app/Livewire/Admin/Calificaciones.php:8,187 [REF_ESTATICA]; app/Livewire/Admin/GestionAcademica.php:16,263,357,370,461,474,543,556,666,746,803,853,1221,1326,1337,1428 [REF_ESTATICA]; app/Livewire/Admin/GestionCurso.php:1883,3420,3437 [REF_ESTATICA]; app/Livewire/Admin/GestionEstudiantes.php:8,366,774,1763 [REF_ESTATICA]; app/Livewire/Admin/GestionInscripciones.php:2341 [REF_ESTATICA]; app/Livewire/Admin/GestionTurnos.php:1575,1581 [REF_ESTATICA]; app/Livewire/Admin/PersonalInstitucional.php:9,293,295,1159 [REF_ESTATICA]; app/Livewire/Admin/PlanesAsignatura.php:8,160 [REF_ESTATICA]; app/Livewire/InstitutionalAuthorization.php:18 [REF_ESTATICA]; app/Models/AulaVirtual/OrientacionActividad.php:6,40 [REF_ESTATICA]; app/Models/CalendarioEvento.php:28 [REF_ESTATICA]; app/Models/Horario.php:73 [REF_ESTATICA]; app/Models/InscripcionEstudiante.php:85 [REF_ESTATICA]; app/Models/MetaAcademica.php:31 [REF_ESTATICA]; app/Models/PlanAsignatura.php:74 [REF_ESTATICA]; app/Models/PlanEspecialidad.php:72 [REF_ESTATICA]; app/Models/RegenteAsignacion.php:14 [REF_ESTATICA]; app/Models/RespaldoGestionAcademica.php:58 [REF_ESTATICA]; app/Models/SeguimientoAcademico.php:40 [REF_ESTATICA]; app/Services/InstitutionalDashboardService.php:8,24 [REF_ESTATICA]; app/Services/InstitutionalQueryService.php:12,25,159 [REF_ESTATICA]; app/Support/Academico/GestionAcademicaInteligente.php:1022,1030,1041,1053 [REF_ESTATICA]; app/Support/Academico/InscripcionAcademica.php:171,177,380,1898,2380 [REF_ESTATICA]; app/Support/Academico/TurnoInteligente.php:915,924 [REF_ESTATICA]; database/seeders/AulaVirtual/AulaVirtualFlujoEstudianteSeeder.php:20,129 [REF_ESTATICA]; database/seeders/Pruebas/PlanesAsignaturaInstitucionalesSeeder.php:8,23 [REF_ESTATICA]; tests/Feature/Authorization/AcademicContextTest.php:54 [REF_ESTATICA]; tests/Unit/AcademicPeriodPresentationTest.php:5,21,33 [REF_ESTATICA]","app/Livewire/Admin/Calificaciones.php:8,187 [REF_ESTATICA] [CANDIDATO; verificar método/alias]; app/Livewire/Admin/GestionAcademica.php:16,263,357,370,461,474,543,556,666,746,803,853,1221,1326,1337,1428 [REF_ESTATICA] [CANDIDATO; verificar método/alias]; app/Livewire/Admin/GestionCurso.php:1883,3420,3437 [REF_ESTATICA] [CANDIDATO; verificar método/alias]; app/Livewire/Admin/GestionEstudiantes.php:8,366,774,1763 [REF_ESTATICA] [CANDIDATO; verificar método/alias]; app/Livewire/Admin/GestionInscripciones.php:2341 [REF_ESTATICA] [CANDIDATO; verificar método/alias]; app/Livewire/Admin/GestionTurnos.php:1575,1581 [REF_ESTATICA] [CANDIDATO; verificar método/alias]; app/Livewire/Admin/PersonalInstitucional.php:9,293,295,1159 [REF_ESTATICA] [CANDIDATO; verificar método/alias]; app/Livewire/Admin/PlanesAsignatura.php:8,160 [REF_ESTATICA] [CANDIDATO; verificar método/alias]; app/Support/Academico/GestionAcademicaInteligente.php:1022,1030,1041,1053 [REF_ESTATICA] [CANDIDATO; verificar método/alias]; app/Support/Academico/TurnoInteligente.php:915,924 [REF_ESTATICA] [CANDIDATO; verificar método/alias]; database/seeders/AulaVirtual/AulaVirtualFlujoEstudianteSeeder.php:20,129 [REF_ESTATICA] [CANDIDATO; verificar método/alias]; database/seeders/Pruebas/PlanesAsignaturaInstitucionalesSeeder.php:8,23 [REF_ESTATICA] [CANDIDATO; verificar método/alias]; tests/Feature/Authorization/AcademicContextTest.php:54 [REF_ESTATICA] [CANDIDATO; verificar método/alias]",cod_gea,0,PRIMARY:cod_gea,Hechos y relaciones vigentes; conservar estados y referencias,Sin cálculo materializado identificado,No duplicidad confirmada; ver decisiones de dominio,CONSERVAR_Y_MEJORAR,"Conservar cada gestión, fechas y cierre; parametrizar hechos, no propuestas automáticas",Ver hallazgos DB-001..DB-020 y restricciones de eliminación,HISTORICA_DECLARADA,database/migrations/2026_04_09_033044_create_gestion_academica_table.php,7,created_at; ffi_gea; fii_gea; updated_at,est_gea=ACTIVO,,NO; no SoftDeletes declarado,STATUS_BASED,Gestión académica / GestionAcademicaInteligente prevención,V001; V004; V005; V006; V007; V008; V011; V012; V014; V016; V017; V019; V022; V023; V024; V025; V027; V028; V029; V030; V031; V032; V033; V034; V035; V036; V037; V038; V039; V040; V041; V042; V044; V046; V047; V051; V053; V054; V055; V058; V059; V060; V061; V062; V063; V064; V065; V066; V067; V068; V070; V071; V072; V073; V074; V075; V076; V077; V078; V079; V080; V081; V082; V083; V084; V085; V087; V088; V089; V090; V091; V092; V093; V094; V095; V096; V097; V098; V099; V100; V101; V102; V103; V104,"Declaración estática; callers candidatos, no runtime; ventanas por dependencia/transversal"
horario,Horario,ACADÉMICO; CALENDARIO,"Plantilla, cabecera anual, bloques y celdas horarias","app/Livewire/Admin/GestionCurso.php:2342,2379,2423,2446,2600,2806,2927,2972,2996,3009,3042 [REF_ESTATICA]; app/Livewire/Admin/GestionTurnos.php:1428,1436,1552,1931 [REF_ESTATICA]; app/Models/GestionAcademica.php:60 [REF_ESTATICA]; app/Models/HorarioDetalle.php:65 [REF_ESTATICA]; app/Models/PlantillaHoraria.php:92,97 [REF_ESTATICA]; app/Support/Academico/GestionAcademicaInteligente.php:1180 [REF_ESTATICA]; app/Support/Academico/InscripcionAcademica.php:1781 [REF_ESTATICA]; app/Support/Academico/TurnoInteligente.php:1034,1044,1057,1803 [REF_ESTATICA]; resources/views/livewire/admin/gestion-curso.blade.php:644,698,2806,3302 [REF_ESTATICA]; resources/views/livewire/admin/gestion-turnos.blade.php:1950 [REF_ESTATICA]","app/Livewire/Admin/GestionCurso.php:2342,2379,2423,2446,2600,2806,2927,2972,2996,3009,3042 [REF_ESTATICA] [CANDIDATO; verificar método/alias]; app/Livewire/Admin/GestionTurnos.php:1428,1436,1552,1931 [REF_ESTATICA] [CANDIDATO; verificar método/alias]; app/Support/Academico/GestionAcademicaInteligente.php:1180 [REF_ESTATICA] [CANDIDATO; verificar método/alias]; app/Support/Academico/TurnoInteligente.php:1034,1044,1057,1803 [REF_ESTATICA] [CANDIDATO; verificar método/alias]",cod_hor,4,"INDEX:cod_cur; INDEX:cod_gea; INDEX:cod_par; INDEX:cod_pho; INDEX:est_hor; PRIMARY:cod_hor; UNIQUE:cod_gea,cod_cur,cod_par,cod_pho",Hechos y relaciones vigentes; conservar estados y referencias,Sin cálculo materializado identificado,No duplicidad confirmada; ver decisiones de dominio,CONSERVAR_Y_MEJORAR,No duplicar turno/gestión en detalle; XOR plan curricular/técnico; revisar coherencia de bloque y alcance,Ver hallazgos DB-001..DB-020 y restricciones de eliminación,HISTORICA_DECLARADA,database/migrations/2026_05_05_201751_create_horarios_tables.php,9,created_at; obs_hor; updated_at,est_hor=ACTIVO,"horario_estado_check: est_hor IN ('ACTIVO', 'INACTIVO', 'PLANIFICADO', 'ARCHIVADO')",NO; no SoftDeletes declarado,STATUS_BASED,Gestión Horarios; Gestión Turnos / TurnoInteligente,V001; V004; V005; V007; V008; V011; V012; V014; V017; V023; V027; V028; V029; V030; V031; V032; V033; V034; V037; V039; V040; V041; V044; V046; V047; V051; V053; V058; V060; V061; V062; V065; V070; V087,"Declaración estática; callers candidatos, no runtime; ventanas por dependencia/transversal"
horario_bloque,HorarioBloque,ACADÉMICO; CALENDARIO,"Plantilla, cabecera anual, bloques y celdas horarias","app/Livewire/Admin/GestionCurso.php:2448,2808,2844,2910,3044 [REF_ESTATICA]; app/Livewire/Admin/GestionTurnos.php:675,805,814,963,988,1146,1157,1164,1171,1306,1353,1493,1514,1731,1779,1897,1910,1921,1943,2041 [REF_ESTATICA]; app/Models/AulaVirtual/AsistenciaClase.php:6,74 [REF_ESTATICA]; app/Models/HorarioDetalle.php:70 [REF_ESTATICA]; app/Models/PlantillaHoraria.php:77,84 [REF_ESTATICA]; app/Support/Academico/TurnoInteligente.php:362,1250,1456,1635,1688,1703,1717,1778,1796,1848,2677,2679,2696 [REF_ESTATICA]","app/Livewire/Admin/GestionCurso.php:2448,2808,2844,2910,3044 [REF_ESTATICA] [CANDIDATO; verificar método/alias]; app/Livewire/Admin/GestionTurnos.php:675,805,814,963,988,1146,1157,1164,1171,1306,1353,1493,1514,1731,1779,1897,1910,1921,1943,2041 [REF_ESTATICA] [CANDIDATO; verificar método/alias]; app/Models/AulaVirtual/AsistenciaClase.php:6,74 [REF_ESTATICA] [CANDIDATO; verificar método/alias]; app/Support/Academico/TurnoInteligente.php:362,1250,1456,1635,1688,1703,1717,1778,1796,1848,2677,2679,2696 [REF_ESTATICA] [CANDIDATO; verificar método/alias]",cod_hbl,1,"INDEX:cod_pho; INDEX:est_hbl; INDEX:num_hbl; INDEX:tip_hbl; PRIMARY:cod_hbl; UNIQUE:cod_pho,hor_ini_hbl,hor_fin_hbl; UNIQUE:cod_pho,num_hbl",Hechos y relaciones vigentes; conservar estados y referencias,Sin cálculo materializado identificado,No duplicidad confirmada; ver decisiones de dominio,CONSERVAR_Y_MEJORAR,No duplicar turno/gestión en detalle; XOR plan curricular/técnico; revisar coherencia de bloque y alcance,Ver hallazgos DB-001..DB-020 y restricciones de eliminación,HISTORICA_DECLARADA,database/migrations/2026_05_05_201751_create_horarios_tables.php,11,created_at; nom_hbl; obs_hbl; updated_at,est_hbl=ACTIVO; tip_hbl=CLASE,"horario_bloque_estado_check: est_hbl IN ('ACTIVO', 'INACTIVO'); horario_bloque_horas_check: hor_fin_hbl > hor_ini_hbl; horario_bloque_tipo_check: tip_hbl IN ('CLASE', 'RECREO', 'DESCANSO', 'FORMACION', 'SALIDA', 'OTRO')",NO; no SoftDeletes declarado,STATUS_BASED,Gestión Horarios; Gestión Turnos / TurnoInteligente,V008; V011; V016; V017; V022; V023; V024; V025; V027; V028; V029; V030; V031; V032; V033; V034; V035; V036; V037; V038; V039; V040; V041; V042; V044; V051; V053; V054; V055; V058; V060; V061; V062; V063; V064; V065; V066; V067; V070; V071; V072; V073; V074; V075; V076; V077; V078; V079; V080; V081; V082; V083; V084; V085; V087; V088; V089; V090; V091; V092; V093; V094; V095; V096; V097; V098; V099; V100; V101; V102; V103; V104,"Declaración estática; callers candidatos, no runtime; ventanas por dependencia/transversal"
horario_detalle,HorarioDetalle,ACADÉMICO; CALENDARIO,"Plantilla, cabecera anual, bloques y celdas horarias","app/Livewire/Admin/GestionAsignatura.php:925 [REF_ESTATICA]; app/Livewire/Admin/GestionCurso.php:993,1049,1054,1066,2378,2422,2445,2619,2805,3041 [REF_ESTATICA]; app/Livewire/Admin/GestionParalelo.php:444,457,471 [REF_ESTATICA]; app/Livewire/Admin/GestionTurnos.php:1951,1962 [REF_ESTATICA]; app/Models/Horario.php:62,67 [REF_ESTATICA]; app/Models/HorarioBloque.php:86,91 [REF_ESTATICA]; app/Support/Academico/TurnoInteligente.php:1826,1837,1857 [REF_ESTATICA]","app/Livewire/Admin/GestionAsignatura.php:925 [REF_ESTATICA] [CANDIDATO; verificar método/alias]; app/Livewire/Admin/GestionCurso.php:993,1049,1054,1066,2378,2422,2445,2619,2805,3041 [REF_ESTATICA] [CANDIDATO; verificar método/alias]; app/Livewire/Admin/GestionParalelo.php:444,457,471 [REF_ESTATICA] [CANDIDATO; verificar método/alias]; app/Livewire/Admin/GestionTurnos.php:1951,1962 [REF_ESTATICA] [CANDIDATO; verificar método/alias]; app/Support/Academico/TurnoInteligente.php:1826,1837,1857 [REF_ESTATICA] [CANDIDATO; verificar método/alias]",cod_hde,4,"INDEX:cod_hbl; INDEX:cod_hor; INDEX:cod_pas; INDEX:cod_pes; INDEX:dia_hde; INDEX:est_hde; PRIMARY:cod_hde; UNIQUE:cod_hor,cod_hbl,dia_hde",Hechos y relaciones vigentes; conservar estados y referencias,Sin cálculo materializado identificado,No duplicidad confirmada; ver decisiones de dominio,CONSERVAR_Y_MEJORAR,No duplicar turno/gestión en detalle; XOR plan curricular/técnico; revisar coherencia de bloque y alcance,Ver hallazgos DB-001..DB-020 y restricciones de eliminación,HISTORICA_DECLARADA,database/migrations/2026_05_05_201751_create_horarios_tables.php,11,aul_hde; cod_pas; cod_pes; created_at; obs_hde; updated_at,est_hde=ACTIVO,"horario_detalle_dia_check: dia_hde IN ('LUNES', 'MARTES', 'MIERCOLES', 'JUEVES', 'VIERNES'); horario_detalle_estado_check: est_hde IN ('ACTIVO', 'INACTIVO', 'SUSPENDIDO'); horario_detalle_plan_check: (cod_pas IS NOT NULL AND cod_pes IS NULL)
                OR
                (cod_pas IS NULL AND cod_pes IS NOT NULL)",NO; no SoftDeletes declarado,STATUS_BASED,Gestión Horarios; Gestión Turnos / TurnoInteligente,V008; V009; V010; V011; V052,"Declaración estática; callers candidatos, no runtime; ventanas por dependencia/transversal"
inscripcion_estudiante,InscripcionEstudiante,ACADÉMICO,Inscripción por estudiante y gestión con estado y decisiones administrativas,"app/Http/Controllers/AdminDashboardController.php:12,41 [REF_ESTATICA]; app/Livewire/Admin/GestionCurso.php:2101,2354 [REF_ESTATICA]; app/Livewire/Admin/GestionEstudiantes.php:9,793,826,1471,1640,1699 [REF_ESTATICA]; app/Livewire/Admin/GestionInscripciones.php:7,1403,1409,1416,1545,1645,1804,1874,1943,1967,1988,2338 [REF_ESTATICA]; app/Livewire/Admin/ReportesAdministrativos.php:11,39,70 [REF_ESTATICA]; app/Models/Curso.php:44 [REF_ESTATICA]; app/Models/DocumentoInscripcionEstudiante.php:63 [REF_ESTATICA]; app/Models/Estudiante.php:72 [REF_ESTATICA]; app/Models/GestionAcademica.php:45 [REF_ESTATICA]; app/Models/Paralelo.php:39 [REF_ESTATICA]; app/Policies/InscripcionEstudiantePolicy.php:5,13,21,28 [REF_ESTATICA]; app/Policies/OrientacionResultadoPolicy.php:6,24 [REF_ESTATICA]; app/Providers/AppServiceProvider.php:18,68 [REF_ESTATICA]; app/Services/AcademicAccessService.php:8,37,107 [REF_ESTATICA]; app/Services/AulaVirtual/CursoVirtualService.php:67,131 [REF_ESTATICA]; app/Services/GradeService.php:6,43,87,139 [REF_ESTATICA]; app/Services/InstitutionalDashboardService.php:9,26 [REF_ESTATICA]; app/Services/InstitutionalQueryService.php:13,32 [REF_ESTATICA]; app/Services/Kardex/ScopedKardexRepository.php:41 [REF_ESTATICA]; app/Services/RegencyReportService.php:6,19 [REF_ESTATICA]; app/Services/Reportes/DatosReporteAdministrativoService.php:11,34,61,78,93 [REF_ESTATICA]; app/Support/Academico/GestionAcademicaInteligente.php:1115 [REF_ESTATICA]; app/Support/Academico/InscripcionAcademica.php:231,318,365,379,1735,1816,1862,1895,2805,2833 [REF_ESTATICA]; database/seeders/AulaVirtual/AulaVirtualFlujoEstudianteSeeder.php:21,149 [REF_ESTATICA]; database/seeders/DATOS/SoporteDatosBolivia.php:459,501,583,678 [REF_ESTATICA]; tests/Feature/Authorization/AcademicContextTest.php:6,56,93 [REF_ESTATICA]; tests/Feature/TeacherGradeSupportTest.php:134 [REF_ESTATICA]; tests/Unit/InstitutionalScopeContractTest.php:8,30,43 [REF_ESTATICA]","app/Livewire/Admin/GestionCurso.php:2101,2354 [REF_ESTATICA] [CANDIDATO; verificar método/alias]; app/Livewire/Admin/GestionEstudiantes.php:9,793,826,1471,1640,1699 [REF_ESTATICA] [CANDIDATO; verificar método/alias]; app/Livewire/Admin/GestionInscripciones.php:7,1403,1409,1416,1545,1645,1804,1874,1943,1967,1988,2338 [REF_ESTATICA] [CANDIDATO; verificar método/alias]; app/Services/GradeService.php:6,43,87,139 [REF_ESTATICA] [CANDIDATO; verificar método/alias]; app/Support/Academico/GestionAcademicaInteligente.php:1115 [REF_ESTATICA] [CANDIDATO; verificar método/alias]; database/seeders/AulaVirtual/AulaVirtualFlujoEstudianteSeeder.php:21,149 [REF_ESTATICA] [CANDIDATO; verificar método/alias]; database/seeders/DATOS/SoporteDatosBolivia.php:459,501,583,678 [REF_ESTATICA] [CANDIDATO; verificar método/alias]; tests/Feature/Authorization/AcademicContextTest.php:6,56,93 [REF_ESTATICA] [CANDIDATO; verificar método/alias]",cod_ins,6,"INDEX:cod_cur; INDEX:cod_esp_tec; INDEX:cod_est; INDEX:cod_gea; INDEX:cod_par; INDEX:cod_tur; INDEX:con_ins; INDEX:est_ins; INDEX:fei_ins; INDEX:sie_ins; INDEX:tip_ins; PRIMARY:cod_ins; UNIQUE:cod_est,cod_gea",Hechos y relaciones vigentes; conservar estados y referencias,doc_com_ins,pro_ins: Texto procedencia frente a institución del estudiante; puede ser snapshot histórico,CONSERVAR_Y_MEJORAR,"Reutilizar UNIQUE estudiante/gestión; movimientos requieren historial, no segunda inscripción por defecto",Ver hallazgos DB-001..DB-020 y restricciones de eliminación,HISTORICA_DECLARADA,database/migrations/2026_04_09_033080_create_inscripcion_estudiante_table.php,27,cod_esp_tec; created_at; fec_anu_ins; fec_con_ins; fec_ret_ins; fec_sie_ins; mot_anu_ins; mot_obs_ins; mot_ret_ins; obs_esp_tec_ins; obs_ins; pro_ins; updated_at,con_ins=NORMAL; doc_com_ins=False; est_esp_tec_ins=NO_APLICA; est_ins=PENDIENTE; sie_ins=False; sob_aut_ins=False; tip_ins=REGULAR,"inscripcion_con_check: con_ins IN (
                'NORMAL',
                'OBSERVADA',
                'CONDICIONAL',
                'PROVISIONAL',
                'SOBRECUPO',
                'REZAGO_ESCOLAR'
            ); inscripcion_esp_tec_est_check: est_esp_tec_ins IN (
                'NO_APLICA',
                'PENDIENTE',
                'ASIGNADA',
                'OBSERVADA',
                'RETIRADA'
            ); inscripcion_est_check: est_ins IN (
                'PENDIENTE',
                'CONFIRMADA',
                'ACTIVA',
                'OBSERVADA',
                'ANULADA',
                'RETIRADA',
                'ARCHIVADA'
            ); inscripcion_fechas_estado_check: (fec_anu_ins IS NULL OR fec_anu_ins >= fei_ins)
                AND
                (fec_ret_ins IS NULL OR fec_ret_ins >= fei_ins)
                AND
                (fec_con_ins IS NULL OR fec_con_ins >= fei_ins); inscripcion_tip_check: tip_ins IN (
                'NUEVO',
                'REGULAR',
                'TRASLADO',
                'EXTERIOR',
                'VULNERABLE',
                'EXCEPCIONAL',
                'PREINSCRIPCION'
            )",NO; no SoftDeletes declarado,STATUS_BASED,Livewire/Admin/GestionInscripciones.php; InscripcionAcademica prevención,V001; V003; V004; V005; V007; V008; V010; V012; V014; V016; V017; V018; V019; V020; V022; V023; V024; V025; V027; V028; V029; V030; V031; V032; V033; V034; V035; V036; V037; V038; V039; V040; V041; V042; V044; V046; V047; V048; V051; V052; V053; V054; V055; V058; V059; V060; V061; V062; V063; V064; V065; V066; V067; V068; V070; V071; V072; V073; V074; V075; V076; V077; V078; V079; V080; V081; V082; V083; V084; V085; V087; V088; V089; V090; V091; V092; V093; V094; V095; V096; V097; V098; V099; V100; V101; V102; V103; V104,"Declaración estática; callers candidatos, no runtime; ventanas por dependencia/transversal"
institucion_procedencia,InstitucionProcedencia,CONFIGURACIÓN,Catálogos de procedencia y vínculo estudiantil,"app/Livewire/Admin/GestionEstudiantes.php:10,333,1540,1760 [REF_ESTATICA]; app/Livewire/Admin/InstitucionProcedencia.php:5,9 [REF_ESTATICA]; app/Livewire/Admin/ReportesAdministrativos.php:12,45 [REF_ESTATICA]; app/Livewire/InstitutionalAuthorization.php:28,39 [REF_ESTATICA]; app/Models/Estudiante.php:57 [REF_ESTATICA]; app/Services/Reportes/DatosReporteAdministrativoService.php:12,41 [REF_ESTATICA]; app/Support/Comunidad/InstitucionProcedenciaInteligente.php:5,15 [REF_ESTATICA]; database/seeders/DATOS/SoporteDatosBolivia.php:119 [REF_ESTATICA]; database/seeders/InstitucionProcedenciaSeeder.php:15 [REF_ESTATICA]; tests/Unit/SupportPreventiveTest.php:6,52,206 [REF_ESTATICA]","app/Livewire/Admin/GestionEstudiantes.php:10,333,1540,1760 [REF_ESTATICA] [CANDIDATO; verificar método/alias]; database/seeders/DATOS/SoporteDatosBolivia.php:119 [REF_ESTATICA] [CANDIDATO; verificar método/alias]; database/seeders/InstitucionProcedenciaSeeder.php:15 [REF_ESTATICA] [CANDIDATO; verificar método/alias]",cod_ipe,0,PRIMARY:cod_ipe,Hechos y relaciones vigentes; conservar estados y referencias,Sin cálculo materializado identificado,No duplicidad confirmada; ver decisiones de dominio,CONSERVAR,Mantener identidad y estados; no copiar a un catálogo genérico,Ver hallazgos DB-001..DB-020 y restricciones de eliminación,HISTORICA_DECLARADA,database/migrations/2026_04_09_033043_create_institucion_procedencia_table.php,7,ciu_ipe; created_at; tip_ipe; updated_at,est_ipe=ACTIVO,,NO; no SoftDeletes declarado,STATUS_BASED,CRUD y Supports comunitarios existentes,V001; V003; V005; V016; V017; V018; V019; V020; V022; V023; V024; V025; V027; V028; V029; V030; V031; V032; V033; V034; V035; V036; V037; V038; V039; V040; V041; V042; V044; V046; V049; V051; V053; V054; V055; V058; V060; V061; V062; V063; V064; V065; V066; V067; V070; V071; V072; V073; V074; V075; V076; V077; V078; V079; V080; V081; V082; V083; V084; V085; V087; V088; V089; V090; V091; V092; V093; V094; V095; V096; V097; V098; V099; V100; V101; V102; V103; V104,"Declaración estática; callers candidatos, no runtime; ventanas por dependencia/transversal"
job_batches,SIN MODEL APP; no implica desuso,CORE,"Cola, lotes y fallos de ejecución",Framework Queue [framework indirecto],Framework Queue [framework indirecto],id,0,PRIMARY:id,Hechos y relaciones vigentes; conservar estados y referencias,failed_jobs; pending_jobs; total_jobs,No duplicidad confirmada; ver decisiones de dominio,CONSERVAR,"Retención técnica, payload sin secretos; no almacenar hechos oficiales aquí",Ver hallazgos DB-001..DB-020 y restricciones de eliminación,HISTORICA_DECLARADA,database/migrations/0001_01_01_000002_create_jobs_table.php,10,cancelled_at; finished_at; options,,,NO; no SoftDeletes declarado,HARD_DELETE_ALLOWED (TTL/retención),Framework Queue,,"Declaración estática; callers candidatos, no runtime; ventanas por dependencia/transversal"
jobs,SIN MODEL APP; no implica desuso,CORE,"Cola, lotes y fallos de ejecución",Framework Queue [framework indirecto],Framework Queue [framework indirecto],id,0,INDEX:queue; PRIMARY:id,Hechos y relaciones vigentes; conservar estados y referencias,Sin cálculo materializado identificado,No duplicidad confirmada; ver decisiones de dominio,CONSERVAR,"Retención técnica, payload sin secretos; no almacenar hechos oficiales aquí",Ver hallazgos DB-001..DB-020 y restricciones de eliminación,HISTORICA_DECLARADA,database/migrations/0001_01_01_000002_create_jobs_table.php,7,reserved_at,id=AUTO_SEQUENCE (Blueprint),,NO; no SoftDeletes declarado,HARD_DELETE_ALLOWED (TTL/retención),Framework Queue,,"Declaración estática; callers candidatos, no runtime; ventanas por dependencia/transversal"
kardex_categorias,SIN MODEL APP; no implica desuso,KARDEX; CONFIGURACIÓN; NUEVO_REQUERIDO,Catálogo versionado de un eje diferente de Kardex,No caller literal localizado; revisar framework/dinámicos,No escritor concreto localizado; no prueba tabla vacía/inútil,"codigo,version",0,"INDEX:version,activo; PRIMARY:codigo,version",Historial oficial; preservar contexto/rectificación,Sin cálculo materializado identificado,No duplicidad confirmada; ver decisiones de dominio,NUEVO,"Cinco FK tipadas frente a catálogo genérico; publicar una edición coherente, validar relaciones y políticas sin inventar valores",No ejecutar; revisar datos y reglas antes de restricción,PROPUESTA_NO_EJECUTADA,database/migrations/2026_09_30_100001_prepare_kardex_seguimiento_structure.php,7,created_at; descripcion; updated_at,activo=True,kardex_categorias_version_check: version > 0,NO; no SoftDeletes declarado,STATUS_BASED,Futuro KardexService de administración; no escritor actual,V022; V035; V036; V038; V055; V063; V064; V066; V082; V083; V098,"Declaración estática; callers candidatos, no runtime; ventanas por dependencia/transversal"
kardex_estados,SIN MODEL APP; no implica desuso,KARDEX; CONFIGURACIÓN; NUEVO_REQUERIDO,Catálogo versionado de un eje diferente de Kardex,app/Services/Kardex/ScopedKardexRepository.php:23 [REF_ESTATICA],No escritor concreto localizado; no prueba tabla vacía/inútil,"codigo,version",0,"INDEX:version,activo; PRIMARY:codigo,version",Historial oficial; preservar contexto/rectificación,Sin cálculo materializado identificado,No duplicidad confirmada; ver decisiones de dominio,NUEVO,"Cinco FK tipadas frente a catálogo genérico; publicar una edición coherente, validar relaciones y políticas sin inventar valores",No ejecutar; revisar datos y reglas antes de restricción,PROPUESTA_NO_EJECUTADA,database/migrations/2026_09_30_100001_prepare_kardex_seguimiento_structure.php,7,created_at; descripcion; updated_at,activo=True,kardex_estados_version_check: version > 0,NO; no SoftDeletes declarado,STATUS_BASED,Futuro KardexService de administración; no escritor actual,V022; V035; V036; V038; V055; V063; V064; V066; V082; V083; V098,"Declaración estática; callers candidatos, no runtime; ventanas por dependencia/transversal"
kardex_medidas,SIN MODEL APP; no implica desuso,KARDEX; CONFIGURACIÓN; NUEVO_REQUERIDO,Catálogo versionado de un eje diferente de Kardex,No caller literal localizado; revisar framework/dinámicos,No escritor concreto localizado; no prueba tabla vacía/inútil,"codigo,version",0,"INDEX:version,activo; PRIMARY:codigo,version",Historial oficial; preservar contexto/rectificación,Sin cálculo materializado identificado,No duplicidad confirmada; ver decisiones de dominio,NUEVO,"Cinco FK tipadas frente a catálogo genérico; publicar una edición coherente, validar relaciones y políticas sin inventar valores",No ejecutar; revisar datos y reglas antes de restricción,PROPUESTA_NO_EJECUTADA,database/migrations/2026_09_30_100001_prepare_kardex_seguimiento_structure.php,7,created_at; descripcion; updated_at,activo=True,kardex_medidas_version_check: version > 0,NO; no SoftDeletes declarado,STATUS_BASED,Futuro KardexService de administración; no escritor actual,V022; V035; V036; V038; V055; V063; V064; V066; V082; V083; V098,"Declaración estática; callers candidatos, no runtime; ventanas por dependencia/transversal"
kardex_niveles,SIN MODEL APP; no implica desuso,KARDEX; CONFIGURACIÓN; NUEVO_REQUERIDO,Catálogo versionado de un eje diferente de Kardex,No caller literal localizado; revisar framework/dinámicos,No escritor concreto localizado; no prueba tabla vacía/inútil,"codigo,version",0,"INDEX:version,activo; PRIMARY:codigo,version",Historial oficial; preservar contexto/rectificación,Sin cálculo materializado identificado,No duplicidad confirmada; ver decisiones de dominio,NUEVO,"Cinco FK tipadas frente a catálogo genérico; publicar una edición coherente, validar relaciones y políticas sin inventar valores",No ejecutar; revisar datos y reglas antes de restricción,PROPUESTA_NO_EJECUTADA,database/migrations/2026_09_30_100001_prepare_kardex_seguimiento_structure.php,7,created_at; descripcion; updated_at,activo=True,kardex_niveles_version_check: version > 0,NO; no SoftDeletes declarado,STATUS_BASED,Futuro KardexService de administración; no escritor actual,V022; V035; V036; V038; V055; V063; V064; V066; V082; V083; V098,"Declaración estática; callers candidatos, no runtime; ventanas por dependencia/transversal"
kardex_tipos,SIN MODEL APP; no implica desuso,KARDEX; CONFIGURACIÓN; NUEVO_REQUERIDO,Catálogo versionado de un eje diferente de Kardex,No caller literal localizado; revisar framework/dinámicos,No escritor concreto localizado; no prueba tabla vacía/inútil,"codigo,version",0,"INDEX:version,activo; PRIMARY:codigo,version",Historial oficial; preservar contexto/rectificación,Sin cálculo materializado identificado,No duplicidad confirmada; ver decisiones de dominio,NUEVO,"Cinco FK tipadas frente a catálogo genérico; publicar una edición coherente, validar relaciones y políticas sin inventar valores",No ejecutar; revisar datos y reglas antes de restricción,PROPUESTA_NO_EJECUTADA,database/migrations/2026_09_30_100001_prepare_kardex_seguimiento_structure.php,7,created_at; descripcion; updated_at,activo=True,kardex_tipos_version_check: version > 0,NO; no SoftDeletes declarado,STATUS_BASED,Futuro KardexService de administración; no escritor actual,V022; V035; V036; V038; V055; V063; V064; V066; V082; V083; V098,"Declaración estática; callers candidatos, no runtime; ventanas por dependencia/transversal"
material_clase,MaterialClase,LMS; CANDIDATO_FUSIÓN,Recurso de aula o adjunto de una tarea,"app/Http/Controllers/AulaVirtual/MaterialController.php:6,52,59,67 [REF_ESTATICA]; app/Http/Controllers/Estudiante/ExperienceController.php:6,41 [REF_ESTATICA]; app/Livewire/AulaVirtual/Materiales/EditarMaterial.php:5,19,29 [REF_ESTATICA]; app/Models/AulaVirtual/ClaseVirtual.php:70 [REF_ESTATICA]; app/Models/AulaVirtual/PublicacionClase.php:68 [REF_ESTATICA]; app/Models/AulaVirtual/UnidadClase.php:33 [REF_ESTATICA]; app/Policies/AulaVirtualMaterialPolicy.php:5,11,19 [REF_ESTATICA]; app/Providers/AppServiceProvider.php:11,74 [REF_ESTATICA]; app/Services/AulaVirtual/MaterialService.php:6,19,47,61,69,78,91,103 [REF_ESTATICA]; database/seeders/AulaVirtual/AulaVirtualFlujoEstudianteSeeder.php:12,263,276 [REF_ESTATICA]; tests/Unit/AcademicSecurityTest.php:7,38 [REF_ESTATICA]","app/Models/AulaVirtual/PublicacionClase.php:68 [REF_ESTATICA] [CANDIDATO; verificar método/alias]; app/Services/AulaVirtual/MaterialService.php:6,19,47,61,69,78,91,103 [REF_ESTATICA] [CANDIDATO; verificar método/alias]; database/seeders/AulaVirtual/AulaVirtualFlujoEstudianteSeeder.php:12,263,276 [REF_ESTATICA] [CANDIDATO; verificar método/alias]; tests/Unit/AcademicSecurityTest.php:7,38 [REF_ESTATICA] [CANDIDATO; verificar método/alias]",cod_mat,4,"INDEX:cod_cla; INDEX:cod_cla,est_mat; INDEX:cod_cla,tip_mat; INDEX:cod_pub; INDEX:cod_usu; INDEX:est_mat; INDEX:tip_mat; INDEX:unidad_id,cod_cla; PRIMARY:cod_mat",Hechos y relaciones vigentes; conservar estados y referencias,Sin cálculo materializado identificado,No duplicidad confirmada; ver decisiones de dominio,CONSERVAR_Y_MEJORAR,Scopes distintos; compartir validación/storage antes de plantear biblioteca de activos; no fusionar ahora,Ver hallazgos DB-001..DB-020 y restricciones de eliminación,HISTORICA_DECLARADA,database/migrations/2026_09_30_100002_prepare_lms_units_structure.php; database/migrations/aula_virtual/2026_05_17_083826_create_material_clase_table.php,14,cod_pub; created_at; mime_mat; rut_mat; tam_mat; unidad_id; updated_at; url_mat,est_mat=ACTIVO; tip_mat=ARCHIVO,"est_mat_check: est_mat IN ['ACTIVO', 'OCULTO', 'ANULADO']; tip_mat_check: tip_mat IN ['ARCHIVO', 'ENLACE', 'PDF', 'VIDEO', 'IMAGEN', 'DOCUMENTO', 'OTRO']",NO; no SoftDeletes declarado,STATUS_BASED,MaterialService / TareaService,V016; V017; V022; V023; V024; V025; V027; V028; V029; V030; V031; V032; V033; V034; V035; V036; V037; V038; V039; V040; V041; V042; V044; V051; V053; V054; V055; V058; V060; V061; V062; V063; V064; V065; V066; V067; V070; V071; V072; V073; V074; V075; V076; V077; V078; V079; V080; V081; V082; V083; V084; V085; V087; V088; V089; V090; V091; V092; V093; V094; V095; V096; V097; V098; V099; V100; V101; V102; V103; V104,"Declaración estática; callers candidatos, no runtime; ventanas por dependencia/transversal"
meta_academica_revisiones,SIN MODEL APP; no implica desuso,ORIENTACIÓN; AUDITORÍA; NUEVO_REQUERIDO,"Meta personal, acción y revisión histórica",app/Services/AcademicGoalService.php:61 [REF_ESTATICA],app/Services/AcademicGoalService.php:61 [REF_ESTATICA] [CANDIDATO; verificar método/alias],id,2,"INDEX:cod_usu; INDEX:meta_id,created_at; PRIMARY:id",Historial oficial; preservar contexto/rectificación,Sin cálculo materializado identificado,No duplicidad confirmada; ver decisiones de dominio,NUEVO,MIG-004 admisible; acción textual inicial es suficiente; progreso derivado salvo evaluación histórica explícita,No ejecutar; revisar datos y reglas antes de restricción,PROPUESTA_NO_EJECUTADA,database/migrations/2026_09_30_100004_prepare_student_academic_goals.php,6,,created_at=CURRENT_TIMESTAMP; id=AUTO_SEQUENCE (Blueprint),"academic_goal_revision_check: NULLIF(TRIM(motivo), '') IS NOT NULL AND jsonb_typeof(datos) = 'object'",NO; no SoftDeletes declarado,IMMUTABLE_HISTORY,AcademicGoalService,V102,"Declaración estática; callers candidatos, no runtime; ventanas por dependencia/transversal"
metas_academicas,MetaAcademica,ORIENTACIÓN; AUDITORÍA; NUEVO_REQUERIDO,"Meta personal, acción y revisión histórica","app/Policies/MetaAcademicaPolicy.php:5,12,18 [REF_ESTATICA]; app/Providers/AppServiceProvider.php:19,66 [REF_ESTATICA]; app/Services/AcademicGoalService.php:5,29,32,41,69,76 [REF_ESTATICA]; tests/Unit/PreparedPersistenceBoundaryTest.php:5,61 [REF_ESTATICA]","app/Services/AcademicGoalService.php:5,29,32,41,69,76 [REF_ESTATICA] [CANDIDATO; verificar método/alias]; tests/Unit/PreparedPersistenceBoundaryTest.php:5,61 [REF_ESTATICA] [CANDIDATO; verificar método/alias]",id,3,"INDEX:cod_est,estado,fecha_objetivo; INDEX:cod_gea; INDEX:created_by; PRIMARY:id",Historial oficial; preservar contexto/rectificación,Sin cálculo materializado identificado,No duplicidad confirmada; ver decisiones de dominio,NUEVO,MIG-004 admisible; acción textual inicial es suficiente; progreso derivado salvo evaluación histórica explícita,No ejecutar; revisar datos y reglas antes de restricción,PROPUESTA_NO_EJECUTADA,database/migrations/2026_09_30_100004_prepare_student_academic_goals.php,11,accion; cod_gea; created_at; fecha_objetivo; updated_at,estado=BORRADOR,"academic_goal_content_check: estado IN ('BORRADOR','ACTIVA','COMPLETADA','CANCELADA') AND NULLIF(TRIM(titulo), '') IS NOT NULL AND NULLIF(TRIM(objetivo), '') IS NOT NULL",NO; no SoftDeletes declarado,STATUS_BASED,AcademicGoalService,V102,"Declaración estática; callers candidatos, no runtime; ventanas por dependencia/transversal"
model_has_permissions,SIN MODEL APP; no implica desuso,SEGURIDAD,RBAC canónico Spatie y sus pivots,User.HasRoles / Spatie / RolePermissionService [framework y consultas de Permission indirectos],RolePermissionService / Spatie [escritor operacional canónico; catálogo permisos por seeders autorizados futuros],"permission_id,cod_usu,model_type",1,"INDEX:cod_usu,model_type; PRIMARY:permission_id,cod_usu,model_type",Hechos y relaciones vigentes; conservar estados y referencias,Sin cálculo materializado identificado,No duplicidad confirmada; ver decisiones de dominio,CONSERVAR_Y_MEJORAR,RolePermissionService escritor operacional; un actor institucional y roles complementarios; sin Role paralelo,Ver hallazgos DB-001..DB-020 y restricciones de eliminación,HISTORICA_DECLARADA,database/migrations/2026_04_09_025343_create_permission_tables.php,3,,,,NO; no SoftDeletes declarado,STATUS_BASED,RolePermissionService; Spatie; seeders solo futuros autorizados,,"Declaración estática; callers candidatos, no runtime; ventanas por dependencia/transversal"
model_has_roles,SIN MODEL APP; no implica desuso,SEGURIDAD,RBAC canónico Spatie y sus pivots,User.HasRoles / Spatie / RolePermissionService [framework y consultas de Permission indirectos],RolePermissionService / Spatie [escritor operacional canónico; catálogo permisos por seeders autorizados futuros],"role_id,cod_usu,model_type",1,"INDEX:cod_usu,model_type; PRIMARY:role_id,cod_usu,model_type",Hechos y relaciones vigentes; conservar estados y referencias,Sin cálculo materializado identificado,No duplicidad confirmada; ver decisiones de dominio,CONSERVAR_Y_MEJORAR,RolePermissionService escritor operacional; un actor institucional y roles complementarios; sin Role paralelo,Ver hallazgos DB-001..DB-020 y restricciones de eliminación,HISTORICA_DECLARADA,database/migrations/2026_04_09_025343_create_permission_tables.php,3,,,,NO; no SoftDeletes declarado,STATUS_BASED,RolePermissionService; Spatie; seeders solo futuros autorizados,,"Declaración estática; callers candidatos, no runtime; ventanas por dependencia/transversal"
notifications,DatabaseNotification (vendor),NOTIFICACIÓN; NUEVO_REQUERIDO,Aviso Laravel con destinatario y lectura,User.Notifiable / Illuminate.Notifications.DatabaseNotification [framework indirecto],NotificationService.mark [read_at]; DatabaseChannel futuro [data],id,1,"INDEX:notifiable_type,notifiable_id,read_at,created_at; PRIMARY:id; UNIQUE:notifiable_id,event_key",Hechos y relaciones vigentes; conservar estados y referencias,Sin cálculo materializado identificado,No duplicidad confirmada; ver decisiones de dominio,NUEVO,"MIG-003 revisar discriminador de User/retención; usar Notifiable, no segunda infraestructura",No ejecutar; revisar datos y reglas antes de restricción,PROPUESTA_NO_EJECUTADA,database/migrations/2026_09_30_100003_prepare_database_notifications.php,9,created_at; event_key; read_at; updated_at,,notification_payload_check: jsonb_typeof(data) = 'object',NO; no SoftDeletes declarado,STATUS_BASED,NotificationService.mark; productores pendientes,V001; V027; V044; V058; V070; V074; V075; V076; V077; V078; V079; V087; V091; V092; V093; V094; V095,"Declaración estática; callers candidatos, no runtime; ventanas por dependencia/transversal"
orientacion_actividades,OrientacionActividad,ORIENTACIÓN,"Evaluación local Likert, preguntas, respuestas y resultado orientativo","app/Http/Controllers/AulaVirtual/OrientacionController.php:6,47 [REF_ESTATICA]; app/Livewire/AulaVirtual/Orientacion/ExploradorVocacional.php:5,41,115,158 [REF_ESTATICA]; app/Models/AulaVirtual/OrientacionRespuesta.php:26 [REF_ESTATICA]; app/Models/AulaVirtual/OrientacionResultado.php:41 [REF_ESTATICA]; app/Services/AulaVirtual/CursoVirtualService.php:10,204,246 [REF_ESTATICA]; app/Services/AulaVirtual/OrientacionService.php:5,24,39,43,54,62,67,78,88,95,130,139,197 [REF_ESTATICA]; database/seeders/AulaVirtual/AulaVirtualFlujoEstudianteSeeder.php:13,341 [REF_ESTATICA]","app/Services/AulaVirtual/OrientacionService.php:5,24,39,43,54,62,67,78,88,95,130,139,197 [REF_ESTATICA] [CANDIDATO; verificar método/alias]; database/seeders/AulaVirtual/AulaVirtualFlujoEstudianteSeeder.php:13,341 [REF_ESTATICA] [CANDIDATO; verificar método/alias]",id,3,"INDEX:cod_est,estado; PRIMARY:id",Historial oficial; preservar contexto/rectificación,avance,No duplicidad confirmada; ver decisiones de dominio,EXTENDER,"Versionar instrumento/preguntas/algoritmo; avance derivable; preservar intentos finalizados, sin equiparar a RIASEC",Ver hallazgos DB-001..DB-020 y restricciones de eliminación,HISTORICA_DECLARADA,database/migrations/2026_06_20_130000_create_aula_virtual_orientacion_tables.php; database/migrations/2026_09_30_100006_prepare_academic_integrity_checks.php,10,cod_gea; created_at; finalizado_at; iniciado_at; revisado_por; updated_at,avance=0; estado=pendiente; id=AUTO_SEQUENCE (Blueprint),"estado_check: estado IN ['pendiente', 'en_proceso', 'finalizado', 'revisado', 'requiere_seguimiento']; local_orientation_progress_check: avance BETWEEN 0 AND 100",NO; no SoftDeletes declarado,STATUS_BASED,OrientacionService,V016; V017; V022; V023; V024; V025; V027; V028; V029; V030; V031; V032; V033; V034; V035; V036; V037; V038; V039; V040; V041; V042; V044; V051; V053; V054; V055; V058; V060; V061; V062; V063; V064; V065; V066; V067; V070; V071; V072; V073; V074; V075; V076; V077; V078; V079; V080; V081; V082; V083; V084; V085; V087; V088; V089; V090; V091; V092; V093; V094; V095; V096; V097; V098; V099; V100; V101; V102; V103; V104,"Declaración estática; callers candidatos, no runtime; ventanas por dependencia/transversal"
orientacion_carreras_sugeridas,OrientacionCarreraSugerida,ORIENTACIÓN; LEGACY,Recomendaciones conservadas de resultado anterior,app/Models/AulaVirtual/OrientacionResultado.php:51 [REF_ESTATICA],No escritor concreto localizado; no prueba tabla vacía/inútil,id,1,"INDEX:orientacion_resultado_id,orden; PRIMARY:id",Historial oficial; preservar contexto/rectificación,Sin cálculo materializado identificado,No duplicidad confirmada; ver decisiones de dominio,LEGACY_CONSERVADO,Lectura actual existe; no se generan porcentajes nuevos sin contrato científico; preservar registros,Ver hallazgos DB-001..DB-020 y restricciones de eliminación,HISTORICA_DECLARADA,database/migrations/2026_06_20_130000_create_aula_virtual_orientacion_tables.php,11,areas_a_fortalecer; created_at; fortalezas; updated_at,compatibilidad=0; id=AUTO_SEQUENCE (Blueprint); orden=1,,NO; no SoftDeletes declarado,STATUS_BASED,OrientacionService lectura; productor especializado pendiente,V023; V029; V030; V031; V032; V033; V034; V037; V039; V040; V041; V051; V053; V060; V061; V062; V065; V084; V097; V099; V100; V101,"Declaración estática; callers candidatos, no runtime; ventanas por dependencia/transversal"
orientacion_preguntas,OrientacionPregunta,ORIENTACIÓN,"Evaluación local Likert, preguntas, respuestas y resultado orientativo","app/Models/AulaVirtual/OrientacionRespuesta.php:31 [REF_ESTATICA]; app/Services/AulaVirtual/OrientacionService.php:6,72 [REF_ESTATICA]; database/seeders/AulaVirtual/AulaVirtualOrientacionPreguntasSeeder.php:5,48 [REF_ESTATICA]","app/Services/AulaVirtual/OrientacionService.php:6,72 [REF_ESTATICA] [CANDIDATO; verificar método/alias]; database/seeders/AulaVirtual/AulaVirtualOrientacionPreguntasSeeder.php:5,48 [REF_ESTATICA] [CANDIDATO; verificar método/alias]",id,0,"INDEX:dimension; INDEX:visible,orden; PRIMARY:id; UNIQUE:codigo",Historial oficial; preservar contexto/rectificación,Sin cálculo materializado identificado,No duplicidad confirmada; ver decisiones de dominio,EXTENDER,"Versionar instrumento/preguntas/algoritmo; avance derivable; preservar intentos finalizados, sin equiparar a RIASEC",Ver hallazgos DB-001..DB-020 y restricciones de eliminación,HISTORICA_DECLARADA,database/migrations/2026_06_20_130000_create_aula_virtual_orientacion_tables.php,9,created_at; updated_at,id=AUTO_SEQUENCE (Blueprint); tipo=likert; visible=True,tipo_check: tipo IN ['likert'],NO; no SoftDeletes declarado,STATUS_BASED,OrientacionService,V084; V099,"Declaración estática; callers candidatos, no runtime; ventanas por dependencia/transversal"
orientacion_respuestas,OrientacionRespuesta,ORIENTACIÓN,"Evaluación local Likert, preguntas, respuestas y resultado orientativo","app/Models/AulaVirtual/OrientacionActividad.php:50 [REF_ESTATICA]; app/Models/AulaVirtual/OrientacionPregunta.php:28 [REF_ESTATICA]; app/Services/AulaVirtual/OrientacionService.php:7,105,147 [REF_ESTATICA]","app/Services/AulaVirtual/OrientacionService.php:7,105,147 [REF_ESTATICA] [CANDIDATO; verificar método/alias]",id,3,"INDEX:cod_est,orientacion_actividad_id; PRIMARY:id; UNIQUE:orientacion_actividad_id,orientacion_pregunta_id",Historial oficial; preservar contexto/rectificación,Sin cálculo materializado identificado,cod_est: Derivable por actividad; asegurar pertenencia y no confiar en cliente,EXTENDER,"Versionar instrumento/preguntas/algoritmo; avance derivable; preservar intentos finalizados, sin equiparar a RIASEC",Ver hallazgos DB-001..DB-020 y restricciones de eliminación,HISTORICA_DECLARADA,database/migrations/2026_06_20_130000_create_aula_virtual_orientacion_tables.php; database/migrations/2026_09_30_100006_prepare_academic_integrity_checks.php,7,created_at; updated_at,id=AUTO_SEQUENCE (Blueprint),local_orientation_likert_check: valor_likert BETWEEN 1 AND 5,NO; no SoftDeletes declarado,STATUS_BASED,OrientacionService,V016; V017; V022; V024; V025; V027; V028; V035; V036; V038; V042; V044; V054; V055; V058; V063; V064; V066; V067; V070; V071; V072; V073; V074; V075; V076; V077; V078; V079; V080; V081; V082; V083; V084; V085; V087; V088; V089; V090; V091; V092; V093; V094; V095; V096; V097; V098; V099; V100; V101; V102; V103; V104,"Declaración estática; callers candidatos, no runtime; ventanas por dependencia/transversal"
orientacion_resultados,OrientacionResultado,ORIENTACIÓN,"Evaluación local Likert, preguntas, respuestas y resultado orientativo","app/Http/Controllers/Estudiante/ExperienceController.php:7,44 [REF_ESTATICA]; app/Livewire/AulaVirtual/Orientacion/ExploradorVocacional.php:6,113 [REF_ESTATICA]; app/Models/AulaVirtual/OrientacionActividad.php:55 [REF_ESTATICA]; app/Models/AulaVirtual/OrientacionCarreraSugerida.php:32 [REF_ESTATICA]; app/Policies/OrientacionResultadoPolicy.php:5,14,31 [REF_ESTATICA]; app/Providers/AppServiceProvider.php:12,77 [REF_ESTATICA]; app/Services/AulaVirtual/OrientacionService.php:8,130,158 [REF_ESTATICA]; app/Services/InstitutionalQueryService.php:7,27 [REF_ESTATICA]","app/Services/AulaVirtual/OrientacionService.php:8,130,158 [REF_ESTATICA] [CANDIDATO; verificar método/alias]",id,2,"INDEX:cod_est,estado; PRIMARY:id; UNIQUE:orientacion_actividad_id",Historial oficial; preservar contexto/rectificación,Sin cálculo materializado identificado,cod_est: Derivable por actividad; mantener por búsquedas y compatibilidad hasta conciliar,EXTENDER,"Versionar instrumento/preguntas/algoritmo; avance derivable; preservar intentos finalizados, sin equiparar a RIASEC",Ver hallazgos DB-001..DB-020 y restricciones de eliminación,HISTORICA_DECLARADA,database/migrations/2026_06_20_130000_create_aula_virtual_orientacion_tables.php,15,created_at; updated_at,analitico_cientifico=0; compatibilidad_principal=0; creativo_expresivo=0; estado=generado; id=AUTO_SEQUENCE (Blueprint); liderazgo_emprendimiento=0; organizativo_administrativo=0; social_comunitario=0; tecnico_practico=0,"estado_check: estado IN ['generado', 'revisado', 'requiere_seguimiento']",NO; no SoftDeletes declarado,STATUS_BASED,OrientacionService,V016; V017; V022; V023; V024; V025; V027; V028; V029; V030; V031; V032; V033; V034; V035; V036; V037; V038; V039; V040; V041; V042; V044; V051; V053; V054; V055; V058; V060; V061; V062; V063; V064; V065; V066; V067; V070; V071; V072; V073; V074; V075; V076; V077; V078; V079; V080; V081; V082; V083; V084; V085; V087; V088; V089; V090; V091; V092; V093; V094; V095; V096; V097; V098; V099; V100; V101; V102; V103; V104,"Declaración estática; callers candidatos, no runtime; ventanas por dependencia/transversal"
paralelo,Paralelo,ACADÉMICO; CONFIGURACIÓN,Catálogo de sección y jornada,"app/Http/Controllers/AdminDashboardController.php:13,67 [REF_ESTATICA]; app/Livewire/Admin/Bitacora.php:1302,1303 [REF_ESTATICA]; app/Livewire/Admin/GestionCurso.php:1897,1900,2608,2642,2644,3462,3467 [REF_ESTATICA]; app/Livewire/Admin/GestionEstudiantes.php:11,755,1450,1458 [REF_ESTATICA]; app/Livewire/Admin/GestionInscripciones.php:2343 [REF_ESTATICA]; app/Livewire/Admin/GestionParalelo.php:6,222,228,239,322,514,520,560,593,594,595,602,630,634,638,651,657,658,666,674,778,780,807,899,908,909,922,964,1028,1067,1068,1084,1112,1141,1196,1200,1223,1229,1232,1250,1270,1271,1284,1294,1300,1306,1325,1326,1338,1522,1525 [REF_ESTATICA]; app/Livewire/Admin/PersonalInstitucional.php:10,1151 [REF_ESTATICA]; app/Livewire/Admin/PlanesAsignatura.php:9,158 [REF_ESTATICA]; app/Livewire/Admin/ReportesAdministrativos.php:13,43 [REF_ESTATICA]; app/Models/Horario.php:83 [REF_ESTATICA]; app/Models/InscripcionEstudiante.php:95 [REF_ESTATICA]; app/Models/PlanAsignatura.php:64 [REF_ESTATICA]; app/Models/PlanEspecialidad.php:62 [REF_ESTATICA]; app/Services/InstitutionalQueryService.php:14,173,223 [REF_ESTATICA]; app/Services/Reportes/DatosReporteAcademicoService.php:10 [REF_ESTATICA]; app/Services/Reportes/DatosReporteAdministrativoService.php:13,37 [REF_ESTATICA]; app/Support/Academico/InscripcionAcademica.php:382,1900,2421,2483,2534 [REF_ESTATICA]; app/Support/Academico/ParaleloInteligente.php:130,136,142,148,154,160,166,204,570 [REF_ESTATICA]; database/seeders/AulaVirtual/AulaVirtualFlujoEstudianteSeeder.php:22,139 [REF_ESTATICA]; database/seeders/DATOS/SoporteDatosBolivia.php:121 [REF_ESTATICA]; database/seeders/ParaleloSeeder.php:47 [REF_ESTATICA]; database/seeders/Pruebas/PlanesAsignaturaInstitucionalesSeeder.php:9,21 [REF_ESTATICA]; resources/views/livewire/admin/gestion-curso.blade.php:2562,2761,2880,2889,3255 [REF_ESTATICA]; resources/views/livewire/admin/gestion-estudiantes.blade.php:305,605,654,923,1232,1312 [REF_ESTATICA]; resources/views/livewire/admin/gestion-inscripciones.blade.php:494,834,958,1493,1812,2462,2785 [REF_ESTATICA]; resources/views/livewire/admin/gestion-paralelo.blade.php:22,26,30,34,372,416,556,588,608,631,798,917,963 [REF_ESTATICA]; resources/views/livewire/admin/personal-institucional.blade.php:1247,1275,1341,1370,1679 [REF_ESTATICA]; resources/views/livewire/admin/planes-asignatura.blade.php:66 [REF_ESTATICA]; resources/views/livewire/shared/institutional-query.blade.php:16 [REF_ESTATICA]; resources/views/pdf/reportes/regencia.blade.php:3 [REF_ESTATICA]; resources/views/workspaces/reportes-regencia.blade.php:6 [REF_ESTATICA]; tests/Feature/InstitutionalQueryInteractionTest.php:100 [REF_ESTATICA]","app/Livewire/Admin/GestionCurso.php:1897,1900,2608,2642,2644,3462,3467 [REF_ESTATICA] [CANDIDATO; verificar método/alias]; app/Livewire/Admin/GestionEstudiantes.php:11,755,1450,1458 [REF_ESTATICA] [CANDIDATO; verificar método/alias]; app/Livewire/Admin/GestionInscripciones.php:2343 [REF_ESTATICA] [CANDIDATO; verificar método/alias]; app/Livewire/Admin/GestionParalelo.php:6,222,228,239,322,514,520,560,593,594,595,602,630,634,638,651,657,658,666,674,778,780,807,899,908,909,922,964,1028,1067,1068,1084,1112,1141,1196,1200,1223,1229,1232,1250,1270,1271,1284,1294,1300,1306,1325,1326,1338,1522,1525 [REF_ESTATICA] [CANDIDATO; verificar método/alias]; app/Livewire/Admin/PersonalInstitucional.php:10,1151 [REF_ESTATICA] [CANDIDATO; verificar método/alias]; app/Livewire/Admin/PlanesAsignatura.php:9,158 [REF_ESTATICA] [CANDIDATO; verificar método/alias]; database/seeders/AulaVirtual/AulaVirtualFlujoEstudianteSeeder.php:22,139 [REF_ESTATICA] [CANDIDATO; verificar método/alias]; database/seeders/DATOS/SoporteDatosBolivia.php:121 [REF_ESTATICA] [CANDIDATO; verificar método/alias]; database/seeders/Pruebas/PlanesAsignaturaInstitucionalesSeeder.php:9,21 [REF_ESTATICA] [CANDIDATO; verificar método/alias]",cod_par,0,PRIMARY:cod_par,Hechos y relaciones vigentes; conservar estados y referencias,Sin cálculo materializado identificado,No duplicidad confirmada; ver decisiones de dominio,CONSERVAR_Y_MEJORAR,Capacidad requiere contexto anual; no persistir cupos disponibles derivados; horas coherentes,Ver hallazgos DB-001..DB-020 y restricciones de eliminación,HISTORICA_DECLARADA,database/migrations/2026_04_09_033045_create_paralelo_table.php,5,created_at; updated_at,est_par=ACTIVO,,NO; no SoftDeletes declarado,STATUS_BASED,CRUD existente; TurnoInteligente actualmente también escribe,V001; V004; V005; V006; V008; V010; V012; V014; V016; V017; V019; V021; V022; V023; V024; V025; V027; V028; V029; V030; V031; V032; V033; V034; V035; V036; V037; V038; V039; V040; V041; V042; V044; V046; V047; V051; V052; V053; V054; V055; V058; V060; V061; V062; V063; V064; V065; V066; V067; V068; V070; V072; V073; V074; V075; V076; V077; V078; V079; V080; V081; V082; V083; V087; V089; V090; V091; V092; V093; V094; V095; V096; V098,"Declaración estática; callers candidatos, no runtime; ventanas por dependencia/transversal"
password_reset_tokens,SIN MODEL APP; no implica desuso,SEGURIDAD,Sesión y recuperación de credenciales,Framework Session / PasswordBroker [framework indirecto],Framework Session / PasswordBroker [framework indirecto],email,0,PRIMARY:email,Hechos y relaciones vigentes; conservar estados y referencias,Sin cálculo materializado identificado,No duplicidad confirmada; ver decisiones de dominio,CONSERVAR,Expiración y minimización; cuenta institucional con PK textual,Ver hallazgos DB-001..DB-020 y restricciones de eliminación,HISTORICA_DECLARADA,database/migrations/0001_01_01_000001_create_users_table.php,3,created_at,,,NO; no SoftDeletes declarado,HARD_DELETE_ALLOWED (TTL/retención),Framework Session / PasswordBroker,,"Declaración estática; callers candidatos, no runtime; ventanas por dependencia/transversal"
periodo_evaluacion,PeriodoEvaluacion,EVALUACIÓN; CONFIGURACIÓN,Catálogo global de períodos y orden,"app/Http/Controllers/AdminDashboardController.php:14,34,43 [REF_ESTATICA]; app/Livewire/Admin/Calificaciones.php:9,193 [REF_ESTATICA]; app/Livewire/Admin/GestionAcademica.php:998,1348,1353,1444 [REF_ESTATICA]; app/Livewire/Admin/PeriodoEvaluacion.php:5,9 [REF_ESTATICA]; app/Livewire/Admin/ReportesAcademicos.php:9,97 [REF_ESTATICA]; app/Livewire/Admin/ReportesAdministrativos.php:14,47 [REF_ESTATICA]; app/Livewire/InstitutionalAuthorization.php:26 [REF_ESTATICA]; app/Models/Calificacion.php:59 [REF_ESTATICA]; app/Services/GradeService.php:7,51,94,127 [REF_ESTATICA]; app/Services/Reportes/DatosReporteAcademicoService.php:11,147,173 [REF_ESTATICA]; app/Services/Reportes/DatosReporteAdministrativoService.php:14,40 [REF_ESTATICA]; app/Support/Academico/PeriodoEvaluacionInteligente.php:5,14,15 [REF_ESTATICA]; database/seeders/DATOS/SoporteDatosBolivia.php:125 [REF_ESTATICA]; database/seeders/PeriodoEvaluacionSeeder.php:15 [REF_ESTATICA]; database/seeders/Pruebas/CalificacionesInstitucionalesSeeder.php:8,18 [REF_ESTATICA]; tests/Feature/Authorization/AcademicContextTest.php:52,120 [REF_ESTATICA]; tests/Unit/SupportPreventiveTest.php:229 [REF_ESTATICA]","app/Livewire/Admin/Calificaciones.php:9,193 [REF_ESTATICA] [CANDIDATO; verificar método/alias]; app/Livewire/Admin/GestionAcademica.php:998,1348,1353,1444 [REF_ESTATICA] [CANDIDATO; verificar método/alias]; app/Services/GradeService.php:7,51,94,127 [REF_ESTATICA] [CANDIDATO; verificar método/alias]; database/seeders/DATOS/SoporteDatosBolivia.php:125 [REF_ESTATICA] [CANDIDATO; verificar método/alias]; database/seeders/PeriodoEvaluacionSeeder.php:15 [REF_ESTATICA] [CANDIDATO; verificar método/alias]; database/seeders/Pruebas/CalificacionesInstitucionalesSeeder.php:8,18 [REF_ESTATICA] [CANDIDATO; verificar método/alias]; tests/Feature/Authorization/AcademicContextTest.php:52,120 [REF_ESTATICA] [CANDIDATO; verificar método/alias]",cod_pev,0,PRIMARY:cod_pev,Historial oficial; preservar contexto/rectificación,Sin cálculo materializado identificado,No duplicidad confirmada; ver decisiones de dominio,EXTENDER,Actual no tiene gestión ni fechas; definir edición anual antes de introducir calendario de períodos,Ver hallazgos DB-001..DB-020 y restricciones de eliminación,HISTORICA_DECLARADA,database/migrations/2026_04_09_033047_create_periodo_evaluacion_table.php,6,created_at; ord_pev; updated_at,est_pev=ACTIVO,,NO; no SoftDeletes declarado,STATUS_BASED,CRUD Período; GradeService lectura,V001; V007; V015; V017; V018; V019; V022; V023; V024; V025; V027; V028; V029; V030; V031; V032; V033; V034; V035; V036; V037; V038; V039; V040; V041; V044; V051; V053; V055; V058; V060; V061; V062; V063; V064; V065; V066; V068; V070; V072; V073; V074; V075; V076; V077; V078; V079; V080; V082; V083; V087; V089; V090; V091; V092; V093; V094; V095; V097; V098; V100; V101,"Declaración estática; callers candidatos, no runtime; ventanas por dependencia/transversal"
permissions,SIN MODEL APP; no implica desuso,SEGURIDAD,RBAC canónico Spatie y sus pivots,User.HasRoles / Spatie / RolePermissionService [framework y consultas de Permission indirectos],RolePermissionService / Spatie [escritor operacional canónico; catálogo permisos por seeders autorizados futuros],id,0,"PRIMARY:id; UNIQUE:name,guard_name",Hechos y relaciones vigentes; conservar estados y referencias,Sin cálculo materializado identificado,No duplicidad confirmada; ver decisiones de dominio,CONSERVAR_Y_MEJORAR,RolePermissionService escritor operacional; un actor institucional y roles complementarios; sin Role paralelo,Ver hallazgos DB-001..DB-020 y restricciones de eliminación,HISTORICA_DECLARADA,database/migrations/2026_04_09_025343_create_permission_tables.php,5,created_at; updated_at,id=AUTO_SEQUENCE (Blueprint),,NO; no SoftDeletes declarado,STATUS_BASED,RolePermissionService; Spatie; seeders solo futuros autorizados,,"Declaración estática; callers candidatos, no runtime; ventanas por dependencia/transversal"
persona,Persona,IDENTIDAD,Identidad personal independiente del vínculo institucional,"app/Livewire/Admin/GestionCurso.php:3517 [REF_ESTATICA]; app/Livewire/Admin/GestionEstudiantes.php:12,1299,1312,1327,1340,1436 [REF_ESTATICA]; app/Livewire/Admin/GestionInscripciones.php:2340 [REF_ESTATICA]; app/Livewire/Admin/GestionPersonas.php:5,52,761,777,799,1154,1163,1229,1239,1246,1264,1272,1282,1322,1369,1371,1404,1411,1413,1446,1454,1456,1499,1705,1775,1780,1785,1790,1795,1803,1804,1805 [REF_ESTATICA]; app/Livewire/Admin/GestionUsuarios.php:9,263,766 [REF_ESTATICA]; app/Models/Estudiante.php:47 [REF_ESTATICA]; app/Models/PersonalInstitucional.php:44,71 [REF_ESTATICA]; app/Models/User.php:72 [REF_ESTATICA]; app/Policies/PersonaPolicy.php:5,17,27 [REF_ESTATICA]; app/Providers/AppServiceProvider.php:20,64 [REF_ESTATICA]; app/Services/InstitutionalDashboardService.php:10,57 [REF_ESTATICA]; app/Services/OperationalAccountService.php:7,53 [REF_ESTATICA]; app/Support/Academico/InscripcionAcademica.php:1897,2348 [REF_ESTATICA]; app/Support/Personas/PersonaInteligente.php:429,444,457,711,993 [REF_ESTATICA]; database/seeders/AulaVirtual/AulaVirtualFlujoEstudianteSeeder.php:23,44,165 [REF_ESTATICA]; database/seeders/PersonaSeeder.php:15 [REF_ESTATICA]; resources/views/livewire/admin/gestion-estudiantes.blade.php:1080 [REF_ESTATICA]; resources/views/livewire/admin/gestion-personas.blade.php:2,3,623,662,870,996,1055,1619 [REF_ESTATICA]; resources/views/livewire/admin/gestion-usuarios.blade.php:760 [REF_ESTATICA]; resources/views/livewire/secretaria/cuentas.blade.php:42 [REF_ESTATICA]; tests/Unit/InstitutionalAuthorityServiceTest.php:6,15 [REF_ESTATICA]","app/Livewire/Admin/GestionCurso.php:3517 [REF_ESTATICA] [CANDIDATO; verificar método/alias]; app/Livewire/Admin/GestionEstudiantes.php:12,1299,1312,1327,1340,1436 [REF_ESTATICA] [CANDIDATO; verificar método/alias]; app/Livewire/Admin/GestionInscripciones.php:2340 [REF_ESTATICA] [CANDIDATO; verificar método/alias]; app/Livewire/Admin/GestionPersonas.php:5,52,761,777,799,1154,1163,1229,1239,1246,1264,1272,1282,1322,1369,1371,1404,1411,1413,1446,1454,1456,1499,1705,1775,1780,1785,1790,1795,1803,1804,1805 [REF_ESTATICA] [CANDIDATO; verificar método/alias]; app/Livewire/Admin/GestionUsuarios.php:9,263,766 [REF_ESTATICA] [CANDIDATO; verificar método/alias]; app/Services/OperationalAccountService.php:7,53 [REF_ESTATICA] [CANDIDATO; verificar método/alias]; database/seeders/AulaVirtual/AulaVirtualFlujoEstudianteSeeder.php:23,44,165 [REF_ESTATICA] [CANDIDATO; verificar método/alias]; database/seeders/PersonaSeeder.php:15 [REF_ESTATICA] [CANDIDATO; verificar método/alias]",cod_per,0,PRIMARY:cod_per; UNIQUE:ci_per; UNIQUE:ema_per,Hechos y relaciones vigentes; conservar estados y referencias,Sin cálculo materializado identificado,No duplicidad confirmada; ver decisiones de dominio,CONSERVAR_Y_MEJORAR,Definir CI/complemento y correo normalizados; preservar identidad y datos históricos,Ver hallazgos DB-001..DB-020 y restricciones de eliminación,HISTORICA_DECLARADA,database/migrations/0001_01_01_000000_create_persona_table.php,16,ape_mat_per; com_per; created_at; dir_per; ema_per; exp_per; fec_nac_per; fot_per; gen_per; tel_per; updated_at,est_per=True,,NO; no SoftDeletes declarado,STATUS_BASED,Livewire Gestión Personas; PersonaInteligente prevención,V001; V002; V003; V005; V008; V012; V016; V017; V018; V019; V020; V021; V022; V023; V024; V025; V027; V028; V029; V030; V031; V032; V033; V034; V035; V036; V037; V038; V039; V040; V041; V042; V044; V045; V046; V047; V048; V051; V053; V054; V055; V056; V058; V059; V060; V061; V062; V063; V064; V065; V066; V067; V068; V070; V071; V072; V073; V074; V075; V076; V077; V078; V079; V080; V081; V082; V083; V084; V085; V087; V088; V089; V090; V091; V092; V093; V094; V095; V096; V097; V098; V099; V100; V101; V102; V103; V104,"Declaración estática; callers candidatos, no runtime; ventanas por dependencia/transversal"
personal_access_tokens,SIN MODEL APP; no implica desuso,SEGURIDAD,Credenciales de acceso API,Sanctum HasApiTokens [framework indirecto],Sanctum HasApiTokens [framework indirecto],id,0,"INDEX:expires_at; INDEX:tokenable_type,tokenable_id; PRIMARY:id; UNIQUE:token",Hechos y relaciones vigentes; conservar estados y referencias,Sin cálculo materializado identificado,No duplicidad confirmada; ver decisiones de dominio,NORMALIZAR,"Corregir morph bigint frente a User.cod_usu varchar(20), tras perfilado; no cambiar PK User",Ver hallazgos DB-001..DB-020 y restricciones de eliminación,HISTORICA_DECLARADA,database/migrations/2026_04_09_025308_create_personal_access_tokens_table.php,10,abilities; created_at; expires_at; last_used_at; updated_at,id=AUTO_SEQUENCE (Blueprint),,NO; no SoftDeletes declarado,HARD_DELETE_ALLOWED (TTL/retención),Sanctum HasApiTokens,,"Declaración estática; callers candidatos, no runtime; ventanas por dependencia/transversal"
personal_institucional,PersonalInstitucional,IDENTIDAD,Vínculo laboral y cargo,"app/Livewire/Admin/GestionCurso.php:3514 [REF_ESTATICA]; app/Livewire/Admin/GestionUsuarios.php:10,581,1031,1147 [REF_ESTATICA]; app/Livewire/Admin/PersonalInstitucional.php:20 [REF_ESTATICA]; app/Livewire/InstitutionalAuthorization.php:24 [REF_ESTATICA]; app/Models/Administrador.php:43 [REF_ESTATICA]; app/Models/Director.php:43 [REF_ESTATICA]; app/Models/Docente.php:45 [REF_ESTATICA]; app/Models/Regente.php:43 [REF_ESTATICA]; app/Models/SecretariaGeneral.php:43 [REF_ESTATICA]; app/Services/Reportes/DatosReporteAdministrativoService.php:15 [REF_ESTATICA]; database/seeders/AulaVirtual/AulaVirtualFlujoEstudianteSeeder.php:24,182 [REF_ESTATICA]; database/seeders/DATOS/SoporteDatosBolivia.php:807 [REF_ESTATICA]; database/seeders/PersonalInstitucionalSeeder.php:23,34,45,56,67 [REF_ESTATICA]; tests/Feature/Authorization/AcademicContextTest.php:50 [REF_ESTATICA]; tests/Unit/InstitutionalAuthorityServiceTest.php:7,16 [REF_ESTATICA]","app/Livewire/Admin/GestionCurso.php:3514 [REF_ESTATICA] [CANDIDATO; verificar método/alias]; app/Livewire/Admin/GestionUsuarios.php:10,581,1031,1147 [REF_ESTATICA] [CANDIDATO; verificar método/alias]; app/Livewire/Admin/PersonalInstitucional.php:20 [REF_ESTATICA] [CANDIDATO; verificar método/alias]; database/seeders/AulaVirtual/AulaVirtualFlujoEstudianteSeeder.php:24,182 [REF_ESTATICA] [CANDIDATO; verificar método/alias]; database/seeders/DATOS/SoporteDatosBolivia.php:807 [REF_ESTATICA] [CANDIDATO; verificar método/alias]; tests/Feature/Authorization/AcademicContextTest.php:50 [REF_ESTATICA] [CANDIDATO; verificar método/alias]",cod_pin,1,PRIMARY:cod_pin,Hechos y relaciones vigentes; conservar estados y referencias,Sin cálculo materializado identificado,No duplicidad confirmada; ver decisiones de dominio,NORMALIZAR,Cargo no es Role; decidir cardinalidad temporal y UNIQUE condicionado; preservar vínculos,Ver hallazgos DB-001..DB-020 y restricciones de eliminación,HISTORICA_DECLARADA,database/migrations/2026_04_09_033042_create_personal_institucional_table.php,6,created_at; updated_at,est_pin=ACTIVO,,NO; no SoftDeletes declarado,STATUS_BASED,app/Livewire/Admin/PersonalInstitucional.php,V001; V003; V004; V006; V008; V014; V016; V017; V019; V020; V022; V023; V024; V025; V027; V028; V029; V030; V031; V032; V033; V034; V035; V036; V037; V038; V039; V040; V041; V042; V044; V051; V053; V054; V055; V058; V059; V060; V061; V062; V063; V064; V065; V066; V067; V070; V071; V072; V073; V074; V075; V076; V077; V078; V079; V080; V081; V082; V083; V084; V085; V087; V088; V089; V090; V091; V092; V093; V094; V095; V096; V097; V098; V099; V100; V101; V102; V103; V104,"Declaración estática; callers candidatos, no runtime; ventanas por dependencia/transversal"
plan_asignatura,PlanAsignatura,ACADÉMICO,Asignación docente anual a materia/especialidad y grupo,"app/Livewire/Admin/Calificaciones.php:10,110,188 [REF_ESTATICA]; app/Livewire/Admin/GestionAsignatura.php:256,276,297,335,918 [REF_ESTATICA]; app/Livewire/Admin/GestionCurso.php:1129,1201,2318,2413,2505,3083,3122,3147 [REF_ESTATICA]; app/Livewire/Admin/GestionDocente.php:6,70 [REF_ESTATICA]; app/Livewire/Admin/GestionParalelo.php:450 [REF_ESTATICA]; app/Livewire/Admin/PersonalInstitucional.php:11,525,539,841,861,874,896,1099,1103 [REF_ESTATICA]; app/Livewire/Admin/PlanesAsignatura.php:10,58,99,103,123,138,162,163,164,165 [REF_ESTATICA]; app/Models/Asignatura.php:45 [REF_ESTATICA]; app/Models/AulaVirtual/ClaseVirtual.php:5,55 [REF_ESTATICA]; app/Models/Calificacion.php:64 [REF_ESTATICA]; app/Models/Curso.php:49 [REF_ESTATICA]; app/Models/Docente.php:50 [REF_ESTATICA]; app/Models/GestionAcademica.php:50 [REF_ESTATICA]; app/Models/HorarioDetalle.php:75 [REF_ESTATICA]; app/Models/Paralelo.php:44 [REF_ESTATICA]; app/Models/SeguimientoAcademico.php:35 [REF_ESTATICA]; app/Models/Turno.php:45 [REF_ESTATICA]; app/Services/AcademicAccessService.php:9,59,68,101,133 [REF_ESTATICA]; app/Services/CalendarService.php:7,30,34 [REF_ESTATICA]; app/Services/GradeService.php:8,126 [REF_ESTATICA]; app/Services/RegencyReportService.php:7,17,34 [REF_ESTATICA]; app/Support/Academico/GestionAcademicaInteligente.php:1134,1235,1257,1276,1293,1318,1340 [REF_ESTATICA]; app/Support/Academico/PlanAsignaturaInteligente.php:5,17 [REF_ESTATICA]; database/seeders/AulaVirtual/AulaVirtualFlujoEstudianteSeeder.php:25,211 [REF_ESTATICA]; database/seeders/DATOS/SoporteDatosBolivia.php:500 [REF_ESTATICA]; database/seeders/Pruebas/PlanesAsignaturaInstitucionalesSeeder.php:10,37 [REF_ESTATICA]; tests/Feature/Authorization/AcademicContextTest.php:55 [REF_ESTATICA]; tests/Feature/TeacherGradeSupportTest.php:8,128 [REF_ESTATICA]","app/Livewire/Admin/Calificaciones.php:10,110,188 [REF_ESTATICA] [CANDIDATO; verificar método/alias]; app/Livewire/Admin/GestionAsignatura.php:256,276,297,335,918 [REF_ESTATICA] [CANDIDATO; verificar método/alias]; app/Livewire/Admin/GestionCurso.php:1129,1201,2318,2413,2505,3083,3122,3147 [REF_ESTATICA] [CANDIDATO; verificar método/alias]; app/Livewire/Admin/GestionParalelo.php:450 [REF_ESTATICA] [CANDIDATO; verificar método/alias]; app/Livewire/Admin/PersonalInstitucional.php:11,525,539,841,861,874,896,1099,1103 [REF_ESTATICA] [CANDIDATO; verificar método/alias]; app/Livewire/Admin/PlanesAsignatura.php:10,58,99,103,123,138,162,163,164,165 [REF_ESTATICA] [CANDIDATO; verificar método/alias]; app/Services/GradeService.php:8,126 [REF_ESTATICA] [CANDIDATO; verificar método/alias]; app/Support/Academico/GestionAcademicaInteligente.php:1134,1235,1257,1276,1293,1318,1340 [REF_ESTATICA] [CANDIDATO; verificar método/alias]; database/seeders/AulaVirtual/AulaVirtualFlujoEstudianteSeeder.php:25,211 [REF_ESTATICA] [CANDIDATO; verificar método/alias]; database/seeders/DATOS/SoporteDatosBolivia.php:500 [REF_ESTATICA] [CANDIDATO; verificar método/alias]; database/seeders/Pruebas/PlanesAsignaturaInstitucionalesSeeder.php:10,37 [REF_ESTATICA] [CANDIDATO; verificar método/alias]; tests/Feature/Authorization/AcademicContextTest.php:55 [REF_ESTATICA] [CANDIDATO; verificar método/alias]",cod_pas,6,"PRIMARY:cod_pas; UNIQUE:cod_pas,cod_gea,cod_cur",Hechos y relaciones vigentes; conservar estados y referencias,Sin cálculo materializado identificado,No duplicidad confirmada; ver decisiones de dominio,CONSERVAR_Y_MEJORAR,Son fuente del contexto gestión/grado/paralelo/turno/docente; decidir clave natural y reemplazos docentes,Ver hallazgos DB-001..DB-020 y restricciones de eliminación,HISTORICA_DECLARADA,database/migrations/2026_04_09_033070_create_plan_asignatura_table.php; database/migrations/2026_09_30_100001_prepare_kardex_seguimiento_structure.php,11,created_at; hor_pas; updated_at,est_pas=ACTIVO,,NO; no SoftDeletes declarado,STATUS_BASED,CRUD de planes; PlanAsignaturaInteligente prevención,V001; V003; V004; V005; V006; V007; V008; V009; V010; V014; V016; V017; V018; V019; V020; V022; V023; V024; V025; V027; V028; V029; V030; V031; V032; V033; V034; V035; V036; V037; V038; V039; V040; V041; V042; V044; V046; V051; V052; V053; V054; V055; V058; V059; V060; V061; V062; V063; V064; V065; V066; V067; V068; V070; V071; V072; V073; V074; V075; V076; V077; V078; V079; V080; V081; V082; V083; V084; V085; V087; V088; V089; V090; V091; V092; V093; V094; V095; V096; V097; V098; V099; V100; V101; V102; V103; V104,"Declaración estática; callers candidatos, no runtime; ventanas por dependencia/transversal"
plan_especialidad,PlanEspecialidad,ACADÉMICO,Asignación docente anual a materia/especialidad y grupo,"app/Livewire/Admin/GestionCurso.php:1234,1315,2330,2560,3100,3167,3194 [REF_ESTATICA]; app/Livewire/Admin/GestionParalelo.php:464 [REF_ESTATICA]; app/Livewire/Admin/PersonalInstitucional.php:12,581,595,848,865,879,900,1100,1104 [REF_ESTATICA]; app/Models/Curso.php:54 [REF_ESTATICA]; app/Models/Docente.php:55 [REF_ESTATICA]; app/Models/EspecialidadTecnica.php:45 [REF_ESTATICA]; app/Models/HorarioDetalle.php:80 [REF_ESTATICA]; app/Models/Paralelo.php:49 [REF_ESTATICA]; app/Support/Academico/GestionAcademicaInteligente.php:1155 [REF_ESTATICA]","app/Livewire/Admin/GestionCurso.php:1234,1315,2330,2560,3100,3167,3194 [REF_ESTATICA] [CANDIDATO; verificar método/alias]; app/Livewire/Admin/GestionParalelo.php:464 [REF_ESTATICA] [CANDIDATO; verificar método/alias]; app/Livewire/Admin/PersonalInstitucional.php:12,581,595,848,865,879,900,1100,1104 [REF_ESTATICA] [CANDIDATO; verificar método/alias]; app/Support/Academico/GestionAcademicaInteligente.php:1155 [REF_ESTATICA] [CANDIDATO; verificar método/alias]",cod_pes,6,"PRIMARY:cod_pes; UNIQUE:cod_esp,cod_doc,cod_cur,cod_par,cod_tur,cod_gea",Hechos y relaciones vigentes; conservar estados y referencias,Sin cálculo materializado identificado,No duplicidad confirmada; ver decisiones de dominio,CONSERVAR_Y_MEJORAR,Son fuente del contexto gestión/grado/paralelo/turno/docente; decidir clave natural y reemplazos docentes,Ver hallazgos DB-001..DB-020 y restricciones de eliminación,HISTORICA_DECLARADA,database/migrations/2026_05_01_233339_create_plan_especialidad_table.php,11,created_at; updated_at,est_pes=ACTIVO; hor_pes=0,,NO; no SoftDeletes declarado,STATUS_BASED,CRUD de planes; PlanAsignaturaInteligente prevención,V001; V003; V004; V005; V006; V007; V008; V010; V013; V014; V016; V017; V018; V019; V020; V022; V023; V024; V025; V027; V028; V029; V030; V031; V032; V033; V034; V035; V036; V037; V038; V039; V040; V041; V042; V044; V046; V051; V052; V053; V054; V055; V058; V059; V060; V061; V062; V063; V064; V065; V066; V067; V070; V071; V072; V073; V074; V075; V076; V077; V078; V079; V080; V081; V082; V083; V084; V085; V087; V088; V089; V090; V091; V092; V093; V094; V095; V096; V097; V098; V099; V100; V101; V102; V103; V104,"Declaración estática; callers candidatos, no runtime; ventanas por dependencia/transversal"
plantilla_horaria,PlantillaHoraria,ACADÉMICO; CALENDARIO,"Plantilla, cabecera anual, bloques y celdas horarias","app/Livewire/Admin/GestionCurso.php:2447,2612,2807,2837,2900,2928,2950,3043 [REF_ESTATICA]; app/Livewire/Admin/GestionTurnos.php:616,632,659,736,744,789,1028,1299,1347,1396,1410,1418,1429,1437,1471,1508,1511,1545,1718,1763,1780,1887,1898,1932,2028 [REF_ESTATICA]; app/Models/Horario.php:88 [REF_ESTATICA]; app/Models/HorarioBloque.php:71 [REF_ESTATICA]; app/Services/InstitutionalQueryService.php:15,227 [REF_ESTATICA]; app/Support/Academico/InscripcionAcademica.php:1782 [REF_ESTATICA]; app/Support/Academico/TurnoInteligente.php:346,351,1454,1624,1646,1660,1674,1689,1750,1764,1797,1804,1811,1849 [REF_ESTATICA]","app/Livewire/Admin/GestionCurso.php:2447,2612,2807,2837,2900,2928,2950,3043 [REF_ESTATICA] [CANDIDATO; verificar método/alias]; app/Livewire/Admin/GestionTurnos.php:616,632,659,736,744,789,1028,1299,1347,1396,1410,1418,1429,1437,1471,1508,1511,1545,1718,1763,1780,1887,1898,1932,2028 [REF_ESTATICA] [CANDIDATO; verificar método/alias]; app/Support/Academico/TurnoInteligente.php:346,351,1454,1624,1646,1660,1674,1689,1750,1764,1797,1804,1811,1849 [REF_ESTATICA] [CANDIDATO; verificar método/alias]",cod_pho,1,"INDEX:act_pho; INDEX:cod_tur; INDEX:est_pho; INDEX:fec_ini_pho,fec_fin_pho; INDEX:tip_pho; PRIMARY:cod_pho; UNIQUE:cod_tur,tip_pho,nom_pho",Hechos y relaciones vigentes; conservar estados y referencias,Sin cálculo materializado identificado,No duplicidad confirmada; ver decisiones de dominio,CONSERVAR_Y_MEJORAR,No duplicar turno/gestión en detalle; XOR plan curricular/técnico; revisar coherencia de bloque y alcance,Ver hallazgos DB-001..DB-020 y restricciones de eliminación,HISTORICA_DECLARADA,database/migrations/2026_05_04_000000_create_plantilla_horaria_table.php,13,created_at; des_pho; dur_blo_pho; fec_fin_pho; fec_ini_pho; updated_at,act_pho=False; est_pho=True; ord_pho=1; tip_pho=REGULAR,,NO; no SoftDeletes declarado,STATUS_BASED,Gestión Horarios; Gestión Turnos / TurnoInteligente,V008; V011; V012; V023; V029; V030; V031; V032; V033; V034; V037; V039; V040; V041; V047; V051; V053; V060; V061; V062; V065,"Declaración estática; callers candidatos, no runtime; ventanas por dependencia/transversal"
publicacion_clase,PublicacionClase,LMS,Anuncio/publicación con autor y fecha,"app/Models/AulaVirtual/ClaseVirtual.php:65 [REF_ESTATICA]; app/Models/AulaVirtual/MaterialClase.php:59 [REF_ESTATICA]; app/Services/AulaVirtual/PublicacionService.php:6,15,33 [REF_ESTATICA]; database/seeders/AulaVirtual/AulaVirtualFlujoEstudianteSeeder.php:14,250 [REF_ESTATICA]","app/Services/AulaVirtual/PublicacionService.php:6,15,33 [REF_ESTATICA] [CANDIDATO; verificar método/alias]; database/seeders/AulaVirtual/AulaVirtualFlujoEstudianteSeeder.php:14,250 [REF_ESTATICA] [CANDIDATO; verificar método/alias]",cod_pub,3,"INDEX:cod_cla; INDEX:cod_cla,est_pub; INDEX:cod_cla,tip_pub; INDEX:cod_usu; INDEX:est_pub; INDEX:fec_pub; INDEX:tip_pub; INDEX:unidad_id,cod_cla; PRIMARY:cod_pub",Hechos y relaciones vigentes; conservar estados y referencias,Sin cálculo materializado identificado,No duplicidad confirmada; ver decisiones de dominio,CONSERVAR_Y_MEJORAR,Reutilizar; no sustituye unidad; preservar contenido y visibilidad,Ver hallazgos DB-001..DB-020 y restricciones de eliminación,HISTORICA_DECLARADA,database/migrations/2026_09_30_100002_prepare_lms_units_structure.php; database/migrations/aula_virtual/2026_05_17_083825_create_publicacion_clase_table.php,11,con_pub; created_at; fec_pub; unidad_id; updated_at,est_pub=BORRADOR; tip_pub=GENERAL,"est_pub_check: est_pub IN ['BORRADOR', 'PUBLICADO', 'OCULTO', 'ANULADO']; tip_pub_check: tip_pub IN ['ANUNCIO', 'AVISO', 'MATERIAL', 'RECORDATORIO', 'GENERAL']",NO; no SoftDeletes declarado,STATUS_BASED,PublicacionService,V016; V017; V022; V023; V024; V025; V027; V028; V029; V030; V031; V032; V033; V034; V035; V036; V037; V038; V039; V040; V041; V042; V044; V051; V053; V054; V055; V058; V060; V061; V062; V063; V064; V065; V066; V067; V070; V071; V072; V073; V074; V075; V076; V077; V078; V079; V080; V081; V082; V083; V084; V085; V087; V088; V089; V090; V091; V092; V093; V094; V095; V096; V097; V098; V099; V100; V101; V102; V103; V104,"Declaración estática; callers candidatos, no runtime; ventanas por dependencia/transversal"
regente,Regente,IDENTIDAD; ACADÉMICO,Perfil de Regencia ligado a personal,"app/Http/Controllers/DomainBoundaryController.php:17,21 [REF_ESTATICA]; app/Http/Controllers/WorkspaceController.php:36 [REF_ESTATICA]; app/Livewire/Admin/AsignacionesRegencia.php:7,49 [REF_ESTATICA]; app/Livewire/Admin/GestionUsuarios.php:11,35,43,592,1046,1184 [REF_ESTATICA]; app/Models/RegenteAsignacion.php:13 [REF_ESTATICA]; app/Models/Role.php:10 [REF_ESTATICA]; app/Policies/InscripcionEstudiantePolicy.php:18 [REF_ESTATICA]; app/Policies/KardexPolicy.php:18 [REF_ESTATICA]; app/Policies/OrientacionResultadoPolicy.php:19 [REF_ESTATICA]; app/Services/AcademicAccessService.php:36,58,132 [REF_ESTATICA]; app/Services/CalendarService.php:28,29,47,59 [REF_ESTATICA]; app/Services/InstitutionalDashboardService.php:21,30,42 [REF_ESTATICA]; app/Services/InstitutionalQueryService.php:41 [REF_ESTATICA]; app/Services/Kardex/ScopedKardexRepository.php:31 [REF_ESTATICA]; app/Services/RegencyAccessService.php:6,24,42,65,68,78,86 [REF_ESTATICA]; app/Services/RegencyReportService.php:15 [REF_ESTATICA]; app/Services/RoleDashboardResolver.php:14 [REF_ESTATICA]; app/Services/StudentContextService.php:32,46 [REF_ESTATICA]; app/Support/InstitutionalRoleGovernance.php:20,27 [REF_ESTATICA]; app/Support/Personas/PersonaInteligente.php:662 [REF_ESTATICA]; app/Support/WorkspaceNavigation.php:53,90,99,100 [REF_ESTATICA]; database/seeders/DATOS/SoporteDatosBolivia.php:235 [REF_ESTATICA]; database/seeders/PersonalInstitucionalSeeder.php:38,149 [REF_ESTATICA]; database/seeders/RolSeeder.php:52 [REF_ESTATICA]; database/seeders/UsuarioAdminSeeder.php:28 [REF_ESTATICA]; resources/views/livewire/admin/asignaciones-regencia.blade.php:2,7,15 [REF_ESTATICA]; resources/views/livewire/admin/gestion-usuarios.blade.php:455,467 [REF_ESTATICA]; resources/views/pdf/reportes/regencia.blade.php:9 [REF_ESTATICA]; resources/views/workspaces/institucional.blade.php:28 [REF_ESTATICA]; routes/regencia.php:8 [REF_ESTATICA]; routes/workspace_domains.php:11,17 [REF_ESTATICA]; tests/Feature/Authorization/AcademicContextTest.php:51,93,99 [REF_ESTATICA]; tests/Feature/Authorization/WorkspaceAuthorizationTest.php:57 [REF_ESTATICA]; tests/Feature/InstitutionalQueryInteractionTest.php:31 [REF_ESTATICA]; tests/Feature/KardexPreventiveDraftTest.php:43 [REF_ESTATICA]; tests/Feature/SecretaryCatalogDetailTest.php:56 [REF_ESTATICA]; tests/Feature/WorkspaceHttpBoundaryTest.php:31 [REF_ESTATICA]; tests/Unit/AcademicSecurityTest.php:135,150 [REF_ESTATICA]; tests/Unit/AuthorizationBoundariesTest.php:36 [REF_ESTATICA]; tests/Unit/HistoricalReportAuthorizationTest.php:58,59 [REF_ESTATICA]; tests/Unit/InstitutionalRoleGovernanceTest.php:12,30,39 [REF_ESTATICA]; tests/Unit/InstitutionalScopeContractTest.php:30,43 [REF_ESTATICA]; tests/Unit/RegencyReportScopeTest.php:33,53 [REF_ESTATICA]; tests/Unit/RoleDashboardResolverTest.php:41 [REF_ESTATICA]","app/Livewire/Admin/GestionUsuarios.php:11,35,43,592,1046,1184 [REF_ESTATICA] [CANDIDATO; verificar método/alias]; app/Services/RegencyAccessService.php:6,24,42,65,68,78,86 [REF_ESTATICA] [CANDIDATO; verificar método/alias]; database/seeders/DATOS/SoporteDatosBolivia.php:235 [REF_ESTATICA] [CANDIDATO; verificar método/alias]; database/seeders/RolSeeder.php:52 [REF_ESTATICA] [CANDIDATO; verificar método/alias]; database/seeders/UsuarioAdminSeeder.php:28 [REF_ESTATICA] [CANDIDATO; verificar método/alias]; tests/Feature/Authorization/AcademicContextTest.php:51,93,99 [REF_ESTATICA] [CANDIDATO; verificar método/alias]; tests/Feature/SecretaryCatalogDetailTest.php:56 [REF_ESTATICA] [CANDIDATO; verificar método/alias]; tests/Unit/AcademicSecurityTest.php:135,150 [REF_ESTATICA] [CANDIDATO; verificar método/alias]; tests/Unit/AuthorizationBoundariesTest.php:36 [REF_ESTATICA] [CANDIDATO; verificar método/alias]; tests/Unit/RoleDashboardResolverTest.php:41 [REF_ESTATICA] [CANDIDATO; verificar método/alias]",cod_reg,1,PRIMARY:cod_reg,Hechos y relaciones vigentes; conservar estados y referencias,Sin cálculo materializado identificado,No duplicidad confirmada; ver decisiones de dominio,CONSERVAR_Y_MEJORAR,Preservar FK y metadatos; permisos se resuelven por Role y alcance por asignaciones,Ver hallazgos DB-001..DB-020 y restricciones de eliminación,HISTORICA_DECLARADA,database/migrations/2026_04_26_183020_create_regente_table.php,5,created_at; updated_at,est_reg=ACTIVO,,NO; no SoftDeletes declarado,STATUS_BASED,CRUD de personal / RegencyAccessService lectura,V001; V002; V003; V016; V017; V020; V022; V023; V024; V025; V027; V028; V029; V030; V031; V032; V033; V034; V035; V036; V037; V038; V039; V040; V041; V042; V044; V045; V048; V051; V053; V054; V055; V058; V059; V060; V061; V062; V063; V064; V065; V066; V067; V068; V070; V071; V072; V073; V074; V075; V076; V077; V078; V079; V080; V081; V082; V083; V084; V085; V087; V088; V089; V090; V091; V092; V093; V094; V095; V096; V097; V098; V099; V100; V101; V102; V103; V104,"Declaración estática; callers candidatos, no runtime; ventanas por dependencia/transversal"
regente_asignaciones,RegenteAsignacion,ACADÉMICO; SEGURIDAD,Alcance Regente por gestión y grado,"app/Livewire/Admin/AsignacionesRegencia.php:8,31,47 [REF_ESTATICA]; app/Services/RegencyAccessService.php:7,46,53,74,75 [REF_ESTATICA]; tests/Feature/Authorization/AcademicContextTest.php:78,86,87 [REF_ESTATICA]","app/Services/RegencyAccessService.php:7,46,53,74,75 [REF_ESTATICA] [CANDIDATO; verificar método/alias]; tests/Feature/Authorization/AcademicContextTest.php:78,86,87 [REF_ESTATICA] [CANDIDATO; verificar método/alias]",id,3,"INDEX:cod_gea,cod_cur,activa; PRIMARY:id; UNIQUE:cod_reg,cod_gea,cod_cur",Hechos y relaciones vigentes; conservar estados y referencias,Sin cálculo materializado identificado,No duplicidad confirmada; ver decisiones de dominio,CONSERVAR_Y_MEJORAR,Reutilizar única regente/gestión/curso; revocación activa y consulta correlacionada,Ver hallazgos DB-001..DB-020 y restricciones de eliminación,HISTORICA_DECLARADA,database/migrations/2026_09_28_000001_add_reestructuracion_academic_context.php,7,created_at; updated_at,activa=True; id=AUTO_SEQUENCE (Blueprint),,NO; no SoftDeletes declarado,STATUS_BASED,Administración de alcances; RegencyAccessService lectura,V059,"Declaración estática; callers candidatos, no runtime; ventanas por dependencia/transversal"
reportes_generados,ReporteGenerado,AUDITORÍA,Artefacto exportado y trazabilidad de generación,"app/Http/Controllers/Admin/ReportePdfController.php:6,43,75,107,139,171,203,235,272,303,334 [REF_ESTATICA]; app/Http/Controllers/HistoricalReportController.php:5,22 [REF_ESTATICA]; app/Policies/ReporteGeneradoPolicy.php:5,12,18 [REF_ESTATICA]; app/Providers/AppServiceProvider.php:21,71 [REF_ESTATICA]; app/Services/HistoricalReportAccessService.php:5,33,45 [REF_ESTATICA]; app/Services/InstitutionalQueryService.php:16,35 [REF_ESTATICA]; tests/Unit/AcademicSecurityTest.php:12,137 [REF_ESTATICA]; tests/Unit/HistoricalReportAuthorizationTest.php:5,23,25 [REF_ESTATICA]","tests/Unit/AcademicSecurityTest.php:12,137 [REF_ESTATICA] [CANDIDATO; verificar método/alias]",id,0,INDEX:created_at; INDEX:formato; INDEX:tipo_reporte; PRIMARY:id; UNIQUE:codigo,Historial oficial; preservar contexto/rectificación,Sin cálculo materializado identificado,No duplicidad confirmada; ver decisiones de dominio,CONSERVAR_Y_MEJORAR,Propósitos distintos; hash/fecha/actor persistidos; exportación SQL actual no es backup integral restaurable,Ver hallazgos DB-001..DB-020 y restricciones de eliminación,HISTORICA_DECLARADA,database/migrations/2026_06_20_101359_create_reportes_generados_table.php,13,created_at; generado_por; hash_archivo; observacion; updated_at,estado=generado; formato=pdf; id=AUTO_SEQUENCE (Blueprint); tamano_bytes=0,,NO; no SoftDeletes declarado,STATUS_BASED,Servicios Reportes y controllers existentes,V023; V029; V030; V031; V032; V033; V034; V037; V039; V040; V041; V051; V053; V056; V060; V061; V062; V065,"Declaración estática; callers candidatos, no runtime; ventanas por dependencia/transversal"
respaldo_gestion_academica,RespaldoGestionAcademica,AUDITORÍA,Artefacto exportado y trazabilidad de generación,"app/Livewire/Admin/GestionAcademica.php:681,720,739,777,796,832,845,1116,1732 [REF_ESTATICA]; app/Models/GestionAcademica.php:55 [REF_ESTATICA]; app/Support/Academico/GestionAcademicaInteligente.php:594,628,640,653 [REF_ESTATICA]","app/Livewire/Admin/GestionAcademica.php:681,720,739,777,796,832,845,1116,1732 [REF_ESTATICA] [CANDIDATO; verificar método/alias]; app/Support/Academico/GestionAcademicaInteligente.php:594,628,640,653 [REF_ESTATICA] [CANDIDATO; verificar método/alias]",cod_rga,1,INDEX:cod_gea; INDEX:est_rga; INDEX:fec_rga; INDEX:for_rga; INDEX:tip_rga; PRIMARY:cod_rga,Historial oficial; preservar contexto/rectificación,Sin cálculo materializado identificado,No duplicidad confirmada; ver decisiones de dominio,CONSERVAR_Y_MEJORAR,Propósitos distintos; hash/fecha/actor persistidos; exportación SQL actual no es backup integral restaurable,Ver hallazgos DB-001..DB-020 y restricciones de eliminación,HISTORICA_DECLARADA,database/migrations/2026_05_24_051142_create_respaldo_gestion_academicas_table.php,12,created_at; fec_rga; has_rga; obs_rga; rut_rga; tam_rga; updated_at,est_rga=GENERADO; for_rga=ZIP; tip_rga=CIERRE,"respaldo_gestion_est_check: est_rga IN ('GENERADO', 'VALIDADO', 'OBSERVADO', 'ARCHIVADO', 'ANULADO'); respaldo_gestion_for_check: for_rga IN ('ZIP', 'PDF', 'XLSX', 'JSON'); respaldo_gestion_tip_check: tip_rga IN ('PRELIMINAR', 'CIERRE', 'AUDITORIA', 'RECUPERACION')",NO; no SoftDeletes declarado,STATUS_BASED,Servicios Reportes y controllers existentes,V001; V004; V005; V007; V014; V017; V023; V027; V028; V029; V030; V031; V032; V033; V034; V037; V039; V040; V041; V044; V046; V051; V053; V058; V060; V061; V062; V065; V070; V087,"Declaración estática; callers candidatos, no runtime; ventanas por dependencia/transversal"
role_has_permissions,SIN MODEL APP; no implica desuso,SEGURIDAD,RBAC canónico Spatie y sus pivots,User.HasRoles / Spatie / RolePermissionService [framework y consultas de Permission indirectos],RolePermissionService / Spatie [escritor operacional canónico; catálogo permisos por seeders autorizados futuros],"permission_id,role_id",2,"PRIMARY:permission_id,role_id",Hechos y relaciones vigentes; conservar estados y referencias,Sin cálculo materializado identificado,No duplicidad confirmada; ver decisiones de dominio,CONSERVAR_Y_MEJORAR,RolePermissionService escritor operacional; un actor institucional y roles complementarios; sin Role paralelo,Ver hallazgos DB-001..DB-020 y restricciones de eliminación,HISTORICA_DECLARADA,database/migrations/2026_04_09_025343_create_permission_tables.php,2,,,,NO; no SoftDeletes declarado,STATUS_BASED,RolePermissionService; Spatie; seeders solo futuros autorizados,,"Declaración estática; callers candidatos, no runtime; ventanas por dependencia/transversal"
role_requests,RoleRequest,SEGURIDAD; AUDITORÍA,"Solicitud, análisis preventivo y aprobación humana de Role","app/Http/Controllers/Admin/RoleRequestDocumentController.php:6,13 [REF_ESTATICA]; app/Livewire/Admin/RolesPermisos.php:6,186,248,249 [REF_ESTATICA]; app/Services/InstitutionalDocumentAnalyzer.php:5,9 [REF_ESTATICA]; app/Services/RoleRequestService.php:6,37,58,65,90,100,108,143 [REF_ESTATICA]; tests/Unit/InstitutionalDocumentAnalyzerTest.php:5,13 [REF_ESTATICA]","app/Livewire/Admin/RolesPermisos.php:6,186,248,249 [REF_ESTATICA] [CANDIDATO; verificar método/alias]; app/Services/RoleRequestService.php:6,37,58,65,90,100,108,143 [REF_ESTATICA] [CANDIDATO; verificar método/alias]",id,3,INDEX:document_hash; PRIMARY:id,Historial oficial; preservar contexto/rectificación,Sin cálculo materializado identificado,No duplicidad confirmada; ver decisiones de dominio,CONSERVAR_Y_MEJORAR,Snapshot preventivo justificado como evidencia de decisión; no permiso automático ni autenticidad documental,Ver hallazgos DB-001..DB-020 y restricciones de eliminación,HISTORICA_DECLARADA,database/migrations/2026_09_28_000001_create_role_requests_table.php,24,analysis_result; created_at; created_role_id; document_analysis; observations; review_note; reviewed_at; reviewed_by; updated_at,id=AUTO_SEQUENCE (Blueprint),,NO; no SoftDeletes declarado,STATUS_BASED,RoleRequestService; RolePermissionService crea Role,V020,"Declaración estática; callers candidatos, no runtime; ventanas por dependencia/transversal"
roles,Role,SEGURIDAD,RBAC canónico Spatie y sus pivots,"User.HasRoles / Spatie / RolePermissionService [framework y consultas de Permission indirectos]; app/Livewire/Admin/GestionUsuarios.php:12,757,844 [REF_ESTATICA]; app/Livewire/Admin/RolesPermisos.php:5,78,79,90,98,237,240 [REF_ESTATICA]; app/Services/OperationalAccountService.php:8,63 [REF_ESTATICA]; app/Services/RoleDashboardResolver.php:5,33 [REF_ESTATICA]; app/Services/RolePermissionService.php:7,22,82,93,100,107 [REF_ESTATICA]; app/Services/RoleRequestService.php:5,32,135 [REF_ESTATICA]; app/Support/InstitutionalRoleGovernance.php:5,12 [REF_ESTATICA]; config/permission.php:3,31 [REF_ESTATICA]; database/seeders/AulaVirtual/AulaVirtualFlujoEstudianteSeeder.php:34,95,203 [REF_ESTATICA]; database/seeders/AulaVirtualPermissionSeeder.php:7,16,21,26 [REF_ESTATICA]; database/seeders/DATOS/SoporteDatosBolivia.php:9,704 [REF_ESTATICA]; database/seeders/RolSeeder.php:7,26,31,36,41,46,51 [REF_ESTATICA]","RolePermissionService / Spatie [escritor operacional canónico; catálogo permisos por seeders autorizados futuros]; app/Livewire/Admin/GestionUsuarios.php:12,757,844 [REF_ESTATICA] [CANDIDATO; verificar método/alias]; app/Livewire/Admin/RolesPermisos.php:5,78,79,90,98,237,240 [REF_ESTATICA] [CANDIDATO; verificar método/alias]; app/Services/OperationalAccountService.php:8,63 [REF_ESTATICA] [CANDIDATO; verificar método/alias]; app/Services/RolePermissionService.php:7,22,82,93,100,107 [REF_ESTATICA] [CANDIDATO; verificar método/alias]; app/Services/RoleRequestService.php:5,32,135 [REF_ESTATICA] [CANDIDATO; verificar método/alias]; database/seeders/AulaVirtual/AulaVirtualFlujoEstudianteSeeder.php:34,95,203 [REF_ESTATICA] [CANDIDATO; verificar método/alias]; database/seeders/AulaVirtualPermissionSeeder.php:7,16,21,26 [REF_ESTATICA] [CANDIDATO; verificar método/alias]; database/seeders/DATOS/SoporteDatosBolivia.php:9,704 [REF_ESTATICA] [CANDIDATO; verificar método/alias]; database/seeders/RolSeeder.php:7,26,31,36,41,46,51 [REF_ESTATICA] [CANDIDATO; verificar método/alias]",id,0,"PRIMARY:id; UNIQUE:name,guard_name",Hechos y relaciones vigentes; conservar estados y referencias,Sin cálculo materializado identificado,No duplicidad confirmada; ver decisiones de dominio,CONSERVAR_Y_MEJORAR,RolePermissionService escritor operacional; un actor institucional y roles complementarios; sin Role paralelo,Ver hallazgos DB-001..DB-020 y restricciones de eliminación,HISTORICA_DECLARADA,database/migrations/2026_04_09_025343_create_permission_tables.php,5,created_at; updated_at,id=AUTO_SEQUENCE (Blueprint),,NO; no SoftDeletes declarado,STATUS_BASED,RolePermissionService; Spatie; seeders solo futuros autorizados,V001; V003; V016; V017; V020; V022; V024; V025; V027; V028; V035; V036; V038; V042; V044; V048; V054; V055; V058; V063; V064; V066; V067; V070; V071; V072; V073; V074; V075; V076; V077; V078; V079; V080; V081; V082; V083; V084; V085; V087; V088; V089; V090; V091; V092; V093; V094; V095; V096; V097; V098; V099; V100; V101; V102; V103; V104,"Declaración estática; callers candidatos, no runtime; ventanas por dependencia/transversal"
secretaria_general,SecretariaGeneral,IDENTIDAD; LEGACY,Perfil institucional anterior al RBAC canónico,"app/Livewire/Admin/GestionUsuarios.php:13,591,1045,1179 [REF_ESTATICA]; app/Models/PersonalInstitucional.php:54 [REF_ESTATICA]; database/seeders/PersonalInstitucionalSeeder.php:130 [REF_ESTATICA]","app/Livewire/Admin/GestionUsuarios.php:13,591,1045,1179 [REF_ESTATICA] [CANDIDATO; verificar método/alias]",cod_sge,1,PRIMARY:cod_sge,Hechos y relaciones vigentes; conservar estados y referencias,Sin cálculo materializado identificado,No duplicidad confirmada; ver decisiones de dominio,LEGACY_CONSERVADO,Mantener por compatibilidad y datos; no duplicar autorización basada en Role; eventual reemplazo exige prueba de usos,Ver hallazgos DB-001..DB-020 y restricciones de eliminación,HISTORICA_DECLARADA,database/migrations/2026_04_09_033043_create_secretaria_general_table.php,5,created_at; updated_at,est_sge=ACTIVO,,NO; no SoftDeletes declarado,STATUS_BASED,CRUD/perfiles institucionales existentes,V003,"Declaración estática; callers candidatos, no runtime; ventanas por dependencia/transversal"
seguimiento_academico,SeguimientoAcademico,SEGUIMIENTO; KARDEX; NUEVO_REQUERIDO,"Hecho formativo, responsable, contexto y acuerdos","app/Services/Kardex/ScopedKardexRepository.php:7,30 [REF_ESTATICA]; tests/Feature/KardexPreventiveDraftTest.php:6,49 [REF_ESTATICA]",No escritor concreto localizado; no prueba tabla vacía/inútil,cod_seg,9,"INDEX:cod_categoria,version_catalogo; INDEX:cod_est,cod_gea,fec_ape_seg; INDEX:cod_gea,cod_cur,est_seg,fec_pro_seg; INDEX:cod_medida,version_catalogo; INDEX:cod_pas; INDEX:cod_usu_aut; INDEX:cod_usu_res; INDEX:est_seg,version_catalogo; INDEX:niv_ape_seg,version_catalogo; INDEX:tip_seg,version_catalogo; PRIMARY:cod_seg",Historial oficial; preservar contexto/rectificación,Sin cálculo materializado identificado,No duplicidad confirmada; ver decisiones de dominio,NUEVO,Extender concepto selectivo; registrar event_at separado de captura; plan puede no corresponder a incidente general; contexto institucional debe decidirse,No ejecutar; revisar datos y reglas antes de restricción,PROPUESTA_NO_EJECUTADA,database/migrations/2026_09_30_100001_prepare_kardex_seguimiento_structure.php,25,cod_categoria; cod_medida; created_at; fec_cie_seg; fec_pro_seg; obs_seg; pro_acc_seg; res_seg; updated_at,vis_seg=RESTRINGIDO; visible_estudiante=False,"seguimiento_domain_check: version_catalogo > 0 AND NULLIF(TRIM(mot_seg), '') IS NOT NULL AND vis_seg IN ('NORMAL','RESTRINGIDO') AND (NOT visible_estudiante OR vis_seg = 'NORMAL') AND (fec_pro_seg IS NULL OR fec_pro_seg >= fec_ape_seg) AND (fec_cie_seg IS NULL OR fec_cie_seg >= fec_ape_seg)",NO; no SoftDeletes declarado,STATUS_BASED,ScopedKardexRepository lectura futura; KardexService escritura pendiente,V022; V035; V036; V038; V055; V063; V064; V066; V082; V083; V098,"Declaración estática; callers candidatos, no runtime; ventanas por dependencia/transversal"
seguimiento_evidencias,SIN MODEL APP; no implica desuso,KARDEX; AUDITORÍA; NUEVO_REQUERIDO,Revisión append-only y evidencia privada ligada al seguimiento,No caller literal localizado; revisar framework/dinámicos,No escritor concreto localizado; no prueba tabla vacía/inútil,id,2,"INDEX:cod_seg,created_at; INDEX:cod_usu; PRIMARY:id",Historial oficial; preservar contexto/rectificación,Sin cálculo materializado identificado,No duplicidad confirmada; ver decisiones de dominio,NUEVO,Historia de dominio distinta de bitácora operativa; no mutar ni borrar; persistir autor/fecha/hash,No ejecutar; revisar datos y reglas antes de restricción,PROPUESTA_NO_EJECUTADA,database/migrations/2026_09_30_100001_prepare_kardex_seguimiento_structure.php,9,,created_at=CURRENT_TIMESTAMP; id=AUTO_SEQUENCE (Blueprint),seguimiento_evidence_check: bytes > 0 AND sha256 ~ '^[a-f0-9]{64}$' AND ruta LIKE 'kardex/%',NO; no SoftDeletes declarado,IMMUTABLE_HISTORY,Futuro KardexService; escritura aún pendiente,V022; V035; V036; V038; V055; V063; V064; V066; V082; V083; V098,"Declaración estática; callers candidatos, no runtime; ventanas por dependencia/transversal"
seguimiento_revisiones,SIN MODEL APP; no implica desuso,KARDEX; AUDITORÍA; NUEVO_REQUERIDO,Revisión append-only y evidencia privada ligada al seguimiento,No caller literal localizado; revisar framework/dinámicos,No escritor concreto localizado; no prueba tabla vacía/inútil,id,2,"INDEX:cod_seg,created_at; INDEX:cod_usu; PRIMARY:id",Historial oficial; preservar contexto/rectificación,Sin cálculo materializado identificado,No duplicidad confirmada; ver decisiones de dominio,NUEVO,Historia de dominio distinta de bitácora operativa; no mutar ni borrar; persistir autor/fecha/hash,No ejecutar; revisar datos y reglas antes de restricción,PROPUESTA_NO_EJECUTADA,database/migrations/2026_09_30_100001_prepare_kardex_seguimiento_structure.php,7,,created_at=CURRENT_TIMESTAMP; id=AUTO_SEQUENCE (Blueprint),"seguimiento_revision_check: tipo IN ('RECTIFICACION','ANULACION','CAMBIO_ESTADO','SEGUIMIENTO') AND NULLIF(TRIM(motivo), '') IS NOT NULL AND jsonb_typeof(datos) = 'object'",NO; no SoftDeletes declarado,IMMUTABLE_HISTORY,Futuro KardexService; escritura aún pendiente,V022; V035; V036; V038; V055; V063; V064; V066; V082; V083; V098,"Declaración estática; callers candidatos, no runtime; ventanas por dependencia/transversal"
sessions,SIN MODEL APP; no implica desuso,SEGURIDAD,Sesión y recuperación de credenciales,Framework Session / PasswordBroker [framework indirecto],Framework Session / PasswordBroker [framework indirecto],id,0,INDEX:last_activity; INDEX:user_id; PRIMARY:id,Hechos y relaciones vigentes; conservar estados y referencias,Sin cálculo materializado identificado,No duplicidad confirmada; ver decisiones de dominio,CONSERVAR,Expiración y minimización; cuenta institucional con PK textual,Ver hallazgos DB-001..DB-020 y restricciones de eliminación,HISTORICA_DECLARADA,database/migrations/0001_01_01_000001_create_users_table.php,6,ip_address; user_agent; user_id,,,NO; no SoftDeletes declarado,HARD_DELETE_ALLOWED (TTL/retención),Framework Session / PasswordBroker,,"Declaración estática; callers candidatos, no runtime; ventanas por dependencia/transversal"
tarea,Tarea,LMS; EVALUACIÓN,Actividad evaluable con plazo y máximo,"app/Http/Controllers/AulaVirtual/EntregaController.php:8,23 [REF_ESTATICA]; app/Http/Controllers/AulaVirtual/TareaController.php:7,43,46,65 [REF_ESTATICA]; app/Livewire/AulaVirtual/Tareas/EditarTarea.php:5,20,34 [REF_ESTATICA]; app/Livewire/Shared/CourseWorkspace.php:138,146 [REF_ESTATICA]; app/Models/AulaVirtual/CalificacionTarea.php:67 [REF_ESTATICA]; app/Models/AulaVirtual/ClaseVirtual.php:75,90 [REF_ESTATICA]; app/Models/AulaVirtual/EntregaTarea.php:58 [REF_ESTATICA]; app/Models/AulaVirtual/TareaMaterial.php:53 [REF_ESTATICA]; app/Models/AulaVirtual/UnidadClase.php:38 [REF_ESTATICA]; app/Policies/AulaVirtualTareaPolicy.php:5,11,17 [REF_ESTATICA]; app/Providers/AppServiceProvider.php:13,75 [REF_ESTATICA]; app/Services/AulaVirtual/CursoVirtualService.php:11,163,178,234 [REF_ESTATICA]; app/Services/AulaVirtual/EntregaService.php:9,21,35 [REF_ESTATICA]; app/Services/AulaVirtual/TareaService.php:6,19,45,69,74,79,85,99 [REF_ESTATICA]; app/Services/CalendarService.php:5,53 [REF_ESTATICA]; app/Support/Academico/GestionAcademicaInteligente.php:1255,1316 [REF_ESTATICA]; database/seeders/AulaVirtual/AulaVirtualFlujoEstudianteSeeder.php:15,289 [REF_ESTATICA]; resources/views/aula-virtual/tareas/entregar.blade.php:24 [REF_ESTATICA]; resources/views/aula-virtual/tareas/revisar.blade.php:9 [REF_ESTATICA]; resources/views/workspaces/calendario.blade.php:13 [REF_ESTATICA]; tests/Unit/AcademicSecurityTest.php:8,53,59,71 [REF_ESTATICA]; tests/Unit/SubmissionAuthorizationTest.php:7,19 [REF_ESTATICA]","app/Models/AulaVirtual/CalificacionTarea.php:67 [REF_ESTATICA] [CANDIDATO; verificar método/alias]; app/Models/AulaVirtual/EntregaTarea.php:58 [REF_ESTATICA] [CANDIDATO; verificar método/alias]; app/Services/AulaVirtual/EntregaService.php:9,21,35 [REF_ESTATICA] [CANDIDATO; verificar método/alias]; app/Services/AulaVirtual/TareaService.php:6,19,45,69,74,79,85,99 [REF_ESTATICA] [CANDIDATO; verificar método/alias]; app/Support/Academico/GestionAcademicaInteligente.php:1255,1316 [REF_ESTATICA] [CANDIDATO; verificar método/alias]; database/seeders/AulaVirtual/AulaVirtualFlujoEstudianteSeeder.php:15,289 [REF_ESTATICA] [CANDIDATO; verificar método/alias]; tests/Unit/AcademicSecurityTest.php:8,53,59,71 [REF_ESTATICA] [CANDIDATO; verificar método/alias]",cod_tar,3,"INDEX:cod_cla; INDEX:cod_cla,est_tar; INDEX:cod_cla,tip_tar; INDEX:cod_doc; INDEX:cod_doc,est_tar; INDEX:est_tar; INDEX:fec_lim_tar; INDEX:fec_pub_tar; INDEX:tip_tar; INDEX:unidad_id,cod_cla; PRIMARY:cod_tar",Historial oficial; preservar contexto/rectificación,Sin cálculo materializado identificado,No duplicidad confirmada; ver decisiones de dominio,CONSERVAR_Y_MEJORAR,Reusar para prácticas/proyectos; no crear actividad_evaluable duplicada,Ver hallazgos DB-001..DB-020 y restricciones de eliminación,HISTORICA_DECLARADA,database/migrations/2026_09_30_100002_prepare_lms_units_structure.php; database/migrations/2026_09_30_100006_prepare_academic_integrity_checks.php; database/migrations/aula_virtual/2026_05_17_083827_create_tarea_table.php,14,created_at; des_tar; fec_lim_tar; fec_pub_tar; unidad_id; updated_at,est_tar=BORRADOR; perm_ent_tardia=False; pun_max_tar=100; tip_tar=TAREA,"est_tar_check: est_tar IN ['BORRADOR', 'PUBLICADA', 'CERRADA', 'ANULADA']; lms_task_maximum_check: pun_max_tar >= 1 AND pun_max_tar <= 1000; tip_tar_check: tip_tar IN ['TAREA', 'PRACTICA', 'PROYECTO', 'INVESTIGACION', 'LABORATORIO', 'EVALUACION']",NO; no SoftDeletes declarado,STATUS_BASED,TareaService,V007; V016; V017; V022; V023; V024; V025; V027; V028; V029; V030; V031; V032; V033; V034; V035; V036; V037; V038; V039; V040; V041; V042; V044; V051; V053; V054; V055; V058; V060; V061; V062; V063; V064; V065; V066; V067; V070; V071; V072; V073; V074; V075; V076; V077; V078; V079; V080; V081; V082; V083; V084; V085; V087; V088; V089; V090; V091; V092; V093; V094; V095; V096; V097; V098; V099; V100; V101; V102; V103; V104,"Declaración estática; callers candidatos, no runtime; ventanas por dependencia/transversal"
tarea_material,TareaMaterial,LMS; CANDIDATO_FUSIÓN,Recurso de aula o adjunto de una tarea,"app/Http/Controllers/AulaVirtual/TareaController.php:8,86 [REF_ESTATICA]; app/Models/AulaVirtual/Tarea.php:76 [REF_ESTATICA]; app/Services/AulaVirtual/TareaService.php:7,49 [REF_ESTATICA]","app/Models/AulaVirtual/Tarea.php:76 [REF_ESTATICA] [CANDIDATO; verificar método/alias]; app/Services/AulaVirtual/TareaService.php:7,49 [REF_ESTATICA] [CANDIDATO; verificar método/alias]",cod_tar_mat,1,"INDEX:cod_tar; INDEX:cod_tar,est_tar_mat; INDEX:cod_tar,tip_tar_mat; INDEX:est_tar_mat; INDEX:tip_tar_mat; PRIMARY:cod_tar_mat",Hechos y relaciones vigentes; conservar estados y referencias,Sin cálculo materializado identificado,No duplicidad confirmada; ver decisiones de dominio,CONSERVAR_Y_MEJORAR,Scopes distintos; compartir validación/storage antes de plantear biblioteca de activos; no fusionar ahora,Ver hallazgos DB-001..DB-020 y restricciones de eliminación,HISTORICA_DECLARADA,database/migrations/aula_virtual/2026_05_17_083828_create_tarea_material_table.php,11,created_at; mime_tar_mat; rut_tar_mat; tam_tar_mat; updated_at; url_tar_mat,est_tar_mat=ACTIVO; tip_tar_mat=ARCHIVO,"est_tar_mat_check: est_tar_mat IN ['ACTIVO', 'OCULTO', 'ANULADO']; tip_tar_mat_check: tip_tar_mat IN ['ARCHIVO', 'ENLACE', 'PDF', 'VIDEO', 'IMAGEN', 'DOCUMENTO', 'OTRO']",NO; no SoftDeletes declarado,STATUS_BASED,MaterialService / TareaService,V016; V017; V022; V024; V025; V027; V028; V035; V036; V038; V042; V044; V054; V055; V058; V063; V064; V066; V067; V070; V071; V072; V073; V074; V075; V076; V077; V078; V079; V080; V081; V082; V083; V084; V085; V087; V088; V089; V090; V091; V092; V093; V094; V095; V096; V097; V098; V099; V100; V101; V102; V103; V104,"Declaración estática; callers candidatos, no runtime; ventanas por dependencia/transversal"
tipo_vinculacion_estudiante,TipoVinculacionEstudiante,CONFIGURACIÓN,Catálogos de procedencia y vínculo estudiantil,"app/Livewire/Admin/GestionEstudiantes.php:13,1757 [REF_ESTATICA]; app/Livewire/Admin/ReportesAdministrativos.php:15,46 [REF_ESTATICA]; app/Livewire/Admin/TipoVinculacionEstudiante.php:5,9 [REF_ESTATICA]; app/Livewire/InstitutionalAuthorization.php:29,39 [REF_ESTATICA]; app/Models/Estudiante.php:52 [REF_ESTATICA]; app/Services/Reportes/DatosReporteAdministrativoService.php:16,42 [REF_ESTATICA]; app/Support/Comunidad/TipoVinculacionEstudianteInteligente.php:5,14 [REF_ESTATICA]; database/seeders/AulaVirtual/AulaVirtualFlujoEstudianteSeeder.php:26,61 [REF_ESTATICA]; database/seeders/DATOS/SoporteDatosBolivia.php:126 [REF_ESTATICA]; database/seeders/TipoVinculacionSeeder.php:15 [REF_ESTATICA]; tests/Unit/SupportPreventiveTest.php:7,207 [REF_ESTATICA]","app/Livewire/Admin/GestionEstudiantes.php:13,1757 [REF_ESTATICA] [CANDIDATO; verificar método/alias]; database/seeders/AulaVirtual/AulaVirtualFlujoEstudianteSeeder.php:26,61 [REF_ESTATICA] [CANDIDATO; verificar método/alias]; database/seeders/DATOS/SoporteDatosBolivia.php:126 [REF_ESTATICA] [CANDIDATO; verificar método/alias]; database/seeders/TipoVinculacionSeeder.php:15 [REF_ESTATICA] [CANDIDATO; verificar método/alias]",cod_tve,0,PRIMARY:cod_tve,Hechos y relaciones vigentes; conservar estados y referencias,Sin cálculo materializado identificado,No duplicidad confirmada; ver decisiones de dominio,CONSERVAR,Mantener identidad y estados; no copiar a un catálogo genérico,Ver hallazgos DB-001..DB-020 y restricciones de eliminación,HISTORICA_DECLARADA,database/migrations/2026_04_09_033043_create_tipo_vinculacion_estudiante_table.php,6,created_at; des_tve; updated_at,est_tve=ACTIVO,,NO; no SoftDeletes declarado,STATUS_BASED,CRUD y Supports comunitarios existentes,V001; V003; V005; V016; V017; V018; V019; V020; V022; V023; V024; V025; V027; V028; V029; V030; V031; V032; V033; V034; V035; V036; V037; V038; V039; V040; V041; V042; V044; V046; V050; V051; V053; V054; V055; V058; V060; V061; V062; V063; V064; V065; V066; V067; V070; V071; V072; V073; V074; V075; V076; V077; V078; V079; V080; V081; V082; V083; V084; V085; V087; V088; V089; V090; V091; V092; V093; V094; V095; V096; V097; V098; V099; V100; V101; V102; V103; V104,"Declaración estática; callers candidatos, no runtime; ventanas por dependencia/transversal"
turno,Turno,ACADÉMICO; CONFIGURACIÓN,Catálogo de sección y jornada,"app/Http/Controllers/AdminDashboardController.php:15,67 [REF_ESTATICA]; app/Livewire/Admin/GestionCurso.php:1914,1917,2614,2649,2651,3396,3475,3480 [REF_ESTATICA]; app/Livewire/Admin/GestionInscripciones.php:744,2344 [REF_ESTATICA]; app/Livewire/Admin/GestionTurnos.php:427,448,792,1034,1293,1341,1386,1457,1505,1622,1636,1694,1704 [REF_ESTATICA]; app/Livewire/Admin/PersonalInstitucional.php:13,280,282,1155 [REF_ESTATICA]; app/Livewire/Admin/PlanesAsignatura.php:11,159 [REF_ESTATICA]; app/Livewire/Admin/ReportesAdministrativos.php:16,44 [REF_ESTATICA]; app/Models/Horario.php:96 [REF_ESTATICA]; app/Models/HorarioBloque.php:79 [REF_ESTATICA]; app/Models/InscripcionEstudiante.php:100 [REF_ESTATICA]; app/Models/PlanAsignatura.php:69 [REF_ESTATICA]; app/Models/PlanEspecialidad.php:67 [REF_ESTATICA]; app/Models/PlantillaHoraria.php:72 [REF_ESTATICA]; app/Services/InstitutionalQueryService.php:17,31,174,223,226 [REF_ESTATICA]; app/Services/Reportes/DatosReporteAdministrativoService.php:17,38 [REF_ESTATICA]; app/Support/Academico/InscripcionAcademica.php:383,662,1901,2441,2502 [REF_ESTATICA]; app/Support/Academico/TurnoInteligente.php:124,241,328,1010,1029,1039,1052,1092,1149,1361,1375,1596,1613,1738,2429,2727 [REF_ESTATICA]; database/seeders/AulaVirtual/AulaVirtualFlujoEstudianteSeeder.php:27,144 [REF_ESTATICA]; database/seeders/DATOS/SoporteDatosBolivia.php:122 [REF_ESTATICA]; database/seeders/Pruebas/PlanesAsignaturaInstitucionalesSeeder.php:11,22 [REF_ESTATICA]; database/seeders/TurnoSeeder.php:15 [REF_ESTATICA]; resources/views/aula-virtual/componentes/course-card.blade.php:23 [REF_ESTATICA]; resources/views/livewire/admin/gestion-curso.blade.php:2564,2775,2792,2793,2881,2890,3266 [REF_ESTATICA]; resources/views/livewire/admin/gestion-inscripciones.blade.php:57,113,115,207,687,841,960,1195,1494,1627,1647,1654,1673,1831,1846,1853,2469,2785 [REF_ESTATICA]; resources/views/livewire/admin/gestion-turnos.blade.php:739,831,832,940,941,1050,1151,1333,1821,1836,1845,2397,2509,2511,2619,2829,2861,3085,3996,3998 [REF_ESTATICA]; resources/views/livewire/admin/personal-institucional.blade.php:106,130,1248,1342,1586,1612,1696 [REF_ESTATICA]; resources/views/livewire/admin/planes-asignatura.blade.php:67 [REF_ESTATICA]; resources/views/livewire/shared/institutional-query.blade.php:17 [REF_ESTATICA]; resources/views/pdf/reportes/regencia.blade.php:3 [REF_ESTATICA]; tests/Feature/InstitutionalQueryInteractionTest.php:100 [REF_ESTATICA]; tests/Unit/InstitutionalCatalogFilterTest.php:6,29 [REF_ESTATICA]","app/Livewire/Admin/GestionCurso.php:1914,1917,2614,2649,2651,3396,3475,3480 [REF_ESTATICA] [CANDIDATO; verificar método/alias]; app/Livewire/Admin/GestionInscripciones.php:744,2344 [REF_ESTATICA] [CANDIDATO; verificar método/alias]; app/Livewire/Admin/GestionTurnos.php:427,448,792,1034,1293,1341,1386,1457,1505,1622,1636,1694,1704 [REF_ESTATICA] [CANDIDATO; verificar método/alias]; app/Livewire/Admin/PersonalInstitucional.php:13,280,282,1155 [REF_ESTATICA] [CANDIDATO; verificar método/alias]; app/Livewire/Admin/PlanesAsignatura.php:11,159 [REF_ESTATICA] [CANDIDATO; verificar método/alias]; app/Support/Academico/TurnoInteligente.php:124,241,328,1010,1029,1039,1052,1092,1149,1361,1375,1596,1613,1738,2429,2727 [REF_ESTATICA] [CANDIDATO; verificar método/alias]; database/seeders/AulaVirtual/AulaVirtualFlujoEstudianteSeeder.php:27,144 [REF_ESTATICA] [CANDIDATO; verificar método/alias]; database/seeders/DATOS/SoporteDatosBolivia.php:122 [REF_ESTATICA] [CANDIDATO; verificar método/alias]; database/seeders/Pruebas/PlanesAsignaturaInstitucionalesSeeder.php:11,22 [REF_ESTATICA] [CANDIDATO; verificar método/alias]; database/seeders/TurnoSeeder.php:15 [REF_ESTATICA] [CANDIDATO; verificar método/alias]",cod_tur,0,PRIMARY:cod_tur,Hechos y relaciones vigentes; conservar estados y referencias,Sin cálculo materializado identificado,No duplicidad confirmada; ver decisiones de dominio,CONSERVAR_Y_MEJORAR,Capacidad requiere contexto anual; no persistir cupos disponibles derivados; horas coherentes,Ver hallazgos DB-001..DB-020 y restricciones de eliminación,HISTORICA_DECLARADA,database/migrations/2026_04_09_033045_create_turno_table.php,7,created_at; hor_fin_tur; hor_ini_tur; updated_at,est_tur=ACTIVO,,NO; no SoftDeletes declarado,STATUS_BASED,CRUD existente; TurnoInteligente actualmente también escribe,V001; V004; V005; V006; V008; V011; V012; V014; V016; V017; V019; V022; V023; V024; V025; V027; V028; V029; V030; V031; V032; V033; V034; V035; V036; V037; V038; V039; V040; V041; V042; V044; V046; V047; V051; V053; V054; V055; V058; V060; V061; V062; V063; V064; V065; V066; V067; V068; V070; V072; V073; V074; V075; V076; V077; V078; V079; V080; V081; V082; V083; V087; V089; V090; V091; V092; V093; V094; V095; V096; V098,"Declaración estática; callers candidatos, no runtime; ventanas por dependencia/transversal"
unidades_clase,UnidadClase,LMS; NUEVO_REQUERIDO,Unidad/sección organizativa del contenido de una clase,"app/Services/AulaVirtual/UnitContentService.php:5,28 [REF_ESTATICA]",No escritor concreto localizado; no prueba tabla vacía/inútil,id,2,"INDEX:cod_cla,publicada,archivada_at; INDEX:created_by; PRIMARY:id; UNIQUE:cod_cla,orden; UNIQUE:id,cod_cla",Hechos y relaciones vigentes; conservar estados y referencias,Sin cálculo materializado identificado,No duplicidad confirmada; ver decisiones de dominio,NUEVO,MIG-002 admisible; no afirma ser unidad curricular nacional; enlaces históricos nullable,No ejecutar; revisar datos y reglas antes de restricción,PROPUESTA_NO_EJECUTADA,database/migrations/2026_09_30_100002_prepare_lms_units_structure.php,10,archivada_at; created_at; descripcion; updated_at,id=AUTO_SEQUENCE (Blueprint); publicada=False,"units_content_check: orden > 0 AND NULLIF(TRIM(titulo), '') IS NOT NULL AND (archivada_at IS NULL OR NOT publicada)",NO; no SoftDeletes declarado,STATUS_BASED,UnitContentService lectura; edición futura,V072; V073; V074; V075; V076; V077; V078; V079; V080; V089; V090; V091; V092; V093; V094; V095,"Declaración estática; callers candidatos, no runtime; ventanas por dependencia/transversal"
user_status_logs,SIN MODEL APP; no implica desuso,AUDITORÍA,Historial de estados de cuenta,No caller literal localizado; revisar framework/dinámicos,No escritor concreto localizado; no prueba tabla vacía/inútil,id,2,PRIMARY:id,Historial oficial; preservar contexto/rectificación,Sin cálculo materializado identificado,No duplicidad confirmada; ver decisiones de dominio,CONSERVAR_Y_MEJORAR,Conservar hechos; revisar CASCADE de usuario; no sustituye bitácora,Ver hallazgos DB-001..DB-020 y restricciones de eliminación,HISTORICA_DECLARADA,database/migrations/0001_01_01_000001_create_users_table.php,7,cod_usu_admin; created_at; motivo; updated_at,id=AUTO_SEQUENCE (Blueprint),"est_usu_check: est_usu IN ['ACTIVO', 'INACTIVO']",NO; no SoftDeletes declarado,IMMUTABLE_HISTORY,Livewire/Admin/GestionUsuarios.php,,"Declaración estática; callers candidatos, no runtime; ventanas por dependencia/transversal"
users,User,IDENTIDAD; SEGURIDAD,"Cuenta, credenciales y proveedor de autenticación","app/Actions/Fortify/CreateNewUser.php:5,20,29 [REF_ESTATICA]; app/Actions/Fortify/ResetUserPassword.php:5,22 [REF_ESTATICA]; app/Actions/Fortify/UpdateUserProfileInformation.php:5,18,59 [REF_ESTATICA]; app/Actions/Jetstream/DeleteUser.php:5,13 [REF_ESTATICA]; app/Contracts/KardexRepository.php:6,13 [REF_ESTATICA]; app/Http/Controllers/AdminDashboardController.php:16,38,58,73 [REF_ESTATICA]; app/Http/Controllers/Auth/GoogleAuthController.php:6,71 [REF_ESTATICA]; app/Livewire/Admin/Bitacora.php:6,496,688,764,1002 [REF_ESTATICA]; app/Livewire/Admin/GestionUsuarios.php:14,95,283,344,384,470,568,653,722,767,780,786,789,798,803,808,813,825,841,849,862,893,951,999,1016,1059,1120,1238,1261 [REF_ESTATICA]; app/Livewire/Admin/ReportesAdministrativos.php:17,36 [REF_ESTATICA]; app/Livewire/Secretaria/Cuentas.php:5,25,41 [REF_ESTATICA]; app/Livewire/Shared/TeacherGradeForm.php:5,32 [REF_ESTATICA]; app/Models/AulaVirtual/ActividadClase.php:6,70 [REF_ESTATICA]; app/Models/AulaVirtual/AsistenciaClase.php:7,79 [REF_ESTATICA]; app/Models/AulaVirtual/AsistenciaEstudiante.php:6,76 [REF_ESTATICA]; app/Models/AulaVirtual/MaterialClase.php:5,64 [REF_ESTATICA]; app/Models/AulaVirtual/OrientacionActividad.php:7,45 [REF_ESTATICA]; app/Models/AulaVirtual/PublicacionClase.php:5,63 [REF_ESTATICA]; app/Models/AulaVirtual/UnidadClase.php:5,28 [REF_ESTATICA]; app/Models/Bitacora.php:6,78 [REF_ESTATICA]; app/Models/CalendarioEvento.php:38 [REF_ESTATICA]; app/Models/MetaAcademica.php:36 [REF_ESTATICA]; app/Models/Persona.php:6,51 [REF_ESTATICA]; app/Models/PersonalInstitucional.php:70 [REF_ESTATICA]; app/Models/SeguimientoAcademico.php:45 [REF_ESTATICA]; app/Policies/AulaVirtualAsistenciaPolicy.php:6,11,19 [REF_ESTATICA]; app/Policies/AulaVirtualCursoPolicy.php:6,11,19 [REF_ESTATICA]; app/Policies/AulaVirtualEntregaPolicy.php:6,11,27,32 [REF_ESTATICA]; app/Policies/AulaVirtualMaterialPolicy.php:6,11,19 [REF_ESTATICA]; app/Policies/AulaVirtualTareaPolicy.php:6,11,17 [REF_ESTATICA]; app/Policies/CalificacionPolicy.php:6,11,16 [REF_ESTATICA]; app/Policies/CursoPolicy.php:6,12,17 [REF_ESTATICA]; app/Policies/DocumentoInscripcionEstudiantePolicy.php:6,12 [REF_ESTATICA]; app/Policies/EstudiantePolicy.php:6,12,17 [REF_ESTATICA]; app/Policies/InscripcionEstudiantePolicy.php:6,13,28 [REF_ESTATICA]; app/Policies/KardexPolicy.php:6,13,24 [REF_ESTATICA]; app/Policies/MetaAcademicaPolicy.php:6,12,18 [REF_ESTATICA]; app/Policies/OrientacionResultadoPolicy.php:7,14,31 [REF_ESTATICA]; app/Policies/PersonaPolicy.php:6,11,17,22,27 [REF_ESTATICA]; app/Policies/ReporteGeneradoPolicy.php:6,12,18 [REF_ESTATICA]; app/Policies/UserPolicy.php:5,10,16,21,26 [REF_ESTATICA]; app/Providers/AppServiceProvider.php:22,63 [REF_ESTATICA]; app/Providers/FortifyServiceProvider.php:39 [REF_ESTATICA]; app/Services/AcademicAccessService.php:10,17,22,49,80,118 [REF_ESTATICA]; app/Services/AcademicGoalService.php:6,20,32,69,79 [REF_ESTATICA]; app/Services/AulaVirtual/AsistenciaService.php:10,18 [REF_ESTATICA]; app/Services/AulaVirtual/CursoVirtualService.php:14,23,36,49,54,81,86,102,107,112,124,157,228 [REF_ESTATICA]; app/Services/AulaVirtual/MaterialService.php:7,19,61,78 [REF_ESTATICA]; app/Services/AulaVirtual/OrientacionService.php:10,21 [REF_ESTATICA]; app/Services/AulaVirtual/UnitContentService.php:6,17 [REF_ESTATICA]; app/Services/CalendarService.php:8,20,49 [REF_ESTATICA]; app/Services/GradeService.php:9,26,36,55,70,100,106 [REF_ESTATICA]; app/Services/HistoricalReportAccessService.php:6,19,30,45 [REF_ESTATICA]; app/Services/InstitutionalDashboardService.php:11,60 [REF_ESTATICA]; app/Services/InstitutionalQueryService.php:18,38,181,209 [REF_ESTATICA]; app/Services/Kardex/KardexService.php:7,22,30,40 [REF_ESTATICA]; app/Services/Kardex/ScopedKardexRepository.php:8,26,56 [REF_ESTATICA]; app/Services/Kardex/UnavailableKardexRepository.php:7,16 [REF_ESTATICA]; app/Services/NotificationService.php:5,17,27,38,49 [REF_ESTATICA]; app/Services/OperationalAccountService.php:9,21,34,50,54,64,86,90 [REF_ESTATICA]; app/Services/RegencyAccessService.php:8,22,40,53 [REF_ESTATICA]; app/Services/RegencyReportService.php:8,13,34 [REF_ESTATICA]; app/Services/ReportAccessService.php:5,9 [REF_ESTATICA]; app/Services/Reportes/DatosReporteAdministrativoService.php:18,29,30,48 [REF_ESTATICA]; app/Services/RoleDashboardResolver.php:6,19,26 [REF_ESTATICA]; app/Services/RolePermissionService.php:8,26,37,58,82,87,93,97,107 [REF_ESTATICA]; app/Services/RoleRequestService.php:7,21,37,86,100,135 [REF_ESTATICA]; app/Services/StudentContextService.php:8,16 [REF_ESTATICA]; app/Support/Personas/PersonaInteligente.php:555 [REF_ESTATICA]; app/Support/WorkspaceNavigation.php:5,11 [REF_ESTATICA]; config/auth.php:3,67 [REF_ESTATICA]; database/factories/UserFactory.php:6,63 [REF_ESTATICA]; database/seeders/AulaVirtual/AulaVirtualFlujoEstudianteSeeder.php:28,83,86,192,195 [REF_ESTATICA]; database/seeders/DATOS/SoporteDatosBolivia.php:655,710,808 [REF_ESTATICA]; database/seeders/UsuarioAdminSeeder.php:5,166 [REF_ESTATICA]; tests/Feature/AcademicGoalDraftTest.php:6,14,16 [REF_ESTATICA]; tests/Feature/ApiTokenPermissionsTest.php:5,23 [REF_ESTATICA]; tests/Feature/AuthenticationPersistenceTest.php:5,16,24 [REF_ESTATICA]; tests/Feature/Authorization/AcademicContextTest.php:7,61,63 [REF_ESTATICA]; tests/Feature/Authorization/WorkspaceAuthorizationTest.php:5,37,39 [REF_ESTATICA]; tests/Feature/BrowserSessionsTest.php:5,17 [REF_ESTATICA]; tests/Feature/CreateApiTokenTest.php:5,22 [REF_ESTATICA]; tests/Feature/DeleteAccountTest.php:5,22,37 [REF_ESTATICA]; tests/Feature/DeleteApiTokenTest.php:5,23 [REF_ESTATICA]; tests/Feature/EmailVerificationTest.php:5,23,38,60 [REF_ESTATICA]; tests/Feature/FortifyScreenTest.php:5,32 [REF_ESTATICA]; tests/Feature/InstitutionalQueryInteractionTest.php:7,18,20 [REF_ESTATICA]; tests/Feature/KardexPreventiveDraftTest.php:7,16,18 [REF_ESTATICA]; tests/Feature/PasswordConfirmationTest.php:5,15,27 [REF_ESTATICA]; tests/Feature/PasswordResetTest.php:5,24,41 [REF_ESTATICA]; tests/Feature/ProfileInformationTest.php:5,17,27 [REF_ESTATICA]; tests/Feature/RegistrationPersistenceTest.php:21 [REF_ESTATICA]; tests/Feature/SecretaryCatalogDetailTest.php:6,18,20,31 [REF_ESTATICA]; tests/Feature/SpecializedSupportBoundaryTest.php:8,20 [REF_ESTATICA]; tests/Feature/SupportLivewireIntegrationTest.php:6,20,22 [REF_ESTATICA]; tests/Feature/TeacherGradeSupportTest.php:9,23,25 [REF_ESTATICA]; tests/Feature/TeacherReportPdfTest.php:6,17,19 [REF_ESTATICA]; tests/Feature/TwoFactorAuthenticationSettingsTest.php:5,22,41,63 [REF_ESTATICA]; tests/Feature/UpdatePasswordTest.php:5,18,33,49 [REF_ESTATICA]; tests/Feature/WorkspaceHttpBoundaryTest.php:5,14,16 [REF_ESTATICA]; tests/Unit/AcademicSecurityTest.php:13,32,44,59,64,77,87,97,107,118,132,143,148,158 [REF_ESTATICA]; tests/Unit/AuthorizationBoundariesTest.php:11,24,41,56,66,77,89 [REF_ESTATICA]; tests/Unit/HistoricalReportAuthorizationTest.php:6,13,15 [REF_ESTATICA]; tests/Unit/InstitutionalScopeContractTest.php:9,17,19 [REF_ESTATICA]; tests/Unit/KardexBoundaryTest.php:7,25,40,49,58 [REF_ESTATICA]; tests/Unit/NotificationBoundaryTest.php:5,12,14 [REF_ESTATICA]; tests/Unit/PreparedPersistenceBoundaryTest.php:6,20,22 [REF_ESTATICA]; tests/Unit/RegencyReportScopeTest.php:5,15,17 [REF_ESTATICA]; tests/Unit/RoleDashboardResolverTest.php:6,19,28,49,58,64 [REF_ESTATICA]; tests/Unit/RoleRequestAuthorizationTest.php:5,27,29 [REF_ESTATICA]; tests/Unit/SubmissionAuthorizationTest.php:9,24,35,46,58 [REF_ESTATICA]; tests/Unit/WorkspaceIntegrityTest.php:12,24,26,55,78 [REF_ESTATICA]","app/Actions/Fortify/CreateNewUser.php:5,20,29 [REF_ESTATICA] [CANDIDATO; verificar método/alias]; app/Actions/Fortify/ResetUserPassword.php:5,22 [REF_ESTATICA] [CANDIDATO; verificar método/alias]; app/Actions/Fortify/UpdateUserProfileInformation.php:5,18,59 [REF_ESTATICA] [CANDIDATO; verificar método/alias]; app/Actions/Jetstream/DeleteUser.php:5,13 [REF_ESTATICA] [CANDIDATO; verificar método/alias]; app/Http/Controllers/Auth/GoogleAuthController.php:6,71 [REF_ESTATICA] [CANDIDATO; verificar método/alias]; app/Livewire/Admin/GestionUsuarios.php:14,95,283,344,384,470,568,653,722,767,780,786,789,798,803,808,813,825,841,849,862,893,951,999,1016,1059,1120,1238,1261 [REF_ESTATICA] [CANDIDATO; verificar método/alias]; app/Livewire/Secretaria/Cuentas.php:5,25,41 [REF_ESTATICA] [CANDIDATO; verificar método/alias]; app/Livewire/Shared/TeacherGradeForm.php:5,32 [REF_ESTATICA] [CANDIDATO; verificar método/alias]; app/Models/AulaVirtual/AsistenciaClase.php:7,79 [REF_ESTATICA] [CANDIDATO; verificar método/alias]; app/Models/AulaVirtual/AsistenciaEstudiante.php:6,76 [REF_ESTATICA] [CANDIDATO; verificar método/alias]; app/Models/AulaVirtual/PublicacionClase.php:5,63 [REF_ESTATICA] [CANDIDATO; verificar método/alias]; app/Services/AcademicGoalService.php:6,20,32,69,79 [REF_ESTATICA] [CANDIDATO; verificar método/alias]; app/Services/AulaVirtual/AsistenciaService.php:10,18 [REF_ESTATICA] [CANDIDATO; verificar método/alias]; app/Services/AulaVirtual/MaterialService.php:7,19,61,78 [REF_ESTATICA] [CANDIDATO; verificar método/alias]; app/Services/AulaVirtual/OrientacionService.php:10,21 [REF_ESTATICA] [CANDIDATO; verificar método/alias]; app/Services/GradeService.php:9,26,36,55,70,100,106 [REF_ESTATICA] [CANDIDATO; verificar método/alias]; app/Services/Kardex/KardexService.php:7,22,30,40 [REF_ESTATICA] [CANDIDATO; verificar método/alias]; app/Services/NotificationService.php:5,17,27,38,49 [REF_ESTATICA] [CANDIDATO; verificar método/alias]; app/Services/OperationalAccountService.php:9,21,34,50,54,64,86,90 [REF_ESTATICA] [CANDIDATO; verificar método/alias]; app/Services/RegencyAccessService.php:8,22,40,53 [REF_ESTATICA] [CANDIDATO; verificar método/alias]; app/Services/RolePermissionService.php:8,26,37,58,82,87,93,97,107 [REF_ESTATICA] [CANDIDATO; verificar método/alias]; app/Services/RoleRequestService.php:7,21,37,86,100,135 [REF_ESTATICA] [CANDIDATO; verificar método/alias]; database/seeders/AulaVirtual/AulaVirtualFlujoEstudianteSeeder.php:28,83,86,192,195 [REF_ESTATICA] [CANDIDATO; verificar método/alias]; database/seeders/DATOS/SoporteDatosBolivia.php:655,710,808 [REF_ESTATICA] [CANDIDATO; verificar método/alias]; database/seeders/UsuarioAdminSeeder.php:5,166 [REF_ESTATICA] [CANDIDATO; verificar método/alias]; tests/Feature/ApiTokenPermissionsTest.php:5,23 [REF_ESTATICA] [CANDIDATO; verificar método/alias]; tests/Feature/AuthenticationPersistenceTest.php:5,16,24 [REF_ESTATICA] [CANDIDATO; verificar método/alias]; tests/Feature/Authorization/AcademicContextTest.php:7,61,63 [REF_ESTATICA] [CANDIDATO; verificar método/alias]; tests/Feature/BrowserSessionsTest.php:5,17 [REF_ESTATICA] [CANDIDATO; verificar método/alias]; tests/Feature/CreateApiTokenTest.php:5,22 [REF_ESTATICA] [CANDIDATO; verificar método/alias]; tests/Feature/DeleteAccountTest.php:5,22,37 [REF_ESTATICA] [CANDIDATO; verificar método/alias]; tests/Feature/DeleteApiTokenTest.php:5,23 [REF_ESTATICA] [CANDIDATO; verificar método/alias]; tests/Feature/EmailVerificationTest.php:5,23,38,60 [REF_ESTATICA] [CANDIDATO; verificar método/alias]; tests/Feature/PasswordConfirmationTest.php:5,15,27 [REF_ESTATICA] [CANDIDATO; verificar método/alias]; tests/Feature/PasswordResetTest.php:5,24,41 [REF_ESTATICA] [CANDIDATO; verificar método/alias]; tests/Feature/ProfileInformationTest.php:5,17,27 [REF_ESTATICA] [CANDIDATO; verificar método/alias]; tests/Feature/SecretaryCatalogDetailTest.php:6,18,20,31 [REF_ESTATICA] [CANDIDATO; verificar método/alias]; tests/Feature/TwoFactorAuthenticationSettingsTest.php:5,22,41,63 [REF_ESTATICA] [CANDIDATO; verificar método/alias]; tests/Feature/UpdatePasswordTest.php:5,18,33,49 [REF_ESTATICA] [CANDIDATO; verificar método/alias]; tests/Unit/AcademicSecurityTest.php:13,32,44,59,64,77,87,97,107,118,132,143,148,158 [REF_ESTATICA] [CANDIDATO; verificar método/alias]; tests/Unit/AuthorizationBoundariesTest.php:11,24,41,56,66,77,89 [REF_ESTATICA] [CANDIDATO; verificar método/alias]; tests/Unit/KardexBoundaryTest.php:7,25,40,49,58 [REF_ESTATICA] [CANDIDATO; verificar método/alias]; tests/Unit/PreparedPersistenceBoundaryTest.php:6,20,22 [REF_ESTATICA] [CANDIDATO; verificar método/alias]; tests/Unit/RoleDashboardResolverTest.php:6,19,28,49,58,64 [REF_ESTATICA] [CANDIDATO; verificar método/alias]; tests/Unit/WorkspaceIntegrityTest.php:12,24,26,55,78 [REF_ESTATICA] [CANDIDATO; verificar método/alias]",cod_usu,1,PRIMARY:cod_usu; UNIQUE:cod_per; UNIQUE:email; UNIQUE:google_id,Hechos y relaciones vigentes; conservar estados y referencias,Sin cálculo materializado identificado,"avatar: Avatar remoto Google frente a foto local; no equivalente por defecto; profile_photo_path: Coexiste con persona.fot_per y users.avatar; origen/proveedor distintos, definir precedencia",CONSERVAR_Y_MEJORAR,Persona 1:0..1 User; separar contacto de login; gobernar fotografías/proveedores y estados,Ver hallazgos DB-001..DB-020 y restricciones de eliminación,HISTORICA_DECLARADA,database/migrations/0001_01_01_000001_create_users_table.php; database/migrations/2026_04_09_025251_add_two_factor_columns_to_users_table.php; database/migrations/2026_06_02_022909_add_google_auth_fields_to_users_table.php; database/migrations/2026_06_20_120000_normalize_google_auth_provider_default.php,18,avatar; created_at; current_team_id; email_verified_at; google_id; last_login_at; profile_photo_path; remember_token; two_factor_confirmed_at; two_factor_recovery_codes; two_factor_secret; updated_at,auth_provider=local; est_usu=ACTIVO,"est_usu_check: est_usu IN ['ACTIVO', 'INACTIVO']",NO; no SoftDeletes declarado,STATUS_BASED,OperationalAccountService / Fortify / CRUD administrativo,V001; V002; V003; V004; V005; V009; V010; V012; V014; V016; V017; V019; V020; V021; V022; V023; V024; V025; V027; V028; V029; V030; V031; V032; V033; V034; V035; V036; V037; V038; V039; V040; V041; V042; V044; V045; V046; V047; V048; V051; V052; V053; V054; V055; V056; V058; V059; V060; V061; V062; V063; V064; V065; V066; V067; V068; V070; V071; V072; V073; V074; V075; V076; V077; V078; V079; V080; V081; V082; V083; V084; V085; V087; V088; V089; V090; V091; V092; V093; V094; V095; V096; V097; V098; V099; V100; V101; V102; V103; V104,"Declaración estática; callers candidatos, no runtime; ventanas por dependencia/transversal"
migrations,Framework MigrationRepository,CORE,Ledger de aplicación de migrations,Framework Migrator,Framework Migrator (no ejecutado),id (DDL snapshot),0,PK en snapshot; no índice adicional inferido,Ledger técnico,NO,NO,CONSERVAR,Conciliar ledger en BD aislada futura; nunca copiarlo como prueba de aplicación actual,"El SQL es snapshot histórico, no deployment actual",SQL_SNAPSHOT_ONLY,"Framework, sin Schema::create en archivos locales",3,Ver DDL snapshot,Ver DDL snapshot,Ver DDL snapshot,NO,STATUS_BASED; preservar ledger,Framework Migrator,Infraestructura transversal; sin ventana administrativa de escritura,"DDL snapshot, no estructura institucional confirmada"
