"ID ORIGINAL","ACTOR","VENTANA ORIGINAL","TIPO ORIGINAL","RUTA PROPUESTA","RUTA ACTUAL ADAPTADA","ESTADO ACTUAL","CLASIFICACIÓN","ARCHIVO ACTUAL","LIVEWIRE/CONTROLLER","VISTA","SERVICE","POLICY","IMPLEMENTADA","REUTILIZADA","REFACTORIZADA","FUSIONADA COMO TAB","FUSIONADA COMO DRAWER","FUSIONADA COMO MODAL","NO ENCONTRADA","BLOQUEADA","OBSERVACIONES","SCOPE ORIGINAL","CERTEZA ORIGINAL","EMPTY","SCOPE ACTUAL","BLOCKER","TEST","PENDIENTE INTERNO","LOADING","ACCIONES ORIGINALES","DATOS REALES","FILTROS ORIGINALES","RESPONSIVE","STATUS","MIGRATIONS","ERROR","VALIDACIÓN","DATOS ORIGINALES","DARK MODE","REGRESION_SUPPORT","SUPPORT_ASOCIADO","SUPPORT_CONECTADO","SUGERENCIAS_UI"
"V001","Administrador","Inicio","Sin modal","/admin","/admin","PARTIAL","REFACTORIZADA","C:/laragon/www/savp-reestructuracion/app/Http/Controllers/AdminDashboardController.php","C:/laragon/www/savp-reestructuracion/app/Http/Controllers/AdminDashboardController.php","C:/laragon/www/savp-reestructuracion/resources/views/admin/dashboard-administrador.blade.php","C:/laragon/www/savp-reestructuracion/app/Services/RoleDashboardResolver.php","EnsureActorRole + permiso de módulo; InstitutionalAuthorization en CRUD Livewire reutilizado; ver revisión específica","PARCIAL; NO CERTIFICADA","NO","SÍ","NO","NO","NO","NO","NO","Dashboard y enlaces por permiso con datos reales. Campana/listado/leído preparados, cerrados por flag; productores académicos pendientes. No se inventa badge 0.","Institucional por función; excepción pedagógica no concedida","PROPUESTA DE PETER 2","Empty declarado; resultado real pendiente","Institucional por función; excepción pedagógica no concedida","QA funcional y visual pendiente; no implica necesidad de schema nuevo","WorkspaceHttpBoundary/WorkspaceIntegrity: contratos transversales; no cobertura integral de esta ventana","Auditar flujo/modalidad completa del catálogo y uniformar legacy donde corresponda","HTTP o componente hijo; revisión por acción pendiente","Abrir pendiente; ver contexto","Consultas del modelo existente, sin filas simuladas en producción; resultados no verificados en BD","Gestión; período","Shell móvil y overflow de tablas preparados; QA 375/768/1440 pendiente","PARTIAL","MIG-003 solo campana persistente","Layout/handler compartido; revisar por acción","Servidor en código; persistencia y concurrencia sin verificar","Gestión; período; indicadores reales del scope","Tokens existentes en shell y componentes nuevos; contraste autenticado pendiente","Sin perdida de caller directo detectada frente a HEAD; ver 29","SIN ASOCIACION DIRECTA; revisar contexto de lectura o formulario hijo","NO APLICA DIRECTAMENTE; no se fuerza un Support administrativo sobre lectura","Evaluacion por contexto; sin inventar recomendaciones"
"V002","Administrador","Personas","Página; drawer de detalle","/admin/personas","/admin/gestion-personas","PARTIAL","REUTILIZADA","C:/laragon/www/savp-reestructuracion/app/Livewire/Admin/GestionPersonas.php","C:/laragon/www/savp-reestructuracion/app/Livewire/Admin/GestionPersonas.php","C:/laragon/www/savp-reestructuracion/resources/views/livewire/admin/gestion-personas.blade.php","C:/laragon/www/savp-reestructuracion/app/Support/Personas/PersonaInteligente.php","PersonaPolicy: Registro_Personas + Administrador/Secretaria; reautorización en escritura; InstitutionalAuthorization","PARCIAL; NO CERTIFICADA","SÍ","NO","NO","NO","NO","NO","NO","Panel preventivo original preservado; identidad de edición Locked y exclusión de sí misma conserva bloqueos. Persistencia real/CRUD completo y UX pendientes.","Institucional por función; excepción pedagógica no concedida","PROPUESTA DE PETER 2","Empty declarado; resultado real pendiente","Institucional por función; excepción pedagógica no concedida","QA funcional y visual pendiente; no implica necesidad de schema nuevo","SupportPreventiveTest + SupportLivewireIntegrationTest: bloqueo, advertencia, corrección, edición y autorización con dobles","Auditar flujo/modalidad completa del catálogo y uniformar legacy donde corresponda","Declarado en vista; ejecución UX pendiente","Crear; editar; ver","Consultas del modelo existente, sin filas simuladas en producción; resultados no verificados en BD","Texto 400ms; estado; tipo vínculo","Shell móvil y overflow de tablas preparados; QA 375/768/1440 pendiente","PARTIAL","NINGUNA NUEVA","Mensaje/validación declarado; recuperación pendiente","Servidor en código; persistencia y concurrencia sin verificar","Persona; vínculo de User y perfiles","Tokens existentes en shell y componentes nuevos; contraste autenticado pendiente","DEF-SUP-002 corregido; edicion no omite bloqueos","PersonaInteligente","SI; evidencia estatica en callers del inventario","Preservadas segun caller/vista; QA autenticada pendiente"
"V003","Administrador","Usuarios","Modal focal; cambio actor modal crítico separado","/admin/usuarios","/admin/gestion-usuarios","PARTIAL","REFACTORIZADA","C:/laragon/www/savp-reestructuracion/app/Livewire/Admin/GestionUsuarios.php","C:/laragon/www/savp-reestructuracion/app/Livewire/Admin/GestionUsuarios.php","C:/laragon/www/savp-reestructuracion/resources/views/livewire/admin/gestion-usuarios.blade.php","C:/laragon/www/savp-reestructuracion/app/Services/RolePermissionService.php","EnsureActorRole + permiso de módulo; InstitutionalAuthorization en CRUD Livewire reutilizado; ver revisión específica","PARCIAL; NO CERTIFICADA","NO","SÍ","NO","NO","NO","NO","NO","Código reutilizado/localizado; falta certificar acciones y modalidades del catálogo en entorno aislado y UX autenticada. No se considera PASS por tener ruta.","Institucional por función; excepción pedagógica no concedida","PROPUESTA DE PETER 2","Empty declarado; resultado real pendiente","Institucional por función; excepción pedagógica no concedida","QA funcional y visual pendiente; no implica necesidad de schema nuevo","WorkspaceHttpBoundary/WorkspaceIntegrity: contratos transversales; no cobertura integral de esta ventana","Auditar flujo/modalidad completa del catálogo y uniformar legacy donde corresponda","Declarado en vista; ejecución UX pendiente","Crear cuenta; editar; activar/inactivar; actor separado","Consultas del modelo existente, sin filas simuladas en producción; resultados no verificados en BD","Texto 400ms; actor; estado","Shell móvil y overflow de tablas preparados; QA 375/768/1440 pendiente","PARTIAL","NINGUNA NUEVA","Mensaje/validación declarado; recuperación pendiente","Servidor en código; persistencia y concurrencia sin verificar","User; Persona; roles existentes","Tokens existentes en shell y componentes nuevos; contraste autenticado pendiente","Sin perdida de caller directo detectada frente a HEAD; ver 29","InstitutionalRoleGovernance","SI; evidencia estatica en callers del inventario","Preservadas segun caller/vista; QA autenticada pendiente"
"V004","Administrador","Personal institucional","Página; drawer de detalle","/admin/personal","/admin/personal-institucional","PARTIAL","REUTILIZADA","C:/laragon/www/savp-reestructuracion/app/Livewire/Admin/PersonalInstitucional.php","C:/laragon/www/savp-reestructuracion/app/Livewire/Admin/PersonalInstitucional.php","C:/laragon/www/savp-reestructuracion/resources/views/livewire/admin/personal-institucional.blade.php","","EnsureActorRole + permiso de módulo; InstitutionalAuthorization en CRUD Livewire reutilizado; ver revisión específica","PARCIAL; NO CERTIFICADA","SÍ","NO","NO","NO","NO","NO","NO","Código reutilizado/localizado; falta certificar acciones y modalidades del catálogo en entorno aislado y UX autenticada. No se considera PASS por tener ruta.","Institucional por función; excepción pedagógica no concedida","PROPUESTA DE PETER 2","Empty declarado; resultado real pendiente","Institucional por función; excepción pedagógica no concedida","QA funcional y visual pendiente; no implica necesidad de schema nuevo","WorkspaceHttpBoundary/WorkspaceIntegrity: contratos transversales; no cobertura integral de esta ventana","Auditar flujo/modalidad completa del catálogo y uniformar legacy donde corresponda","Declarado en vista; ejecución UX pendiente","Crear vínculo; editar; cerrar","Consultas del modelo existente, sin filas simuladas en producción; resultados no verificados en BD","Cargo; estado; persona","Shell móvil y overflow de tablas preparados; QA 375/768/1440 pendiente","PARTIAL","NINGUNA NUEVA","Mensaje/validación declarado; recuperación pendiente","Servidor en código; persistencia y concurrencia sin verificar","PersonalInstitucional; perfiles","Tokens existentes en shell y componentes nuevos; contraste autenticado pendiente","Sin perdida de caller directo detectada frente a HEAD; ver 29","SIN ASOCIACION DIRECTA; revisar contexto de lectura o formulario hijo","NO APLICA DIRECTAMENTE; no se fuerza un Support administrativo sobre lectura","Evaluacion por contexto; sin inventar recomendaciones"
"V005","Administrador","Estudiantes","Página; drawer de detalle","/admin/estudiantes","/admin/gestion-estudiantes","PARTIAL","REUTILIZADA","C:/laragon/www/savp-reestructuracion/app/Livewire/Admin/GestionEstudiantes.php","C:/laragon/www/savp-reestructuracion/app/Livewire/Admin/GestionEstudiantes.php","C:/laragon/www/savp-reestructuracion/resources/views/livewire/admin/gestion-estudiantes.blade.php","","EnsureActorRole + permiso de módulo; InstitutionalAuthorization en CRUD Livewire reutilizado; ver revisión específica","PARCIAL; NO CERTIFICADA","SÍ","NO","NO","NO","NO","NO","NO","Código reutilizado/localizado; falta certificar acciones y modalidades del catálogo en entorno aislado y UX autenticada. No se considera PASS por tener ruta.","Institucional por función; excepción pedagógica no concedida","PROPUESTA DE PETER 2","Empty declarado; resultado real pendiente","Institucional por función; excepción pedagógica no concedida","QA funcional y visual pendiente; no implica necesidad de schema nuevo","WorkspaceHttpBoundary/WorkspaceIntegrity: contratos transversales; no cobertura integral de esta ventana","Auditar flujo/modalidad completa del catálogo y uniformar legacy donde corresponda","Declarado en vista; ejecución UX pendiente","Ver; registrar; editar autorizado","Consultas del modelo existente, sin filas simuladas en producción; resultados no verificados en BD","Gestión; curso; paralelo; estado; texto","Shell móvil y overflow de tablas preparados; QA 375/768/1440 pendiente","PARTIAL","NINGUNA NUEVA","Mensaje/validación declarado; recuperación pendiente","Servidor en código; persistencia y concurrencia sin verificar","Estudiante; Persona; inscripción vigente","Tokens existentes en shell y componentes nuevos; contraste autenticado pendiente","Sin perdida de caller directo detectada frente a HEAD; ver 29","SIN ASOCIACION DIRECTA; revisar contexto de lectura o formulario hijo","NO APLICA DIRECTAMENTE; no se fuerza un Support administrativo sobre lectura","Evaluacion por contexto; sin inventar recomendaciones"
"V006","Administrador","Docentes","Página; drawer de detalle","/admin/docentes","/admin/gestion-docentes","PARTIAL","REUTILIZADA","C:/laragon/www/savp-reestructuracion/app/Livewire/Admin/GestionDocente.php","C:/laragon/www/savp-reestructuracion/app/Livewire/Admin/GestionDocente.php","C:/laragon/www/savp-reestructuracion/resources/views/livewire/admin/gestion-docente.blade.php","C:/laragon/www/savp-reestructuracion/app/Support/Comunidad/DocenteInteligente.php","EnsureActorRole + permiso de módulo; InstitutionalAuthorization en CRUD Livewire reutilizado; ver revisión específica","PARCIAL; NO CERTIFICADA","SÍ","NO","NO","NO","NO","NO","NO","Código reutilizado/localizado; falta certificar acciones y modalidades del catálogo en entorno aislado y UX autenticada. No se considera PASS por tener ruta.","Institucional por función; excepción pedagógica no concedida","PROPUESTA DE PETER 2","Empty declarado; resultado real pendiente","Institucional por función; excepción pedagógica no concedida","QA funcional y visual pendiente; no implica necesidad de schema nuevo","WorkspaceHttpBoundary/WorkspaceIntegrity: contratos transversales; no cobertura integral de esta ventana","Auditar flujo/modalidad completa del catálogo y uniformar legacy donde corresponda","HTTP o componente hijo; revisión por acción pendiente","Ver carga; registrar; editar autorizado","Consultas del modelo existente, sin filas simuladas en producción; resultados no verificados en BD","Gestión; asignatura; carga; estado","Shell móvil y overflow de tablas preparados; QA 375/768/1440 pendiente","PARTIAL","NINGUNA NUEVA","Layout/handler compartido; revisar por acción","Servidor en código; persistencia y concurrencia sin verificar","Docente; PersonalInstitucional; planes","Tokens existentes en shell y componentes nuevos; contraste autenticado pendiente","REG-SUP-001 corregida; completitud docente recuperada","DocenteInteligente","SI; evidencia estatica en callers del inventario","Preservadas segun caller/vista; QA autenticada pendiente"
"V007","Administrador","Gestión académica","Página/wizard de gestión; confirmación cierre","/admin/gestion","/admin/gestion-academica","PARTIAL","REUTILIZADA","C:/laragon/www/savp-reestructuracion/app/Livewire/Admin/GestionAcademica.php","C:/laragon/www/savp-reestructuracion/app/Livewire/Admin/GestionAcademica.php","C:/laragon/www/savp-reestructuracion/resources/views/livewire/admin/gestion-academica.blade.php","C:/laragon/www/savp-reestructuracion/app/Support/Academico/GestionAcademicaInteligente.php","EnsureActorRole + permiso de módulo; InstitutionalAuthorization en CRUD Livewire reutilizado; ver revisión específica","PARCIAL; NO CERTIFICADA","SÍ","NO","NO","NO","NO","NO","NO","Código reutilizado/localizado; falta certificar acciones y modalidades del catálogo en entorno aislado y UX autenticada. No se considera PASS por tener ruta.","Institucional por función; excepción pedagógica no concedida","PROPUESTA DE PETER 2","Empty declarado; resultado real pendiente","Institucional por función; excepción pedagógica no concedida","QA funcional y visual pendiente; no implica necesidad de schema nuevo","WorkspaceHttpBoundary/WorkspaceIntegrity: contratos transversales; no cobertura integral de esta ventana","Auditar flujo/modalidad completa del catálogo y uniformar legacy donde corresponda","Declarado en vista; ejecución UX pendiente","Crear; planificar; cerrar autorizado","Consultas del modelo existente, sin filas simuladas en producción; resultados no verificados en BD","Año; estado","Shell móvil y overflow de tablas preparados; QA 375/768/1440 pendiente","PARTIAL","NINGUNA NUEVA","Mensaje/validación declarado; recuperación pendiente","Servidor en código; persistencia y concurrencia sin verificar","GestionAcademica; sesiones; respaldo","Tokens existentes en shell y componentes nuevos; contraste autenticado pendiente","Sin perdida de caller directo detectada frente a HEAD; ver 29","GestionAcademicaInteligente","SI; evidencia estatica en callers del inventario","Preservadas segun caller/vista; QA autenticada pendiente"
"V008","Administrador","Cursos","Página; drawer de detalle","/admin/cursos","/admin/gestion-cursos","PARTIAL","REUTILIZADA","C:/laragon/www/savp-reestructuracion/app/Livewire/Admin/GestionCurso.php","C:/laragon/www/savp-reestructuracion/app/Livewire/Admin/GestionCurso.php","C:/laragon/www/savp-reestructuracion/resources/views/livewire/admin/gestion-curso.blade.php","C:/laragon/www/savp-reestructuracion/app/Support/Academico/CursoInteligente.php","EnsureActorRole + permiso de módulo; InstitutionalAuthorization en CRUD Livewire reutilizado; ver revisión específica","PARCIAL; NO CERTIFICADA","SÍ","NO","NO","NO","NO","NO","NO","Código reutilizado/localizado; falta certificar acciones y modalidades del catálogo en entorno aislado y UX autenticada. No se considera PASS por tener ruta.","Institucional por función; excepción pedagógica no concedida","PROPUESTA DE PETER 2","Empty declarado; resultado real pendiente","Institucional por función; excepción pedagógica no concedida","QA funcional y visual pendiente; no implica necesidad de schema nuevo","WorkspaceHttpBoundary/WorkspaceIntegrity: contratos transversales; no cobertura integral de esta ventana","Auditar flujo/modalidad completa del catálogo y uniformar legacy donde corresponda","Declarado en vista; ejecución UX pendiente","Ver; crear/editar según actor","Consultas del modelo existente, sin filas simuladas en producción; resultados no verificados en BD","Gestión; nivel validado; paralelo; turno","Shell móvil y overflow de tablas preparados; QA 375/768/1440 pendiente","PARTIAL","NINGUNA NUEVA","Mensaje/validación declarado; recuperación pendiente","Servidor en código; persistencia y concurrencia sin verificar","Curso; inscripción; planes","Tokens existentes en shell y componentes nuevos; contraste autenticado pendiente","Sin perdida de caller directo detectada frente a HEAD; ver 29","CursoInteligente","SI; evidencia estatica en callers del inventario","Preservadas segun caller/vista; QA autenticada pendiente"
"V009","Administrador","Asignaturas","Página; drawer de detalle","/admin/asignaturas","/admin/gestion-asignaturas","PARTIAL","REUTILIZADA","C:/laragon/www/savp-reestructuracion/app/Livewire/Admin/GestionAsignatura.php","C:/laragon/www/savp-reestructuracion/app/Livewire/Admin/GestionAsignatura.php","C:/laragon/www/savp-reestructuracion/resources/views/livewire/admin/gestion-asignatura.blade.php","C:/laragon/www/savp-reestructuracion/app/Support/Academico/AsignaturaInteligente.php","EnsureActorRole + permiso de módulo; InstitutionalAuthorization en CRUD Livewire reutilizado; ver revisión específica","PARCIAL; NO CERTIFICADA","SÍ","NO","NO","NO","NO","NO","NO","Código reutilizado/localizado; falta certificar acciones y modalidades del catálogo en entorno aislado y UX autenticada. No se considera PASS por tener ruta.","Institucional por función; excepción pedagógica no concedida","PROPUESTA DE PETER 2","Empty declarado; resultado real pendiente","Institucional por función; excepción pedagógica no concedida","QA funcional y visual pendiente; no implica necesidad de schema nuevo","WorkspaceHttpBoundary/WorkspaceIntegrity: contratos transversales; no cobertura integral de esta ventana","Auditar flujo/modalidad completa del catálogo y uniformar legacy donde corresponda","Declarado en vista; ejecución UX pendiente","Crear; editar; consultar","Consultas del modelo existente, sin filas simuladas en producción; resultados no verificados en BD","Área; estado; texto","Shell móvil y overflow de tablas preparados; QA 375/768/1440 pendiente","PARTIAL","NINGUNA NUEVA","Mensaje/validación declarado; recuperación pendiente","Servidor en código; persistencia y concurrencia sin verificar","Asignatura","Tokens existentes en shell y componentes nuevos; contraste autenticado pendiente","Sin perdida de caller directo detectada frente a HEAD; ver 29","AsignaturaInteligente","SI; evidencia estatica en callers del inventario","Preservadas segun caller/vista; QA autenticada pendiente"
"V010","Administrador","Paralelos","Página; drawer de detalle","/admin/paralelos","/admin/gestion-paralelos","PARTIAL","REUTILIZADA","C:/laragon/www/savp-reestructuracion/app/Livewire/Admin/GestionParalelo.php","C:/laragon/www/savp-reestructuracion/app/Livewire/Admin/GestionParalelo.php","C:/laragon/www/savp-reestructuracion/resources/views/livewire/admin/gestion-paralelo.blade.php","C:/laragon/www/savp-reestructuracion/app/Support/Academico/ParaleloInteligente.php","EnsureActorRole + permiso de módulo; InstitutionalAuthorization en CRUD Livewire reutilizado; ver revisión específica","PARCIAL; NO CERTIFICADA","SÍ","NO","NO","NO","NO","NO","NO","Código reutilizado/localizado; falta certificar acciones y modalidades del catálogo en entorno aislado y UX autenticada. No se considera PASS por tener ruta.","Institucional por función; excepción pedagógica no concedida","PROPUESTA DE PETER 2","Empty declarado; resultado real pendiente","Institucional por función; excepción pedagógica no concedida","QA funcional y visual pendiente; no implica necesidad de schema nuevo","WorkspaceHttpBoundary/WorkspaceIntegrity: contratos transversales; no cobertura integral de esta ventana","Auditar flujo/modalidad completa del catálogo y uniformar legacy donde corresponda","Declarado en vista; ejecución UX pendiente","Consultar; crear/editar autorizado","Consultas del modelo existente, sin filas simuladas en producción; resultados no verificados en BD","Gestión; curso; estado","Shell móvil y overflow de tablas preparados; QA 375/768/1440 pendiente","PARTIAL","NINGUNA NUEVA","Mensaje/validación declarado; recuperación pendiente","Servidor en código; persistencia y concurrencia sin verificar","Paralelo; curso; planes","Tokens existentes en shell y componentes nuevos; contraste autenticado pendiente","Sin perdida de caller directo detectada frente a HEAD; ver 29","ParaleloInteligente","SI; evidencia estatica en callers del inventario","Preservadas segun caller/vista; QA autenticada pendiente"
"V011","Administrador","Turnos","Página; drawer de detalle","/admin/turnos","/admin/gestion-turnos","PARTIAL","REUTILIZADA","C:/laragon/www/savp-reestructuracion/app/Livewire/Admin/GestionTurnos.php","C:/laragon/www/savp-reestructuracion/app/Livewire/Admin/GestionTurnos.php","C:/laragon/www/savp-reestructuracion/resources/views/livewire/admin/gestion-turnos.blade.php","C:/laragon/www/savp-reestructuracion/app/Support/Academico/TurnoInteligente.php","EnsureActorRole + permiso de módulo; InstitutionalAuthorization en CRUD Livewire reutilizado; ver revisión específica","PARCIAL; NO CERTIFICADA","SÍ","NO","NO","NO","NO","NO","NO","Código reutilizado/localizado; falta certificar acciones y modalidades del catálogo en entorno aislado y UX autenticada. No se considera PASS por tener ruta.","Institucional por función; excepción pedagógica no concedida","PROPUESTA DE PETER 2","Empty declarado; resultado real pendiente","Institucional por función; excepción pedagógica no concedida","QA funcional y visual pendiente; no implica necesidad de schema nuevo","WorkspaceHttpBoundary/WorkspaceIntegrity: contratos transversales; no cobertura integral de esta ventana","Auditar flujo/modalidad completa del catálogo y uniformar legacy donde corresponda","Declarado en vista; ejecución UX pendiente","Consultar; configurar autorizado","Consultas del modelo existente, sin filas simuladas en producción; resultados no verificados en BD","Estado; franja","Shell móvil y overflow de tablas preparados; QA 375/768/1440 pendiente","PARTIAL","NINGUNA NUEVA","Mensaje/validación declarado; recuperación pendiente","Servidor en código; persistencia y concurrencia sin verificar","Turno; PlantillaHoraria","Tokens existentes en shell y componentes nuevos; contraste autenticado pendiente","Sin perdida de caller directo detectada frente a HEAD; ver 29","TurnoInteligente","SI; evidencia estatica en callers del inventario","Preservadas segun caller/vista; QA autenticada pendiente"
"V012","Administrador","Inscripciones","Página/wizard documental; modal anulación","/admin/inscripciones","/admin/gestion-inscripciones","PARTIAL","REUTILIZADA","C:/laragon/www/savp-reestructuracion/app/Livewire/Admin/GestionInscripciones.php","C:/laragon/www/savp-reestructuracion/app/Livewire/Admin/GestionInscripciones.php","C:/laragon/www/savp-reestructuracion/resources/views/livewire/admin/gestion-inscripciones.blade.php","C:/laragon/www/savp-reestructuracion/app/Support/Academico/InscripcionAcademica.php","EnsureActorRole + permiso de módulo; InstitutionalAuthorization en CRUD Livewire reutilizado; ver revisión específica","PARCIAL; NO CERTIFICADA","SÍ","NO","NO","NO","NO","NO","NO","Código reutilizado/localizado; falta certificar acciones y modalidades del catálogo en entorno aislado y UX autenticada. No se considera PASS por tener ruta.","Institucional por función; excepción pedagógica no concedida","PROPUESTA DE PETER 2","Empty declarado; resultado real pendiente","Institucional por función; excepción pedagógica no concedida","QA funcional y visual pendiente; no implica necesidad de schema nuevo","WorkspaceHttpBoundary/WorkspaceIntegrity: contratos transversales; no cobertura integral de esta ventana","Auditar flujo/modalidad completa del catálogo y uniformar legacy donde corresponda","Declarado en vista; ejecución UX pendiente","Inscribir; revisar; anular con motivo","Consultas del modelo existente, sin filas simuladas en producción; resultados no verificados en BD","Gestión; curso; paralelo; turno; estado","Shell móvil y overflow de tablas preparados; QA 375/768/1440 pendiente","PARTIAL","NINGUNA NUEVA","Mensaje/validación declarado; recuperación pendiente","Servidor en código; persistencia y concurrencia sin verificar","InscripcionEstudiante; InscripcionVigencia","Tokens existentes en shell y componentes nuevos; contraste autenticado pendiente","Sin perdida de caller directo detectada frente a HEAD; ver 29","InscripcionAcademica","SI; evidencia estatica en callers del inventario","Preservadas segun caller/vista; QA autenticada pendiente"
"V013","Administrador","Especialidades","Página; drawer de detalle","/admin/especialidades","/admin/especialidades-tecnicas","PARTIAL","REUTILIZADA","C:/laragon/www/savp-reestructuracion/app/Livewire/Admin/EspecialidadesTecnicas.php","C:/laragon/www/savp-reestructuracion/app/Livewire/Admin/EspecialidadesTecnicas.php","C:/laragon/www/savp-reestructuracion/resources/views/livewire/admin/especialidades-tecnicas.blade.php","C:/laragon/www/savp-reestructuracion/app/Support/Academico/EspecialidadTecnicaInteligente.php","EnsureActorRole + permiso de módulo; InstitutionalAuthorization en CRUD Livewire reutilizado; ver revisión específica","PARCIAL; NO CERTIFICADA","SÍ","NO","NO","NO","NO","NO","NO","Código reutilizado/localizado; falta certificar acciones y modalidades del catálogo en entorno aislado y UX autenticada. No se considera PASS por tener ruta.","Institucional por función; excepción pedagógica no concedida","PROPUESTA DE PETER 2","Componente hijo/legacy; revisar caso vacío","Institucional por función; excepción pedagógica no concedida","QA funcional y visual pendiente; no implica necesidad de schema nuevo","WorkspaceHttpBoundary/WorkspaceIntegrity: contratos transversales; no cobertura integral de esta ventana","Auditar flujo/modalidad completa del catálogo y uniformar legacy donde corresponda","HTTP o componente hijo; revisión por acción pendiente","Crear; editar; consultar","Consultas del modelo existente, sin filas simuladas en producción; resultados no verificados en BD","Estado; gestión","Shell móvil y overflow de tablas preparados; QA 375/768/1440 pendiente","PARTIAL","NINGUNA NUEVA","Layout/handler compartido; revisar por acción","Servidor en código; persistencia y concurrencia sin verificar","EspecialidadTecnica; PlanEspecialidad","Tokens existentes en shell y componentes nuevos; contraste autenticado pendiente","Sin perdida de caller directo detectada frente a HEAD; ver 29","EspecialidadTecnicaInteligente","SI; evidencia estatica en callers del inventario","Preservadas segun caller/vista; QA autenticada pendiente"
"V014","Administrador","Planes de asignatura","Página para carga/horario","/admin/planes","/admin/planes-asignatura","PARTIAL","REUTILIZADA","C:/laragon/www/savp-reestructuracion/app/Livewire/Admin/PlanesAsignatura.php","C:/laragon/www/savp-reestructuracion/app/Livewire/Admin/PlanesAsignatura.php","C:/laragon/www/savp-reestructuracion/resources/views/livewire/admin/planes-asignatura.blade.php","C:/laragon/www/savp-reestructuracion/app/Support/Academico/PlanAsignaturaInteligente.php","EnsureActorRole + permiso de módulo; InstitutionalAuthorization en CRUD Livewire reutilizado; ver revisión específica","PARCIAL; NO CERTIFICADA","SÍ","NO","NO","NO","NO","NO","NO","Código reutilizado/localizado; falta certificar acciones y modalidades del catálogo en entorno aislado y UX autenticada. No se considera PASS por tener ruta.","Institucional por función; excepción pedagógica no concedida","PROPUESTA DE PETER 2","Empty declarado; resultado real pendiente","Institucional por función; excepción pedagógica no concedida","QA funcional y visual pendiente; no implica necesidad de schema nuevo","WorkspaceHttpBoundary/WorkspaceIntegrity: contratos transversales; no cobertura integral de esta ventana","Auditar flujo/modalidad completa del catálogo y uniformar legacy donde corresponda","HTTP o componente hijo; revisión por acción pendiente","Asignar; consultar; corregir autorizado","Consultas del modelo existente, sin filas simuladas en producción; resultados no verificados en BD","Gestión; curso; asignatura; docente","Shell móvil y overflow de tablas preparados; QA 375/768/1440 pendiente","PARTIAL","NINGUNA NUEVA","Layout/handler compartido; revisar por acción","Servidor en código; persistencia y concurrencia sin verificar","PlanAsignatura; PlanEspecialidad; horario","Tokens existentes en shell y componentes nuevos; contraste autenticado pendiente","Sin perdida de caller directo detectada frente a HEAD; ver 29","PlanAsignaturaInteligente","SI; evidencia estatica en callers del inventario","Preservadas segun caller/vista; QA autenticada pendiente"
"V015","Administrador","Períodos de evaluación","Página; drawer de detalle","/admin/periodos","/admin/periodo-evaluacion","PARTIAL","REUTILIZADA","C:/laragon/www/savp-reestructuracion/app/Livewire/Admin/PeriodoEvaluacion.php","C:/laragon/www/savp-reestructuracion/app/Livewire/Admin/PeriodoEvaluacion.php","C:/laragon/www/savp-reestructuracion/resources/views/livewire/admin/periodo-evaluacion.blade.php","C:/laragon/www/savp-reestructuracion/app/Support/Academico/PeriodoEvaluacionInteligente.php","EnsureActorRole + permiso de módulo; InstitutionalAuthorization en CRUD Livewire reutilizado; ver revisión específica","PARCIAL; NO CERTIFICADA","SÍ","NO","NO","NO","NO","NO","NO","Código reutilizado/localizado; falta certificar acciones y modalidades del catálogo en entorno aislado y UX autenticada. No se considera PASS por tener ruta.","Institucional por función; excepción pedagógica no concedida","PROPUESTA DE PETER 2","Componente hijo/legacy; revisar caso vacío","Institucional por función; excepción pedagógica no concedida","QA funcional y visual pendiente; no implica necesidad de schema nuevo","WorkspaceHttpBoundary/WorkspaceIntegrity: contratos transversales; no cobertura integral de esta ventana","Auditar flujo/modalidad completa del catálogo y uniformar legacy donde corresponda","HTTP o componente hijo; revisión por acción pendiente","Crear; editar antes de cierre","Consultas del modelo existente, sin filas simuladas en producción; resultados no verificados en BD","Gestión; estado","Shell móvil y overflow de tablas preparados; QA 375/768/1440 pendiente","PARTIAL","NINGUNA NUEVA","Layout/handler compartido; revisar por acción","Servidor en código; persistencia y concurrencia sin verificar","PeriodoEvaluacion","Tokens existentes en shell y componentes nuevos; contraste autenticado pendiente","Sin perdida de caller directo detectada frente a HEAD; ver 29","PeriodoEvaluacionInteligente","SI; evidencia estatica en callers del inventario","Preservadas segun caller/vista; QA autenticada pendiente"
"V016","Administrador","Calendario","Modal evento focal; página agenda","/admin/calendario","/admin/calendario","PARTIAL","REUTILIZADA / CONECTADA","C:/laragon/www/savp-reestructuracion/app/Http/Controllers/CalendarController.php","C:/laragon/www/savp-reestructuracion/app/Http/Controllers/CalendarController.php","C:/laragon/www/savp-reestructuracion/resources/views/workspaces/calendario.blade.php","C:/laragon/www/savp-reestructuracion/app/Services/CalendarService.php","Actor+CalendarService::PERMISSIONS+scope académico","PARCIAL; NO CERTIFICADA","SÍ","SÍ","NO","NO","NO","NO","NO","Calendario real de plazos de tareas; consulta de eventos institucionales preparada y cerrada por flag. No hay eventos ficticios. Gestión editorial pendiente.","Institucional por función; excepción pedagógica no concedida","PROPUESTA DE PETER 2","Empty declarado; resultado real pendiente","Institucional por función; excepción pedagógica no concedida","QA funcional y visual pendiente; no implica necesidad de schema nuevo","WorkspaceHttpBoundary/WorkspaceIntegrity: contratos transversales; no cobertura integral de esta ventana","CRUD editorial institucional, reglas de solapamiento y QA; no bloquear calendario de tareas por ello","HTTP o componente hijo; revisión por acción pendiente","Ver; crear borrador o confirmar por función","Consultas del modelo existente, sin filas simuladas en producción; resultados no verificados en BD","Gestión; curso; rango; fuente; estado","Shell móvil y overflow de tablas preparados; QA 375/768/1440 pendiente","PARTIAL","MIG-005 para eventos institucionales; plazos existentes no requieren migration","Layout/handler compartido; revisar por acción","Servidor en código; persistencia y concurrencia sin verificar","CalendarioEvento; sesiones; fechas tarea","Tokens existentes en shell y componentes nuevos; contraste autenticado pendiente","Sin perdida de caller directo detectada frente a HEAD; ver 29","SIN ASOCIACION DIRECTA; revisar contexto de lectura o formulario hijo","NO APLICA DIRECTAMENTE; no se fuerza un Support administrativo sobre lectura","Evaluacion por contexto; sin inventar recomendaciones"
"V017","Administrador","Calificaciones institucionales","Página libro; modal rectificación con motivo","/admin/notas-oficiales","/admin/calificaciones","PARTIAL","REUTILIZADA","C:/laragon/www/savp-reestructuracion/app/Livewire/Admin/Calificaciones.php","C:/laragon/www/savp-reestructuracion/app/Livewire/Admin/Calificaciones.php","C:/laragon/www/savp-reestructuracion/resources/views/livewire/admin/calificaciones.blade.php","C:/laragon/www/savp-reestructuracion/app/Support/Evaluacion/CalificacionInteligente.php","EnsureActorRole + permiso de módulo; InstitutionalAuthorization en CRUD Livewire reutilizado; ver revisión específica","PARCIAL; NO CERTIFICADA","SÍ","NO","NO","NO","NO","NO","NO","Código reutilizado/localizado; falta certificar acciones y modalidades del catálogo en entorno aislado y UX autenticada. No se considera PASS por tener ruta.","Institucional por función; excepción pedagógica no concedida","PROPUESTA DE PETER 2","Empty declarado; resultado real pendiente","Institucional por función; excepción pedagógica no concedida","QA funcional y visual pendiente; no implica necesidad de schema nuevo","WorkspaceHttpBoundary/WorkspaceIntegrity: contratos transversales; no cobertura integral de esta ventana","Auditar flujo/modalidad completa del catálogo y uniformar legacy donde corresponda","HTTP o componente hijo; revisión por acción pendiente","Consultar; registrar docente; rectificar autorizado","Consultas del modelo existente, sin filas simuladas en producción; resultados no verificados en BD","Gestión; curso; asignatura; período; estudiante","Shell móvil y overflow de tablas preparados; QA 375/768/1440 pendiente","PARTIAL","NINGUNA NUEVA; MIG-006 integridad (ALTER, no ejecutada)","Layout/handler compartido; revisar por acción","Servidor en código; persistencia y concurrencia sin verificar","Calificacion; PlanAsignatura; PeriodoEvaluacion","Tokens existentes en shell y componentes nuevos; contraste autenticado pendiente","Sin perdida de caller directo detectada frente a HEAD; ver 29","CalificacionInteligente","SI; evidencia estatica en callers del inventario","Preservadas segun caller/vista; QA autenticada pendiente"
"V018","Administrador","Reportes académicos","Página; confirmación datos sensibles","/admin/reportes-academicos","/admin/reportes-academicos","PARTIAL","REUTILIZADA","C:/laragon/www/savp-reestructuracion/app/Livewire/Admin/ReportesAcademicos.php","C:/laragon/www/savp-reestructuracion/app/Livewire/Admin/ReportesAcademicos.php","C:/laragon/www/savp-reestructuracion/resources/views/livewire/admin/reportes-academicos.blade.php","C:/laragon/www/savp-reestructuracion/app/Support/Reportes/ReporteAcademicoInteligente.php","EnsureActorRole + permiso de módulo; InstitutionalAuthorization en CRUD Livewire reutilizado; ver revisión específica","PARCIAL; NO CERTIFICADA","SÍ","NO","NO","NO","NO","NO","NO","Código reutilizado/localizado; falta certificar acciones y modalidades del catálogo en entorno aislado y UX autenticada. No se considera PASS por tener ruta.","Institucional por función; excepción pedagógica no concedida","PROPUESTA DE PETER 2","Empty declarado; resultado real pendiente","Institucional por función; excepción pedagógica no concedida","QA funcional y visual pendiente; no implica necesidad de schema nuevo","WorkspaceHttpBoundary/WorkspaceIntegrity: contratos transversales; no cobertura integral de esta ventana","Auditar flujo/modalidad completa del catálogo y uniformar legacy donde corresponda","HTTP o componente hijo; revisión por acción pendiente","Previsualizar; descargar","Consultas del modelo existente, sin filas simuladas en producción; resultados no verificados en BD","Gestión; curso; período; formato","Shell móvil y overflow de tablas preparados; QA 375/768/1440 pendiente","PARTIAL","NINGUNA NUEVA","Layout/handler compartido; revisar por acción","Servidor en código; persistencia y concurrencia sin verificar","Datos académicos y ReporteGenerado","Tokens existentes en shell y componentes nuevos; contraste autenticado pendiente","Sin perdida de caller directo detectada frente a HEAD; ver 29","ReporteAcademicoInteligente","SI; evidencia estatica en callers del inventario","Preservadas segun caller/vista; QA autenticada pendiente"
"V019","Administrador","Reportes administrativos","Página","/admin/reportes-administrativos","/admin/reportes-administrativos","PARTIAL","REUTILIZADA","C:/laragon/www/savp-reestructuracion/app/Livewire/Admin/ReportesAdministrativos.php","C:/laragon/www/savp-reestructuracion/app/Livewire/Admin/ReportesAdministrativos.php","C:/laragon/www/savp-reestructuracion/resources/views/livewire/admin/reportes-administrativos.blade.php","C:/laragon/www/savp-reestructuracion/app/Support/Reportes/ReporteAdministrativoInteligente.php","EnsureActorRole + permiso de módulo; InstitutionalAuthorization en CRUD Livewire reutilizado; ver revisión específica","PARCIAL; NO CERTIFICADA","SÍ","NO","NO","NO","NO","NO","NO","Código reutilizado/localizado; falta certificar acciones y modalidades del catálogo en entorno aislado y UX autenticada. No se considera PASS por tener ruta.","Institucional por función; excepción pedagógica no concedida","PROPUESTA DE PETER 2","Empty declarado; resultado real pendiente","Institucional por función; excepción pedagógica no concedida","QA funcional y visual pendiente; no implica necesidad de schema nuevo","WorkspaceHttpBoundary/WorkspaceIntegrity: contratos transversales; no cobertura integral de esta ventana","Auditar flujo/modalidad completa del catálogo y uniformar legacy donde corresponda","HTTP o componente hijo; revisión por acción pendiente","Previsualizar; exportar","Consultas del modelo existente, sin filas simuladas en producción; resultados no verificados en BD","Gestión; estado; tipo; formato","Shell móvil y overflow de tablas preparados; QA 375/768/1440 pendiente","PARTIAL","NINGUNA NUEVA","Layout/handler compartido; revisar por acción","Servidor en código; persistencia y concurrencia sin verificar","Inscripción; personal; ReporteGenerado","Tokens existentes en shell y componentes nuevos; contraste autenticado pendiente","Sin perdida de caller directo detectada frente a HEAD; ver 29","ReporteAdministrativoInteligente","SI; evidencia estatica en callers del inventario","Preservadas segun caller/vista; QA autenticada pendiente"
"V020","Administrador","Roles y permisos","Página seguridad; modal motivo/vigencia","/admin/roles","/admin/roles-permisos","PARTIAL","REFACTORIZADA","C:/laragon/www/savp-reestructuracion/app/Livewire/Admin/RolesPermisos.php","C:/laragon/www/savp-reestructuracion/app/Livewire/Admin/RolesPermisos.php","C:/laragon/www/savp-reestructuracion/resources/views/livewire/admin/roles-permisos.blade.php","C:/laragon/www/savp-reestructuracion/app/Services/RolePermissionService.php","EnsureActorRole + permiso de módulo; InstitutionalAuthorization en CRUD Livewire reutilizado; ver revisión específica","PARCIAL; NO CERTIFICADA","NO","SÍ","NO","NO","NO","NO","NO","Código reutilizado/localizado; falta certificar acciones y modalidades del catálogo en entorno aislado y UX autenticada. No se considera PASS por tener ruta.","Institucional por función; excepción pedagógica no concedida","PROPUESTA DE PETER 2","Empty declarado; resultado real pendiente","Institucional por función; excepción pedagógica no concedida","QA funcional y visual pendiente; no implica necesidad de schema nuevo","WorkspaceHttpBoundary/WorkspaceIntegrity: contratos transversales; no cobertura integral de esta ventana","Auditar flujo/modalidad completa del catálogo y uniformar legacy donde corresponda","Declarado en vista; ejecución UX pendiente","Consultar; proponer asignación; revocar autorizado","Consultas del modelo existente, sin filas simuladas en producción; resultados no verificados en BD","Actor; complemento; vigencia","Shell móvil y overflow de tablas preparados; QA 375/768/1440 pendiente","PARTIAL","NINGUNA NUEVA","Mensaje/validación declarado; recuperación pendiente","Servidor en código; persistencia y concurrencia sin verificar","roles; permissions; asignaciones","Tokens existentes en shell y componentes nuevos; contraste autenticado pendiente","Sin perdida de caller directo detectada frente a HEAD; ver 29","InstitutionalRoleGovernance","SI; evidencia estatica en callers del inventario","Preservadas segun caller/vista; QA autenticada pendiente"
"V021","Administrador","Bitácora","Drawer evento; página búsqueda","/admin/bitacora","/admin/bitacora","PARTIAL","REUTILIZADA","C:/laragon/www/savp-reestructuracion/app/Livewire/Admin/Bitacora.php","C:/laragon/www/savp-reestructuracion/app/Livewire/Admin/Bitacora.php","C:/laragon/www/savp-reestructuracion/resources/views/livewire/admin/bitacora.blade.php","C:/laragon/www/savp-reestructuracion/app/Services/BitacoraService.php","EnsureActorRole + permiso de módulo; InstitutionalAuthorization en CRUD Livewire reutilizado; ver revisión específica","PARCIAL; NO CERTIFICADA","SÍ","NO","NO","NO","NO","NO","NO","Código reutilizado/localizado; falta certificar acciones y modalidades del catálogo en entorno aislado y UX autenticada. No se considera PASS por tener ruta.","Institucional por función; excepción pedagógica no concedida","PROPUESTA DE PETER 2","Empty declarado; resultado real pendiente","Institucional por función; excepción pedagógica no concedida","QA funcional y visual pendiente; no implica necesidad de schema nuevo","WorkspaceHttpBoundary/WorkspaceIntegrity: contratos transversales; no cobertura integral de esta ventana","Auditar flujo/modalidad completa del catálogo y uniformar legacy donde corresponda","HTTP o componente hijo; revisión por acción pendiente","Consultar; exportar autorizado","Consultas del modelo existente, sin filas simuladas en producción; resultados no verificados en BD","Fecha; actor; acción; módulo","Shell móvil y overflow de tablas preparados; QA 375/768/1440 pendiente","PARTIAL","NINGUNA NUEVA","Layout/handler compartido; revisar por acción","Servidor en código; persistencia y concurrencia sin verificar","Bitacora; usuario; referencia","Tokens existentes en shell y componentes nuevos; contraste autenticado pendiente","Sin perdida de caller directo detectada frente a HEAD; ver 29","SIN ASOCIACION DIRECTA; revisar contexto de lectura o formulario hijo","NO APLICA DIRECTAMENTE; no se fuerza un Support administrativo sobre lectura","Evaluacion por contexto; sin inventar recomendaciones"
"V022","Administrador","Kardex parámetros/auditoría","Página parámetros","/admin/kardex-parametros","/admin/kardex-parametros","BLOCKED_EXTERNALLY_DB","FRONTERA PREPARADA; DOMINIO BLOQUEADO","C:/laragon/www/savp-reestructuracion/app/Http/Controllers/DomainBoundaryController.php","C:/laragon/www/savp-reestructuracion/app/Http/Controllers/DomainBoundaryController.php","C:/laragon/www/savp-reestructuracion/resources/views/workspaces/domain-boundary.blade.php","C:/laragon/www/savp-reestructuracion/app/Services/DomainReadinessService.php","Actor+permiso mínimo; KardexPolicy para repositorio; readiness no consulta expedientes","NO; FRONTERA PREPARADA","NO","SÍ","NO","NO","NO","NO","SÍ","Ruta de condiciones y bloqueo preparada; no es CRUD ni timeline terminado. Repositorio Kardex scoped futuro; escritura cerrada. No se inventaron catálogos.","Institucional por función; excepción pedagógica no concedida","PROPUESTA DE PETER 2","Componente hijo/legacy; revisar caso vacío","Institucional por función; excepción pedagógica no concedida","Aplicación de schema/catálogos y aprobación de reglas/visibilidad, sin testing autorizado","KardexBoundary/PreparedPersistenceBoundary: cierre y scopes; sin pruebas CRUD/Persistencia","Kardex: escrituras, revisiones, evidencias/descarga, forms y timeline; configuración/prevención: desarrollo tras contrato aprobado","HTTP o componente hijo; revisión por acción pendiente","Parametrizar tras aprobación; auditar","NINGÚN EXPEDIENTE CONSULTADO; solo descripción de disponibilidad","Catálogo; gestión; estado","Shell móvil y overflow de tablas preparados; QA 375/768/1440 pendiente","BLOCKED_EXTERNALLY_DB","MIG-001","Layout/handler compartido; revisar por acción","Servidor en código; persistencia y concurrencia sin verificar","Catálogos conceptuales; revisiones; bitácora","Tokens existentes en shell y componentes nuevos; contraste autenticado pendiente","Sin perdida de caller directo detectada frente a HEAD; ver 29","SIN ASOCIACION DIRECTA; revisar contexto de lectura o formulario hijo","NO APLICA DIRECTAMENTE; no se fuerza un Support administrativo sobre lectura","Evaluacion por contexto; sin inventar recomendaciones"
"V023","Administrador","LMS institucional/supervisión","Página agregados","/admin/lms-supervision","/admin/consultas/lms","PARTIAL","REUTILIZADA / CONECTADA","C:/laragon/www/savp-reestructuracion/app/Http/Controllers/InstitutionalQueryController.php","C:/laragon/www/savp-reestructuracion/app/Http/Controllers/InstitutionalQueryController.php","C:/laragon/www/savp-reestructuracion/resources/views/workspaces/consulta.blade.php","C:/laragon/www/savp-reestructuracion/app/Services/InstitutionalQueryService.php","Administrador+cursos.ver.institucional","PARCIAL; NO CERTIFICADA","SÍ","SÍ","NO","NO","NO","NO","NO","Supervisión LMS consulta clases y conteos reales; no duplica aula docente.","Institucional por función; excepción pedagógica no concedida","PROPUESTA DE PETER 2","Empty declarado; resultado real pendiente","Institucional por función; excepción pedagógica no concedida","QA funcional y visual pendiente; no implica necesidad de schema nuevo","WorkspaceHttpBoundary/WorkspaceIntegrity: contratos transversales; no cobertura integral de esta ventana","Auditar flujo/modalidad completa del catálogo y uniformar legacy donde corresponda","HTTP o componente hijo; revisión por acción pendiente","Supervisión/auditoría, sin acciones docente","Consultas del modelo existente, sin filas simuladas en producción; resultados no verificados en BD","Gestión; período; curso; participación","Shell móvil y overflow de tablas preparados; QA 375/768/1440 pendiente","PARTIAL","NINGUNA NUEVA","Layout/handler compartido; revisar por acción","Servidor en código; persistencia y concurrencia sin verificar","ClaseVirtual; tareas; entregas agregadas","Tokens existentes en shell y componentes nuevos; contraste autenticado pendiente","Sin perdida de caller directo detectada frente a HEAD; ver 29","SIN ASOCIACION DIRECTA; revisar contexto de lectura o formulario hijo","NO APLICA DIRECTAMENTE; no se fuerza un Support administrativo sobre lectura","Evaluacion por contexto; sin inventar recomendaciones"
"V024","Administrador","Configuración LMS","Página","/admin/lms-configuracion","/admin/lms-configuracion","BLOCKED_EXTERNALLY_INSTITUTIONAL","FRONTERA PREPARADA; DOMINIO BLOQUEADO","C:/laragon/www/savp-reestructuracion/app/Http/Controllers/DomainBoundaryController.php","C:/laragon/www/savp-reestructuracion/app/Http/Controllers/DomainBoundaryController.php","C:/laragon/www/savp-reestructuracion/resources/views/workspaces/domain-boundary.blade.php","C:/laragon/www/savp-reestructuracion/app/Services/DomainReadinessService.php","Actor+permiso mínimo; KardexPolicy para repositorio; readiness no consulta expedientes","NO; FRONTERA PREPARADA","NO","SÍ","NO","NO","NO","NO","SÍ","Ruta de condiciones y bloqueo preparada; no es CRUD ni timeline terminado. Repositorio Kardex scoped futuro; escritura cerrada. No se inventaron catálogos.","Institucional por función; excepción pedagógica no concedida","PROPUESTA DE PETER 2","Componente hijo/legacy; revisar caso vacío","Institucional por función; excepción pedagógica no concedida","Aplicación de schema/catálogos y aprobación de reglas/visibilidad, sin testing autorizado","KardexBoundary/PreparedPersistenceBoundary: cierre y scopes; sin pruebas CRUD/Persistencia","Kardex: escrituras, revisiones, evidencias/descarga, forms y timeline; configuración/prevención: desarrollo tras contrato aprobado","HTTP o componente hijo; revisión por acción pendiente","Revisar provisión; auditar","NINGÚN EXPEDIENTE CONSULTADO; solo descripción de disponibilidad","Gestión; estado; inconsistencias","Shell móvil y overflow de tablas preparados; QA 375/768/1440 pendiente","BLOCKED_EXTERNALLY_INSTITUTIONAL","NINGUNA: definición pendiente","Layout/handler compartido; revisar por acción","Servidor en código; persistencia y concurrencia sin verificar","ClaseVirtual; planes; miembros","Tokens existentes en shell y componentes nuevos; contraste autenticado pendiente","Sin perdida de caller directo detectada frente a HEAD; ver 29","SIN ASOCIACION DIRECTA; revisar contexto de lectura o formulario hijo","NO APLICA DIRECTAMENTE; no se fuerza un Support administrativo sobre lectura","Evaluacion por contexto; sin inventar recomendaciones"
"V025","Administrador","Configuración","Página","/admin/configuracion","/admin/configuracion","BLOCKED_EXTERNALLY_INSTITUTIONAL","FRONTERA PREPARADA; DOMINIO BLOQUEADO","C:/laragon/www/savp-reestructuracion/app/Http/Controllers/DomainBoundaryController.php","C:/laragon/www/savp-reestructuracion/app/Http/Controllers/DomainBoundaryController.php","C:/laragon/www/savp-reestructuracion/resources/views/workspaces/domain-boundary.blade.php","C:/laragon/www/savp-reestructuracion/app/Services/DomainReadinessService.php","Actor+permiso mínimo; KardexPolicy para repositorio; readiness no consulta expedientes","NO; FRONTERA PREPARADA","NO","SÍ","NO","NO","NO","NO","SÍ","Ruta de condiciones y bloqueo preparada; no es CRUD ni timeline terminado. Repositorio Kardex scoped futuro; escritura cerrada. No se inventaron catálogos.","Institucional por función; excepción pedagógica no concedida","PROPUESTA DE PETER 2","Componente hijo/legacy; revisar caso vacío","Institucional por función; excepción pedagógica no concedida","Aplicación de schema/catálogos y aprobación de reglas/visibilidad, sin testing autorizado","KardexBoundary/PreparedPersistenceBoundary: cierre y scopes; sin pruebas CRUD/Persistencia","Kardex: escrituras, revisiones, evidencias/descarga, forms y timeline; configuración/prevención: desarrollo tras contrato aprobado","HTTP o componente hijo; revisión por acción pendiente","Consultar; actualizar autorizado","NINGÚN EXPEDIENTE CONSULTADO; solo descripción de disponibilidad","Área; vigencia","Shell móvil y overflow de tablas preparados; QA 375/768/1440 pendiente","BLOCKED_EXTERNALLY_INSTITUTIONAL","NINGUNA: definición pendiente","Layout/handler compartido; revisar por acción","Servidor en código; persistencia y concurrencia sin verificar","Parámetros institucionales; fuente aún por decidir","Tokens existentes en shell y componentes nuevos; contraste autenticado pendiente","Sin perdida de caller directo detectada frente a HEAD; ver 29","SIN ASOCIACION DIRECTA; revisar contexto de lectura o formulario hijo","NO APLICA DIRECTAMENTE; no se fuerza un Support administrativo sobre lectura","Evaluacion por contexto; sin inventar recomendaciones"
"V026","Administrador","Mi perfil","Página; confirmaciones Jetstream","/admin/perfil","/user/profile","PARTIAL","REUTILIZADA","","Jetstream/Fortify","C:/laragon/www/savp-reestructuracion/resources/views/profile/show.blade.php","","Jetstream/Fortify auth+usuario propio","PARCIAL; NO CERTIFICADA","SÍ","NO","NO","NO","NO","NO","NO","Perfil existente reutilizado y alias /actor/perfil; no segundo módulo de identidad.","Institucional por función; excepción pedagógica no concedida","PROPUESTA DE PETER 2","Componente hijo/legacy; revisar caso vacío","Institucional por función; excepción pedagógica no concedida","QA funcional y visual pendiente; no implica necesidad de schema nuevo","WorkspaceHttpBoundary/WorkspaceIntegrity: contratos transversales; no cobertura integral de esta ventana","Auditar flujo/modalidad completa del catálogo y uniformar legacy donde corresponda","HTTP o componente hijo; revisión por acción pendiente","Editar cuenta; contraseña; 2FA; sesión","Consultas del modelo existente, sin filas simuladas en producción; resultados no verificados en BD","No filtro","Shell móvil y overflow de tablas preparados; QA 375/768/1440 pendiente","PARTIAL","NINGUNA NUEVA","Layout/handler compartido; revisar por acción","Servidor en código; persistencia y concurrencia sin verificar","User; Persona; Jetstream seguridad","Tokens existentes en shell y componentes nuevos; contraste autenticado pendiente","Sin perdida de caller directo detectada frente a HEAD; ver 29","SIN ASOCIACION DIRECTA; revisar contexto de lectura o formulario hijo","NO APLICA DIRECTAMENTE; no se fuerza un Support administrativo sobre lectura","Evaluacion por contexto; sin inventar recomendaciones"
"V027","Director","Inicio","Sin modal","/direccion","/direccion","PARTIAL","REFACTORIZADA","C:/laragon/www/savp-reestructuracion/app/Http/Controllers/WorkspaceController.php","C:/laragon/www/savp-reestructuracion/app/Http/Controllers/WorkspaceController.php","C:/laragon/www/savp-reestructuracion/resources/views/workspaces/institucional.blade.php","C:/laragon/www/savp-reestructuracion/app/Services/InstitutionalDashboardService.php","EnsureActorRole + permiso de módulo; InstitutionalAuthorization en CRUD Livewire reutilizado; ver revisión específica","PARCIAL; NO CERTIFICADA","NO","SÍ","NO","NO","NO","NO","NO","Dashboard y enlaces por permiso con datos reales. Campana/listado/leído preparados, cerrados por flag; productores académicos pendientes. No se inventa badge 0.","Institucional + gestión/período; lectura estratégica","PROPUESTA DE PETER 2","Componente hijo/legacy; revisar caso vacío","Institucional + gestión/período; lectura estratégica","QA funcional y visual pendiente; no implica necesidad de schema nuevo","WorkspaceHttpBoundary/WorkspaceIntegrity: contratos transversales; no cobertura integral de esta ventana","Auditar flujo/modalidad completa del catálogo y uniformar legacy donde corresponda","HTTP o componente hijo; revisión por acción pendiente","Abrir pendiente; ver contexto","Consultas del modelo existente, sin filas simuladas en producción; resultados no verificados en BD","Gestión; período","Shell móvil y overflow de tablas preparados; QA 375/768/1440 pendiente","PARTIAL","MIG-003 solo campana persistente","Layout/handler compartido; revisar por acción","Servidor en código; persistencia y concurrencia sin verificar","Gestión; período; indicadores reales del scope","Tokens existentes en shell y componentes nuevos; contraste autenticado pendiente","Sin perdida de caller directo detectada frente a HEAD; ver 29","SIN ASOCIACION DIRECTA; revisar contexto de lectura o formulario hijo","NO APLICA DIRECTAMENTE; no se fuerza un Support administrativo sobre lectura","Evaluacion por contexto; sin inventar recomendaciones"
"V028","Director","Panorama institucional","Página; sin modal salvo detalle","/direccion/panorama","/direccion","PARTIAL","REFACTORIZADA","C:/laragon/www/savp-reestructuracion/app/Http/Controllers/WorkspaceController.php","C:/laragon/www/savp-reestructuracion/app/Http/Controllers/WorkspaceController.php","C:/laragon/www/savp-reestructuracion/resources/views/workspaces/institucional.blade.php","C:/laragon/www/savp-reestructuracion/app/Services/InstitutionalDashboardService.php","EnsureActorRole + permiso de módulo; InstitutionalAuthorization en CRUD Livewire reutilizado; ver revisión específica","PARCIAL; NO CERTIFICADA","NO","SÍ","NO","NO","NO","NO","NO","Código reutilizado/localizado; falta certificar acciones y modalidades del catálogo en entorno aislado y UX autenticada. No se considera PASS por tener ruta.","Institucional + gestión/período; lectura estratégica","PROPUESTA DE PETER 2","Componente hijo/legacy; revisar caso vacío","Institucional + gestión/período; lectura estratégica","QA funcional y visual pendiente; no implica necesidad de schema nuevo","WorkspaceHttpBoundary/WorkspaceIntegrity: contratos transversales; no cobertura integral de esta ventana","Auditar flujo/modalidad completa del catálogo y uniformar legacy donde corresponda","HTTP o componente hijo; revisión por acción pendiente","Lectura/drill-down/export scope; sin crear contenido o calificar. Aprobación institucional específica VI","Consultas del modelo existente, sin filas simuladas en producción; resultados no verificados en BD","Gestión; período; curso; rango","Shell móvil y overflow de tablas preparados; QA 375/768/1440 pendiente","PARTIAL","NINGUNA NUEVA","Layout/handler compartido; revisar por acción","Servidor en código; persistencia y concurrencia sin verificar","Agregados de matrícula; asistencia; notas","Tokens existentes en shell y componentes nuevos; contraste autenticado pendiente","Sin perdida de caller directo detectada frente a HEAD; ver 29","SIN ASOCIACION DIRECTA; revisar contexto de lectura o formulario hijo","NO APLICA DIRECTAMENTE; no se fuerza un Support administrativo sobre lectura","Evaluacion por contexto; sin inventar recomendaciones"
"V029","Director","Gestión académica","Página/wizard de gestión; confirmación cierre","/direccion/gestion","/direccion/consultas/gestion","PARTIAL","REUTILIZADA / CONECTADA","C:/laragon/www/savp-reestructuracion/app/Http/Controllers/InstitutionalQueryController.php","C:/laragon/www/savp-reestructuracion/app/Http/Controllers/InstitutionalQueryController.php","C:/laragon/www/savp-reestructuracion/resources/views/workspaces/consulta.blade.php","C:/laragon/www/savp-reestructuracion/app/Services/InstitutionalQueryService.php","Director+Gestion_Academica","PARCIAL; NO CERTIFICADA","SÍ","SÍ","NO","NO","NO","NO","NO","Consulta de gestiones reales; no concede edición administrativa.","Institucional + gestión/período; lectura estratégica","PROPUESTA DE PETER 2","Empty declarado; resultado real pendiente","Institucional + gestión/período; lectura estratégica","QA funcional y visual pendiente; no implica necesidad de schema nuevo","WorkspaceHttpBoundary/WorkspaceIntegrity: contratos transversales; no cobertura integral de esta ventana","Auditar flujo/modalidad completa del catálogo y uniformar legacy donde corresponda","HTTP o componente hijo; revisión por acción pendiente","Lectura/drill-down/export scope; sin crear contenido o calificar. Aprobación institucional específica VI","Consultas del modelo existente, sin filas simuladas en producción; resultados no verificados en BD","Año; estado","Shell móvil y overflow de tablas preparados; QA 375/768/1440 pendiente","PARTIAL","NINGUNA NUEVA","Layout/handler compartido; revisar por acción","Servidor en código; persistencia y concurrencia sin verificar","GestionAcademica; sesiones; respaldo","Tokens existentes en shell y componentes nuevos; contraste autenticado pendiente","Sin perdida de caller directo detectada frente a HEAD; ver 29","SIN ASOCIACION DIRECTA; revisar contexto de lectura o formulario hijo","NO APLICA DIRECTAMENTE; no se fuerza un Support administrativo sobre lectura","Evaluacion por contexto; sin inventar recomendaciones"
"V030","Director","Rendimiento","Página charts+tabla alternativa","/direccion/rendimiento","/direccion/consultas/rendimiento","PARTIAL","REFACTORIZADA","C:/laragon/www/savp-reestructuracion/app/Http/Controllers/InstitutionalQueryController.php","C:/laragon/www/savp-reestructuracion/app/Http/Controllers/InstitutionalQueryController.php","C:/laragon/www/savp-reestructuracion/resources/views/workspaces/consulta.blade.php","C:/laragon/www/savp-reestructuracion/app/Services/InstitutionalQueryService.php","EnsureActorRole + permiso de módulo; InstitutionalAuthorization en CRUD Livewire reutilizado; ver revisión específica","PARCIAL; NO CERTIFICADA","NO","SÍ","NO","NO","NO","NO","NO","Código reutilizado/localizado; falta certificar acciones y modalidades del catálogo en entorno aislado y UX autenticada. No se considera PASS por tener ruta.","Institucional + gestión/período; lectura estratégica","PROPUESTA DE PETER 2","Empty declarado; resultado real pendiente","Institucional + gestión/período; lectura estratégica","QA funcional y visual pendiente; no implica necesidad de schema nuevo","WorkspaceHttpBoundary/WorkspaceIntegrity: contratos transversales; no cobertura integral de esta ventana","Auditar flujo/modalidad completa del catálogo y uniformar legacy donde corresponda","HTTP o componente hijo; revisión por acción pendiente","Lectura/drill-down/export scope; sin crear contenido o calificar. Aprobación institucional específica VI","Consultas del modelo existente, sin filas simuladas en producción; resultados no verificados en BD","Gestión; período; grado validado; curso","Shell móvil y overflow de tablas preparados; QA 375/768/1440 pendiente","PARTIAL","NINGUNA NUEVA; MIG-006 integridad (ALTER, no ejecutada)","Layout/handler compartido; revisar por acción","Servidor en código; persistencia y concurrencia sin verificar","Notas oficiales; denominadores; cobertura","Tokens existentes en shell y componentes nuevos; contraste autenticado pendiente","Sin perdida de caller directo detectada frente a HEAD; ver 29","SIN ASOCIACION DIRECTA; revisar contexto de lectura o formulario hijo","NO APLICA DIRECTAMENTE; no se fuerza un Support administrativo sobre lectura","Evaluacion por contexto; sin inventar recomendaciones"
"V031","Director","Cursos","Página; drawer de detalle","/direccion/cursos","/direccion/consultas/cursos","PARTIAL","REFACTORIZADA","C:/laragon/www/savp-reestructuracion/app/Http/Controllers/InstitutionalQueryController.php","C:/laragon/www/savp-reestructuracion/app/Http/Controllers/InstitutionalQueryController.php","C:/laragon/www/savp-reestructuracion/resources/views/workspaces/consulta.blade.php","C:/laragon/www/savp-reestructuracion/app/Services/InstitutionalQueryService.php","EnsureActorRole + permiso de módulo; InstitutionalAuthorization en CRUD Livewire reutilizado; ver revisión específica","PARCIAL; NO CERTIFICADA","NO","SÍ","NO","NO","NO","NO","NO","Código reutilizado/localizado; falta certificar acciones y modalidades del catálogo en entorno aislado y UX autenticada. No se considera PASS por tener ruta.","Institucional + gestión/período; lectura estratégica","PROPUESTA DE PETER 2","Empty declarado; resultado real pendiente","Institucional + gestión/período; lectura estratégica","QA funcional y visual pendiente; no implica necesidad de schema nuevo","WorkspaceHttpBoundary/WorkspaceIntegrity: contratos transversales; no cobertura integral de esta ventana","Auditar flujo/modalidad completa del catálogo y uniformar legacy donde corresponda","HTTP o componente hijo; revisión por acción pendiente","Lectura/drill-down/export scope; sin crear contenido o calificar. Aprobación institucional específica VI","Consultas del modelo existente, sin filas simuladas en producción; resultados no verificados en BD","Gestión; nivel validado; paralelo; turno","Shell móvil y overflow de tablas preparados; QA 375/768/1440 pendiente","PARTIAL","NINGUNA NUEVA","Layout/handler compartido; revisar por acción","Servidor en código; persistencia y concurrencia sin verificar","Curso; inscripción; planes","Tokens existentes en shell y componentes nuevos; contraste autenticado pendiente","Sin perdida de caller directo detectada frente a HEAD; ver 29","SIN ASOCIACION DIRECTA; revisar contexto de lectura o formulario hijo","NO APLICA DIRECTAMENTE; no se fuerza un Support administrativo sobre lectura","Evaluacion por contexto; sin inventar recomendaciones"
"V032","Director","Estudiantes","Página; drawer de detalle","/direccion/estudiantes","/direccion/consultas/estudiantes","PARTIAL","REFACTORIZADA","C:/laragon/www/savp-reestructuracion/app/Http/Controllers/InstitutionalQueryController.php","C:/laragon/www/savp-reestructuracion/app/Http/Controllers/InstitutionalQueryController.php","C:/laragon/www/savp-reestructuracion/resources/views/workspaces/consulta.blade.php","C:/laragon/www/savp-reestructuracion/app/Services/InstitutionalQueryService.php","EnsureActorRole + permiso de módulo; InstitutionalAuthorization en CRUD Livewire reutilizado; ver revisión específica","PARCIAL; NO CERTIFICADA","NO","SÍ","NO","NO","NO","NO","NO","Código reutilizado/localizado; falta certificar acciones y modalidades del catálogo en entorno aislado y UX autenticada. No se considera PASS por tener ruta.","Institucional + gestión/período; lectura estratégica","PROPUESTA DE PETER 2","Empty declarado; resultado real pendiente","Institucional + gestión/período; lectura estratégica","QA funcional y visual pendiente; no implica necesidad de schema nuevo","WorkspaceHttpBoundary/WorkspaceIntegrity: contratos transversales; no cobertura integral de esta ventana","Auditar flujo/modalidad completa del catálogo y uniformar legacy donde corresponda","HTTP o componente hijo; revisión por acción pendiente","Lectura/drill-down/export scope; sin crear contenido o calificar. Aprobación institucional específica VI","Consultas del modelo existente, sin filas simuladas en producción; resultados no verificados en BD","Gestión; curso; paralelo; estado; texto","Shell móvil y overflow de tablas preparados; QA 375/768/1440 pendiente","PARTIAL","NINGUNA NUEVA","Layout/handler compartido; revisar por acción","Servidor en código; persistencia y concurrencia sin verificar","Estudiante; Persona; inscripción vigente","Tokens existentes en shell y componentes nuevos; contraste autenticado pendiente","Sin perdida de caller directo detectada frente a HEAD; ver 29","SIN ASOCIACION DIRECTA; revisar contexto de lectura o formulario hijo","NO APLICA DIRECTAMENTE; no se fuerza un Support administrativo sobre lectura","Evaluacion por contexto; sin inventar recomendaciones"
"V033","Director","Docentes","Página; drawer de detalle","/direccion/docentes","/direccion/consultas/docentes","PARTIAL","REFACTORIZADA","C:/laragon/www/savp-reestructuracion/app/Http/Controllers/InstitutionalQueryController.php","C:/laragon/www/savp-reestructuracion/app/Http/Controllers/InstitutionalQueryController.php","C:/laragon/www/savp-reestructuracion/resources/views/workspaces/consulta.blade.php","C:/laragon/www/savp-reestructuracion/app/Services/InstitutionalQueryService.php","EnsureActorRole + permiso de módulo; InstitutionalAuthorization en CRUD Livewire reutilizado; ver revisión específica","PARCIAL; NO CERTIFICADA","NO","SÍ","NO","NO","NO","NO","NO","Código reutilizado/localizado; falta certificar acciones y modalidades del catálogo en entorno aislado y UX autenticada. No se considera PASS por tener ruta.","Institucional + gestión/período; lectura estratégica","PROPUESTA DE PETER 2","Empty declarado; resultado real pendiente","Institucional + gestión/período; lectura estratégica","QA funcional y visual pendiente; no implica necesidad de schema nuevo","WorkspaceHttpBoundary/WorkspaceIntegrity: contratos transversales; no cobertura integral de esta ventana","Auditar flujo/modalidad completa del catálogo y uniformar legacy donde corresponda","HTTP o componente hijo; revisión por acción pendiente","Lectura/drill-down/export scope; sin crear contenido o calificar. Aprobación institucional específica VI","Consultas del modelo existente, sin filas simuladas en producción; resultados no verificados en BD","Gestión; asignatura; carga; estado","Shell móvil y overflow de tablas preparados; QA 375/768/1440 pendiente","PARTIAL","NINGUNA NUEVA","Layout/handler compartido; revisar por acción","Servidor en código; persistencia y concurrencia sin verificar","Docente; PersonalInstitucional; planes","Tokens existentes en shell y componentes nuevos; contraste autenticado pendiente","Sin perdida de caller directo detectada frente a HEAD; ver 29","SIN ASOCIACION DIRECTA; revisar contexto de lectura o formulario hijo","NO APLICA DIRECTAMENTE; no se fuerza un Support administrativo sobre lectura","Evaluacion por contexto; sin inventar recomendaciones"
"V034","Director","Asistencia del alcance","Página resumen; drawer sesión","/direccion/asistencia-institucional","/direccion/consultas/asistencia","PARTIAL","REFACTORIZADA","C:/laragon/www/savp-reestructuracion/app/Http/Controllers/InstitutionalQueryController.php","C:/laragon/www/savp-reestructuracion/app/Http/Controllers/InstitutionalQueryController.php","C:/laragon/www/savp-reestructuracion/resources/views/workspaces/consulta.blade.php","C:/laragon/www/savp-reestructuracion/app/Services/InstitutionalQueryService.php","EnsureActorRole + permiso de módulo; InstitutionalAuthorization en CRUD Livewire reutilizado; ver revisión específica","PARCIAL; NO CERTIFICADA","NO","SÍ","NO","NO","NO","NO","NO","Código reutilizado/localizado; falta certificar acciones y modalidades del catálogo en entorno aislado y UX autenticada. No se considera PASS por tener ruta.","Institucional + gestión/período; lectura estratégica","PROPUESTA DE PETER 2","Empty declarado; resultado real pendiente","Institucional + gestión/período; lectura estratégica","QA funcional y visual pendiente; no implica necesidad de schema nuevo","WorkspaceHttpBoundary/WorkspaceIntegrity: contratos transversales; no cobertura integral de esta ventana","Auditar flujo/modalidad completa del catálogo y uniformar legacy donde corresponda","HTTP o componente hijo; revisión por acción pendiente","Lectura/drill-down/export scope; sin crear contenido o calificar. Aprobación institucional específica VI","Consultas del modelo existente, sin filas simuladas en producción; resultados no verificados en BD","Gestión; grados asignados; curso; rango","Shell móvil y overflow de tablas preparados; QA 375/768/1440 pendiente","PARTIAL","NINGUNA NUEVA","Layout/handler compartido; revisar por acción","Servidor en código; persistencia y concurrencia sin verificar","Sesiones; AsistenciaClase/Estudiante; denominadores","Tokens existentes en shell y componentes nuevos; contraste autenticado pendiente","Sin perdida de caller directo detectada frente a HEAD; ver 29","SIN ASOCIACION DIRECTA; revisar contexto de lectura o formulario hijo","NO APLICA DIRECTAMENTE; no se fuerza un Support administrativo sobre lectura","Evaluacion por contexto; sin inventar recomendaciones"
"V035","Director","Kardex","Página timeline; modal observación; drawer detalle","/direccion/kardex","/direccion/kardex","BLOCKED_EXTERNALLY_DB","FRONTERA PREPARADA; DOMINIO BLOQUEADO","C:/laragon/www/savp-reestructuracion/app/Http/Controllers/DomainBoundaryController.php","C:/laragon/www/savp-reestructuracion/app/Http/Controllers/DomainBoundaryController.php","C:/laragon/www/savp-reestructuracion/resources/views/workspaces/domain-boundary.blade.php","C:/laragon/www/savp-reestructuracion/app/Services/DomainReadinessService.php","Actor+permiso mínimo; KardexPolicy para repositorio; readiness no consulta expedientes","NO; FRONTERA PREPARADA","NO","SÍ","NO","NO","NO","NO","SÍ","Ruta de condiciones y bloqueo preparada; no es CRUD ni timeline terminado. Repositorio Kardex scoped futuro; escritura cerrada. No se inventaron catálogos.","Institucional + gestión/período; lectura estratégica","PROPUESTA DE PETER 2","Componente hijo/legacy; revisar caso vacío","Institucional + gestión/período; lectura estratégica","Aplicación de schema/catálogos y aprobación de reglas/visibilidad, sin testing autorizado","KardexBoundary/PreparedPersistenceBoundary: cierre y scopes; sin pruebas CRUD/Persistencia","Kardex: escrituras, revisiones, evidencias/descarga, forms y timeline; configuración/prevención: desarrollo tras contrato aprobado","HTTP o componente hijo; revisión por acción pendiente","Lectura/drill-down/export scope; sin crear contenido o calificar. Aprobación institucional específica VI","NINGÚN EXPEDIENTE CONSULTADO; solo descripción de disponibilidad","Gestión; curso; alumno; tipo; visibilidad; rango","Shell móvil y overflow de tablas preparados; QA 375/768/1440 pendiente","BLOCKED_EXTERNALLY_DB","MIG-001","Layout/handler compartido; revisar por acción","Servidor en código; persistencia y concurrencia sin verificar","Observación conceptual; SeguimientoAcademico candidato; contexto","Tokens existentes en shell y componentes nuevos; contraste autenticado pendiente","Sin perdida de caller directo detectada frente a HEAD; ver 29","SIN ASOCIACION DIRECTA; revisar contexto de lectura o formulario hijo","NO APLICA DIRECTAMENTE; no se fuerza un Support administrativo sobre lectura","Evaluacion por contexto; sin inventar recomendaciones"
"V036","Director","Prevención","Página alertas; sin sanción automática","/direccion/prevencion","/direccion/prevencion","BLOCKED_EXTERNALLY_INSTITUTIONAL","FRONTERA PREPARADA; DOMINIO BLOQUEADO","C:/laragon/www/savp-reestructuracion/app/Http/Controllers/DomainBoundaryController.php","C:/laragon/www/savp-reestructuracion/app/Http/Controllers/DomainBoundaryController.php","C:/laragon/www/savp-reestructuracion/resources/views/workspaces/domain-boundary.blade.php","C:/laragon/www/savp-reestructuracion/app/Services/DomainReadinessService.php","Actor+permiso mínimo; KardexPolicy para repositorio; readiness no consulta expedientes","NO; FRONTERA PREPARADA","NO","SÍ","NO","NO","NO","NO","SÍ","Ruta de condiciones y bloqueo preparada; no es CRUD ni timeline terminado. Repositorio Kardex scoped futuro; escritura cerrada. No se inventaron catálogos.","Institucional + gestión/período; lectura estratégica","PROPUESTA DE PETER 2","Componente hijo/legacy; revisar caso vacío","Institucional + gestión/período; lectura estratégica","Aplicación de schema/catálogos y aprobación de reglas/visibilidad, sin testing autorizado","KardexBoundary/PreparedPersistenceBoundary: cierre y scopes; sin pruebas CRUD/Persistencia","Kardex: escrituras, revisiones, evidencias/descarga, forms y timeline; configuración/prevención: desarrollo tras contrato aprobado","HTTP o componente hijo; revisión por acción pendiente","Lectura/drill-down/export scope; sin crear contenido o calificar. Aprobación institucional específica VI","NINGÚN EXPEDIENTE CONSULTADO; solo descripción de disponibilidad","Gestión; estado; curso; nivel","Shell móvil y overflow de tablas preparados; QA 375/768/1440 pendiente","BLOCKED_EXTERNALLY_INSTITUTIONAL","MIG-001/MIG-003 tras reglas aprobadas","Layout/handler compartido; revisar por acción","Servidor en código; persistencia y concurrencia sin verificar","SeguimientoAcademico; Novedad; datos académicos","Tokens existentes en shell y componentes nuevos; contraste autenticado pendiente","Sin perdida de caller directo detectada frente a HEAD; ver 29","SIN ASOCIACION DIRECTA; revisar contexto de lectura o formulario hijo","NO APLICA DIRECTAMENTE; no se fuerza un Support administrativo sobre lectura","Evaluacion por contexto; sin inventar recomendaciones"
"V037","Director","Orientación","Página; instrumento en wizard","/direccion/orientacion","/direccion/consultas/orientacion","PARTIAL","REFACTORIZADA","C:/laragon/www/savp-reestructuracion/app/Http/Controllers/InstitutionalQueryController.php","C:/laragon/www/savp-reestructuracion/app/Http/Controllers/InstitutionalQueryController.php","C:/laragon/www/savp-reestructuracion/resources/views/workspaces/consulta.blade.php","C:/laragon/www/savp-reestructuracion/app/Services/InstitutionalQueryService.php","EnsureActorRole + permiso de módulo; InstitutionalAuthorization en CRUD Livewire reutilizado; ver revisión específica","PARCIAL; NO CERTIFICADA","NO","SÍ","NO","NO","NO","NO","NO","Código reutilizado/localizado; falta certificar acciones y modalidades del catálogo en entorno aislado y UX autenticada. No se considera PASS por tener ruta.","Institucional + gestión/período; lectura estratégica","PROPUESTA DE PETER 2","Empty declarado; resultado real pendiente","Institucional + gestión/período; lectura estratégica","QA funcional y visual pendiente; no implica necesidad de schema nuevo","WorkspaceHttpBoundary/WorkspaceIntegrity: contratos transversales; no cobertura integral de esta ventana","Auditar flujo/modalidad completa del catálogo y uniformar legacy donde corresponda","HTTP o componente hijo; revisión por acción pendiente","Lectura/drill-down/export scope; sin crear contenido o calificar. Aprobación institucional específica VI","Consultas del modelo existente, sin filas simuladas en producción; resultados no verificados en BD","Gestión; estado; curso según actor","Shell móvil y overflow de tablas preparados; QA 375/768/1440 pendiente","PARTIAL","NINGUNA NUEVA","Layout/handler compartido; revisar por acción","Servidor en código; persistencia y concurrencia sin verificar","OrientacionActividad/Resultado/Respuesta","Tokens existentes en shell y componentes nuevos; contraste autenticado pendiente","Sin perdida de caller directo detectada frente a HEAD; ver 29","SIN ASOCIACION DIRECTA; revisar contexto de lectura o formulario hijo","NO APLICA DIRECTAMENTE; no se fuerza un Support administrativo sobre lectura","Evaluacion por contexto; sin inventar recomendaciones"
"V038","Director","Seguimientos","Página expediente; modal cierre con motivo","/direccion/seguimientos","/direccion/seguimientos","BLOCKED_EXTERNALLY_DB","FRONTERA PREPARADA; DOMINIO BLOQUEADO","C:/laragon/www/savp-reestructuracion/app/Http/Controllers/DomainBoundaryController.php","C:/laragon/www/savp-reestructuracion/app/Http/Controllers/DomainBoundaryController.php","C:/laragon/www/savp-reestructuracion/resources/views/workspaces/domain-boundary.blade.php","C:/laragon/www/savp-reestructuracion/app/Services/DomainReadinessService.php","Actor+permiso mínimo; KardexPolicy para repositorio; readiness no consulta expedientes","NO; FRONTERA PREPARADA","NO","SÍ","NO","NO","NO","NO","SÍ","Ruta de condiciones y bloqueo preparada; no es CRUD ni timeline terminado. Repositorio Kardex scoped futuro; escritura cerrada. No se inventaron catálogos.","Institucional + gestión/período; lectura estratégica","PROPUESTA DE PETER 2","Componente hijo/legacy; revisar caso vacío","Institucional + gestión/período; lectura estratégica","Aplicación de schema/catálogos y aprobación de reglas/visibilidad, sin testing autorizado","KardexBoundary/PreparedPersistenceBoundary: cierre y scopes; sin pruebas CRUD/Persistencia","Kardex: escrituras, revisiones, evidencias/descarga, forms y timeline; configuración/prevención: desarrollo tras contrato aprobado","HTTP o componente hijo; revisión por acción pendiente","Lectura/drill-down/export scope; sin crear contenido o calificar. Aprobación institucional específica VI","NINGÚN EXPEDIENTE CONSULTADO; solo descripción de disponibilidad","Gestión; estado; responsable; curso; fecha","Shell móvil y overflow de tablas preparados; QA 375/768/1440 pendiente","BLOCKED_EXTERNALLY_DB","MIG-001","Layout/handler compartido; revisar por acción","Servidor en código; persistencia y concurrencia sin verificar","SeguimientoAcademico; NovedadEstudiante","Tokens existentes en shell y componentes nuevos; contraste autenticado pendiente","Sin perdida de caller directo detectada frente a HEAD; ver 29","SIN ASOCIACION DIRECTA; revisar contexto de lectura o formulario hijo","NO APLICA DIRECTAMENTE; no se fuerza un Support administrativo sobre lectura","Evaluacion por contexto; sin inventar recomendaciones"
"V039","Director","LMS institucional/supervisión","Página agregados","/direccion/lms-supervision","/direccion/consultas/lms","PARTIAL","REFACTORIZADA","C:/laragon/www/savp-reestructuracion/app/Http/Controllers/InstitutionalQueryController.php","C:/laragon/www/savp-reestructuracion/app/Http/Controllers/InstitutionalQueryController.php","C:/laragon/www/savp-reestructuracion/resources/views/workspaces/consulta.blade.php","C:/laragon/www/savp-reestructuracion/app/Services/InstitutionalQueryService.php","EnsureActorRole + permiso de módulo; InstitutionalAuthorization en CRUD Livewire reutilizado; ver revisión específica","PARCIAL; NO CERTIFICADA","NO","SÍ","NO","NO","NO","NO","NO","Código reutilizado/localizado; falta certificar acciones y modalidades del catálogo en entorno aislado y UX autenticada. No se considera PASS por tener ruta.","Institucional + gestión/período; lectura estratégica","PROPUESTA DE PETER 2","Empty declarado; resultado real pendiente","Institucional + gestión/período; lectura estratégica","QA funcional y visual pendiente; no implica necesidad de schema nuevo","WorkspaceHttpBoundary/WorkspaceIntegrity: contratos transversales; no cobertura integral de esta ventana","Auditar flujo/modalidad completa del catálogo y uniformar legacy donde corresponda","HTTP o componente hijo; revisión por acción pendiente","Lectura/drill-down/export scope; sin crear contenido o calificar. Aprobación institucional específica VI","Consultas del modelo existente, sin filas simuladas en producción; resultados no verificados en BD","Gestión; período; curso; participación","Shell móvil y overflow de tablas preparados; QA 375/768/1440 pendiente","PARTIAL","NINGUNA NUEVA","Layout/handler compartido; revisar por acción","Servidor en código; persistencia y concurrencia sin verificar","ClaseVirtual; tareas; entregas agregadas","Tokens existentes en shell y componentes nuevos; contraste autenticado pendiente","Sin perdida de caller directo detectada frente a HEAD; ver 29","SIN ASOCIACION DIRECTA; revisar contexto de lectura o formulario hijo","NO APLICA DIRECTAMENTE; no se fuerza un Support administrativo sobre lectura","Evaluacion por contexto; sin inventar recomendaciones"
"V040","Director","Reportes académicos","Página; confirmación datos sensibles","/direccion/reportes-academicos","/direccion/consultas/reportes","PARTIAL","REFACTORIZADA","C:/laragon/www/savp-reestructuracion/app/Http/Controllers/InstitutionalQueryController.php","C:/laragon/www/savp-reestructuracion/app/Http/Controllers/InstitutionalQueryController.php","C:/laragon/www/savp-reestructuracion/resources/views/workspaces/consulta.blade.php","C:/laragon/www/savp-reestructuracion/app/Services/InstitutionalQueryService.php","EnsureActorRole + permiso de módulo; InstitutionalAuthorization en CRUD Livewire reutilizado; ver revisión específica","PARCIAL; NO CERTIFICADA","NO","SÍ","NO","NO","NO","NO","NO","Código reutilizado/localizado; falta certificar acciones y modalidades del catálogo en entorno aislado y UX autenticada. No se considera PASS por tener ruta.","Institucional + gestión/período; lectura estratégica","PROPUESTA DE PETER 2","Empty declarado; resultado real pendiente","Institucional + gestión/período; lectura estratégica","QA funcional y visual pendiente; no implica necesidad de schema nuevo","WorkspaceHttpBoundary/WorkspaceIntegrity: contratos transversales; no cobertura integral de esta ventana","Auditar flujo/modalidad completa del catálogo y uniformar legacy donde corresponda","HTTP o componente hijo; revisión por acción pendiente","Lectura/drill-down/export scope; sin crear contenido o calificar. Aprobación institucional específica VI","Consultas del modelo existente, sin filas simuladas en producción; resultados no verificados en BD","Gestión; curso; período; formato","Shell móvil y overflow de tablas preparados; QA 375/768/1440 pendiente","PARTIAL","NINGUNA NUEVA","Layout/handler compartido; revisar por acción","Servidor en código; persistencia y concurrencia sin verificar","Datos académicos y ReporteGenerado","Tokens existentes en shell y componentes nuevos; contraste autenticado pendiente","Sin perdida de caller directo detectada frente a HEAD; ver 29","SIN ASOCIACION DIRECTA; revisar contexto de lectura o formulario hijo","NO APLICA DIRECTAMENTE; no se fuerza un Support administrativo sobre lectura","Evaluacion por contexto; sin inventar recomendaciones"
"V041","Director","Reportes administrativos","Página","/direccion/reportes-administrativos","/direccion/consultas/reportes","PARTIAL","REFACTORIZADA","C:/laragon/www/savp-reestructuracion/app/Http/Controllers/InstitutionalQueryController.php","C:/laragon/www/savp-reestructuracion/app/Http/Controllers/InstitutionalQueryController.php","C:/laragon/www/savp-reestructuracion/resources/views/workspaces/consulta.blade.php","C:/laragon/www/savp-reestructuracion/app/Services/InstitutionalQueryService.php","EnsureActorRole + permiso de módulo; InstitutionalAuthorization en CRUD Livewire reutilizado; ver revisión específica","PARCIAL; NO CERTIFICADA","NO","SÍ","NO","NO","NO","NO","NO","Código reutilizado/localizado; falta certificar acciones y modalidades del catálogo en entorno aislado y UX autenticada. No se considera PASS por tener ruta.","Institucional + gestión/período; lectura estratégica","PROPUESTA DE PETER 2","Empty declarado; resultado real pendiente","Institucional + gestión/período; lectura estratégica","QA funcional y visual pendiente; no implica necesidad de schema nuevo","WorkspaceHttpBoundary/WorkspaceIntegrity: contratos transversales; no cobertura integral de esta ventana","Auditar flujo/modalidad completa del catálogo y uniformar legacy donde corresponda","HTTP o componente hijo; revisión por acción pendiente","Lectura/drill-down/export scope; sin crear contenido o calificar. Aprobación institucional específica VI","Consultas del modelo existente, sin filas simuladas en producción; resultados no verificados en BD","Gestión; estado; tipo; formato","Shell móvil y overflow de tablas preparados; QA 375/768/1440 pendiente","PARTIAL","NINGUNA NUEVA","Layout/handler compartido; revisar por acción","Servidor en código; persistencia y concurrencia sin verificar","Inscripción; personal; ReporteGenerado","Tokens existentes en shell y componentes nuevos; contraste autenticado pendiente","Sin perdida de caller directo detectada frente a HEAD; ver 29","SIN ASOCIACION DIRECTA; revisar contexto de lectura o formulario hijo","NO APLICA DIRECTAMENTE; no se fuerza un Support administrativo sobre lectura","Evaluacion por contexto; sin inventar recomendaciones"
"V042","Director","Calendario","Modal evento focal; página agenda","/direccion/calendario","/direccion/calendario","PARTIAL","REUTILIZADA / CONECTADA","C:/laragon/www/savp-reestructuracion/app/Http/Controllers/CalendarController.php","C:/laragon/www/savp-reestructuracion/app/Http/Controllers/CalendarController.php","C:/laragon/www/savp-reestructuracion/resources/views/workspaces/calendario.blade.php","C:/laragon/www/savp-reestructuracion/app/Services/CalendarService.php","Actor+CalendarService::PERMISSIONS+scope académico","PARCIAL; NO CERTIFICADA","SÍ","SÍ","NO","NO","NO","NO","NO","Calendario real de plazos de tareas; consulta de eventos institucionales preparada y cerrada por flag. No hay eventos ficticios. Gestión editorial pendiente.","Institucional + gestión/período; lectura estratégica","PROPUESTA DE PETER 2","Empty declarado; resultado real pendiente","Institucional + gestión/período; lectura estratégica","QA funcional y visual pendiente; no implica necesidad de schema nuevo","WorkspaceHttpBoundary/WorkspaceIntegrity: contratos transversales; no cobertura integral de esta ventana","CRUD editorial institucional, reglas de solapamiento y QA; no bloquear calendario de tareas por ello","HTTP o componente hijo; revisión por acción pendiente","Lectura/drill-down/export scope; sin crear contenido o calificar. Aprobación institucional específica VI","Consultas del modelo existente, sin filas simuladas en producción; resultados no verificados en BD","Gestión; curso; rango; fuente; estado","Shell móvil y overflow de tablas preparados; QA 375/768/1440 pendiente","PARTIAL","MIG-005 para eventos institucionales; plazos existentes no requieren migration","Layout/handler compartido; revisar por acción","Servidor en código; persistencia y concurrencia sin verificar","CalendarioEvento; sesiones; fechas tarea","Tokens existentes en shell y componentes nuevos; contraste autenticado pendiente","Sin perdida de caller directo detectada frente a HEAD; ver 29","SIN ASOCIACION DIRECTA; revisar contexto de lectura o formulario hijo","NO APLICA DIRECTAMENTE; no se fuerza un Support administrativo sobre lectura","Evaluacion por contexto; sin inventar recomendaciones"
"V043","Director","Mi perfil","Página; confirmaciones Jetstream","/direccion/perfil","/user/profile","PARTIAL","REUTILIZADA","","Jetstream/Fortify","C:/laragon/www/savp-reestructuracion/resources/views/profile/show.blade.php","","Jetstream/Fortify auth+usuario propio","PARCIAL; NO CERTIFICADA","SÍ","NO","NO","NO","NO","NO","NO","Perfil existente reutilizado y alias /actor/perfil; no segundo módulo de identidad.","Institucional + gestión/período; lectura estratégica","PROPUESTA DE PETER 2","Componente hijo/legacy; revisar caso vacío","Institucional + gestión/período; lectura estratégica","QA funcional y visual pendiente; no implica necesidad de schema nuevo","WorkspaceHttpBoundary/WorkspaceIntegrity: contratos transversales; no cobertura integral de esta ventana","Auditar flujo/modalidad completa del catálogo y uniformar legacy donde corresponda","HTTP o componente hijo; revisión por acción pendiente","Editar cuenta; contraseña; 2FA; sesión","Consultas del modelo existente, sin filas simuladas en producción; resultados no verificados en BD","No filtro","Shell móvil y overflow de tablas preparados; QA 375/768/1440 pendiente","PARTIAL","NINGUNA NUEVA","Layout/handler compartido; revisar por acción","Servidor en código; persistencia y concurrencia sin verificar","User; Persona; Jetstream seguridad","Tokens existentes en shell y componentes nuevos; contraste autenticado pendiente","Sin perdida de caller directo detectada frente a HEAD; ver 29","SIN ASOCIACION DIRECTA; revisar contexto de lectura o formulario hijo","NO APLICA DIRECTAMENTE; no se fuerza un Support administrativo sobre lectura","Evaluacion por contexto; sin inventar recomendaciones"
"V044","Secretaria","Inicio","Sin modal","/secretaria","/secretaria","PARTIAL","REFACTORIZADA","C:/laragon/www/savp-reestructuracion/app/Http/Controllers/WorkspaceController.php","C:/laragon/www/savp-reestructuracion/app/Http/Controllers/WorkspaceController.php","C:/laragon/www/savp-reestructuracion/resources/views/workspaces/institucional.blade.php","C:/laragon/www/savp-reestructuracion/app/Services/InstitutionalDashboardService.php","EnsureActorRole + permiso de módulo; InstitutionalAuthorization en CRUD Livewire reutilizado; ver revisión específica","PARCIAL; NO CERTIFICADA","NO","SÍ","NO","NO","NO","NO","NO","Dashboard y enlaces por permiso con datos reales. Campana/listado/leído preparados, cerrados por flag; productores académicos pendientes. No se inventa badge 0.","Operación administrativa; datos mínimos","PROPUESTA DE PETER 2","Componente hijo/legacy; revisar caso vacío","Operación administrativa; datos mínimos","QA funcional y visual pendiente; no implica necesidad de schema nuevo","WorkspaceHttpBoundary/WorkspaceIntegrity: contratos transversales; no cobertura integral de esta ventana","Auditar flujo/modalidad completa del catálogo y uniformar legacy donde corresponda","HTTP o componente hijo; revisión por acción pendiente","Abrir pendiente; ver contexto","Consultas del modelo existente, sin filas simuladas en producción; resultados no verificados en BD","Gestión; período","Shell móvil y overflow de tablas preparados; QA 375/768/1440 pendiente","PARTIAL","MIG-003 solo campana persistente","Layout/handler compartido; revisar por acción","Servidor en código; persistencia y concurrencia sin verificar","Gestión; período; indicadores reales del scope","Tokens existentes en shell y componentes nuevos; contraste autenticado pendiente","Sin perdida de caller directo detectada frente a HEAD; ver 29","SIN ASOCIACION DIRECTA; revisar contexto de lectura o formulario hijo","NO APLICA DIRECTAMENTE; no se fuerza un Support administrativo sobre lectura","Evaluacion por contexto; sin inventar recomendaciones"
"V045","Secretaria","Personas","Página; drawer de detalle","/secretaria/personas","/secretaria/personas","PARTIAL","REUTILIZADA","C:/laragon/www/savp-reestructuracion/app/Livewire/Admin/GestionPersonas.php","C:/laragon/www/savp-reestructuracion/app/Livewire/Admin/GestionPersonas.php","C:/laragon/www/savp-reestructuracion/resources/views/livewire/admin/gestion-personas.blade.php","C:/laragon/www/savp-reestructuracion/app/Support/Personas/PersonaInteligente.php","PersonaPolicy: Registro_Personas + Administrador/Secretaria; reautorización en escritura; InstitutionalAuthorization","PARCIAL; NO CERTIFICADA","SÍ","NO","NO","NO","NO","NO","NO","Panel preventivo original preservado; identidad de edición Locked y exclusión de sí misma conserva bloqueos. Persistencia real/CRUD completo y UX pendientes.","Operación administrativa; datos mínimos","PROPUESTA DE PETER 2","Empty declarado; resultado real pendiente","Operación administrativa; datos mínimos","QA funcional y visual pendiente; no implica necesidad de schema nuevo","SupportPreventiveTest + SupportLivewireIntegrationTest: bloqueo, advertencia, corrección, edición y autorización con dobles","Auditar flujo/modalidad completa del catálogo y uniformar legacy donde corresponda","Declarado en vista; ejecución UX pendiente","Crear; editar; ver","Consultas del modelo existente, sin filas simuladas en producción; resultados no verificados en BD","Texto 400ms; estado; tipo vínculo","Shell móvil y overflow de tablas preparados; QA 375/768/1440 pendiente","PARTIAL","NINGUNA NUEVA","Mensaje/validación declarado; recuperación pendiente","Servidor en código; persistencia y concurrencia sin verificar","Persona; vínculo de User y perfiles","Tokens existentes en shell y componentes nuevos; contraste autenticado pendiente","DEF-SUP-002 corregido; edicion no omite bloqueos","PersonaInteligente","SI; evidencia estatica en callers del inventario","Preservadas segun caller/vista; QA autenticada pendiente"
"V046","Secretaria","Estudiantes","Página; drawer de detalle","/secretaria/estudiantes","/secretaria/estudiantes","PARTIAL","REUTILIZADA","C:/laragon/www/savp-reestructuracion/app/Livewire/Admin/GestionEstudiantes.php","C:/laragon/www/savp-reestructuracion/app/Livewire/Admin/GestionEstudiantes.php","C:/laragon/www/savp-reestructuracion/resources/views/livewire/admin/gestion-estudiantes.blade.php","","EnsureActorRole + permiso de módulo; InstitutionalAuthorization en CRUD Livewire reutilizado; ver revisión específica","PARCIAL; NO CERTIFICADA","SÍ","NO","NO","NO","NO","NO","NO","Código reutilizado/localizado; falta certificar acciones y modalidades del catálogo en entorno aislado y UX autenticada. No se considera PASS por tener ruta.","Operación administrativa; datos mínimos","PROPUESTA DE PETER 2","Empty declarado; resultado real pendiente","Operación administrativa; datos mínimos","QA funcional y visual pendiente; no implica necesidad de schema nuevo","WorkspaceHttpBoundary/WorkspaceIntegrity: contratos transversales; no cobertura integral de esta ventana","Auditar flujo/modalidad completa del catálogo y uniformar legacy donde corresponda","Declarado en vista; ejecución UX pendiente","Ver; registrar; editar autorizado","Consultas del modelo existente, sin filas simuladas en producción; resultados no verificados en BD","Gestión; curso; paralelo; estado; texto","Shell móvil y overflow de tablas preparados; QA 375/768/1440 pendiente","PARTIAL","NINGUNA NUEVA","Mensaje/validación declarado; recuperación pendiente","Servidor en código; persistencia y concurrencia sin verificar","Estudiante; Persona; inscripción vigente","Tokens existentes en shell y componentes nuevos; contraste autenticado pendiente","Sin perdida de caller directo detectada frente a HEAD; ver 29","SIN ASOCIACION DIRECTA; revisar contexto de lectura o formulario hijo","NO APLICA DIRECTAMENTE; no se fuerza un Support administrativo sobre lectura","Evaluacion por contexto; sin inventar recomendaciones"
"V047","Secretaria","Inscripciones","Página/wizard documental; modal anulación","/secretaria/inscripciones","/secretaria/inscripciones","PARTIAL","REUTILIZADA","C:/laragon/www/savp-reestructuracion/app/Livewire/Admin/GestionInscripciones.php","C:/laragon/www/savp-reestructuracion/app/Livewire/Admin/GestionInscripciones.php","C:/laragon/www/savp-reestructuracion/resources/views/livewire/admin/gestion-inscripciones.blade.php","C:/laragon/www/savp-reestructuracion/app/Support/Academico/InscripcionAcademica.php","EnsureActorRole + permiso de módulo; InstitutionalAuthorization en CRUD Livewire reutilizado; ver revisión específica","PARCIAL; NO CERTIFICADA","SÍ","NO","NO","NO","NO","NO","NO","Código reutilizado/localizado; falta certificar acciones y modalidades del catálogo en entorno aislado y UX autenticada. No se considera PASS por tener ruta.","Operación administrativa; datos mínimos","PROPUESTA DE PETER 2","Empty declarado; resultado real pendiente","Operación administrativa; datos mínimos","QA funcional y visual pendiente; no implica necesidad de schema nuevo","WorkspaceHttpBoundary/WorkspaceIntegrity: contratos transversales; no cobertura integral de esta ventana","Auditar flujo/modalidad completa del catálogo y uniformar legacy donde corresponda","Declarado en vista; ejecución UX pendiente","Inscribir; revisar; anular con motivo","Consultas del modelo existente, sin filas simuladas en producción; resultados no verificados en BD","Gestión; curso; paralelo; turno; estado","Shell móvil y overflow de tablas preparados; QA 375/768/1440 pendiente","PARTIAL","NINGUNA NUEVA","Mensaje/validación declarado; recuperación pendiente","Servidor en código; persistencia y concurrencia sin verificar","InscripcionEstudiante; InscripcionVigencia","Tokens existentes en shell y componentes nuevos; contraste autenticado pendiente","Sin perdida de caller directo detectada frente a HEAD; ver 29","InscripcionAcademica","SI; evidencia estatica en callers del inventario","Preservadas segun caller/vista; QA autenticada pendiente"
"V048","Secretaria","Documentación","Wizard inscripción; drawer documento","/secretaria/documentacion","/secretaria/documentacion","PARTIAL","REUTILIZADA / CONECTADA","C:/laragon/www/savp-reestructuracion/app/Http/Controllers/EnrollmentDocumentController.php","C:/laragon/www/savp-reestructuracion/app/Http/Controllers/EnrollmentDocumentController.php","C:/laragon/www/savp-reestructuracion/resources/views/workspaces/documentacion.blade.php","C:/laragon/www/savp-reestructuracion/app/Support/PrivateFilePath.php","DocumentoInscripcionEstudiantePolicy+InscripcionEstudiantePolicy","PARCIAL; NO CERTIFICADA","SÍ","SÍ","NO","NO","NO","NO","NO","Reutiliza expediente/documento de inscripción. Nuevos uploads privados, descarga autorizada con nosniff; históricos públicos no se movieron.","Operación administrativa; datos mínimos","PROPUESTA DE PETER 2","Empty declarado; resultado real pendiente","Operación administrativa; datos mínimos","QA funcional y visual pendiente; no implica necesidad de schema nuevo","WorkspaceHttpBoundary/WorkspaceIntegrity: contratos transversales; no cobertura integral de esta ventana","Auditar flujo/modalidad completa del catálogo y uniformar legacy donde corresponda","HTTP o componente hijo; revisión por acción pendiente","Consultar; adjuntar/revisar autorizado","Consultas del modelo existente, sin filas simuladas en producción; resultados no verificados en BD","Gestión; documento; estado","Shell móvil y overflow de tablas preparados; QA 375/768/1440 pendiente","PARTIAL","NINGUNA NUEVA","Layout/handler compartido; revisar por acción","Servidor en código; persistencia y concurrencia sin verificar","DocumentoInscripcionEstudiante; inscripción","Tokens existentes en shell y componentes nuevos; contraste autenticado pendiente","Sin perdida de caller directo detectada frente a HEAD; ver 29","SIN ASOCIACION DIRECTA; revisar contexto de lectura o formulario hijo","NO APLICA DIRECTAMENTE; no se fuerza un Support administrativo sobre lectura","Evaluacion por contexto; sin inventar recomendaciones"
"V049","Secretaria","Institución de procedencia","Página; drawer de detalle","/secretaria/procedencia","/secretaria/procedencia","PARTIAL","REUTILIZADA","C:/laragon/www/savp-reestructuracion/app/Livewire/Admin/InstitucionProcedencia.php","C:/laragon/www/savp-reestructuracion/app/Livewire/Admin/InstitucionProcedencia.php","C:/laragon/www/savp-reestructuracion/resources/views/livewire/admin/institucion-procedencia.blade.php","C:/laragon/www/savp-reestructuracion/app/Support/Comunidad/InstitucionProcedenciaInteligente.php","EnsureActorRole + permiso de módulo; InstitutionalAuthorization en CRUD Livewire reutilizado; ver revisión específica","PARCIAL; NO CERTIFICADA","SÍ","NO","NO","NO","NO","NO","NO","Código reutilizado/localizado; falta certificar acciones y modalidades del catálogo en entorno aislado y UX autenticada. No se considera PASS por tener ruta.","Operación administrativa; datos mínimos","PROPUESTA DE PETER 2","Componente hijo/legacy; revisar caso vacío","Operación administrativa; datos mínimos","QA funcional y visual pendiente; no implica necesidad de schema nuevo","WorkspaceHttpBoundary/WorkspaceIntegrity: contratos transversales; no cobertura integral de esta ventana","Auditar flujo/modalidad completa del catálogo y uniformar legacy donde corresponda","HTTP o componente hijo; revisión por acción pendiente","Crear; editar autorizado","Consultas del modelo existente, sin filas simuladas en producción; resultados no verificados en BD","Texto; estado","Shell móvil y overflow de tablas preparados; QA 375/768/1440 pendiente","PARTIAL","NINGUNA NUEVA","Layout/handler compartido; revisar por acción","Servidor en código; persistencia y concurrencia sin verificar","InstitucionProcedencia","Tokens existentes en shell y componentes nuevos; contraste autenticado pendiente","Sin perdida de caller directo detectada frente a HEAD; ver 29","InstitucionProcedenciaInteligente","SI; evidencia estatica en callers del inventario","Preservadas segun caller/vista; QA autenticada pendiente"
"V050","Secretaria","Tipo de vinculación","Página; drawer de detalle","/secretaria/vinculacion","/secretaria/vinculacion","PARTIAL","REUTILIZADA","C:/laragon/www/savp-reestructuracion/app/Livewire/Admin/TipoVinculacionEstudiante.php","C:/laragon/www/savp-reestructuracion/app/Livewire/Admin/TipoVinculacionEstudiante.php","C:/laragon/www/savp-reestructuracion/resources/views/livewire/admin/tipo-vinculacion-estudiante.blade.php","C:/laragon/www/savp-reestructuracion/app/Support/Comunidad/TipoVinculacionEstudianteInteligente.php","EnsureActorRole + permiso de módulo; InstitutionalAuthorization en CRUD Livewire reutilizado; ver revisión específica","PARCIAL; NO CERTIFICADA","SÍ","NO","NO","NO","NO","NO","NO","Código reutilizado/localizado; falta certificar acciones y modalidades del catálogo en entorno aislado y UX autenticada. No se considera PASS por tener ruta.","Operación administrativa; datos mínimos","PROPUESTA DE PETER 2","Componente hijo/legacy; revisar caso vacío","Operación administrativa; datos mínimos","QA funcional y visual pendiente; no implica necesidad de schema nuevo","WorkspaceHttpBoundary/WorkspaceIntegrity: contratos transversales; no cobertura integral de esta ventana","Auditar flujo/modalidad completa del catálogo y uniformar legacy donde corresponda","HTTP o componente hijo; revisión por acción pendiente","Crear; editar autorizado","Consultas del modelo existente, sin filas simuladas en producción; resultados no verificados en BD","Texto; estado","Shell móvil y overflow de tablas preparados; QA 375/768/1440 pendiente","PARTIAL","NINGUNA NUEVA","Layout/handler compartido; revisar por acción","Servidor en código; persistencia y concurrencia sin verificar","TipoVinculacionEstudiante","Tokens existentes en shell y componentes nuevos; contraste autenticado pendiente","Sin perdida de caller directo detectada frente a HEAD; ver 29","TipoVinculacionEstudianteInteligente","SI; evidencia estatica en callers del inventario","Preservadas segun caller/vista; QA autenticada pendiente"
"V051","Secretaria","Cursos","Página; drawer de detalle","/secretaria/cursos","/secretaria/cursos","PARTIAL","REFACTORIZADA","C:/laragon/www/savp-reestructuracion/app/Http/Controllers/InstitutionalQueryController.php","C:/laragon/www/savp-reestructuracion/app/Livewire/Shared/InstitutionalQuery.php; C:/laragon/www/savp-reestructuracion/app/Livewire/Shared/InstitutionalRecordDrawer.php","C:/laragon/www/savp-reestructuracion/resources/views/livewire/shared/institutional-query.blade.php","C:/laragon/www/savp-reestructuracion/app/Services/InstitutionalQueryService.php","EnsureActorRole + permiso existente Cursos/Turnos; authorizeQuery Secretaría; solo GET/lectura","PARCIAL; NO CERTIFICADA","SÍ","SÍ","NO","NO","NO","NO","NO","Lectura mínima, nivel registrado y gestión/paralelo/turno correlacionados en el mismo plan; drawer de oferta sin personas/notas; URLs preservadas.","Operación administrativa; datos mínimos","PROPUESTA DE PETER 2","Empty declarado; resultado real pendiente","Operación administrativa; datos mínimos","QA funcional y visual pendiente; no implica necesidad de schema nuevo","InstitutionalQueryInteractionTest + SecretaryCatalogDetailTest + InstitutionalCatalogFilterTest: filtros, drawer, revocación, actor ajeno y SQL correlacionado; sin BD","QA autenticada de filtros, paginación/drawer, teclado, contraste y responsive con datos aislados","Declarado en vista; ejecución UX pendiente","Lectura mínima; sin edición pedagógica","Consultas del modelo existente, sin filas simuladas en producción; resultados no verificados en BD","Gestión; nivel validado; paralelo; turno","Shell móvil y overflow de tablas preparados; QA 375/768/1440 pendiente","PARTIAL","NINGUNA NUEVA","Mensaje/validación declarado; recuperación pendiente","Actor/módulo y filtros comprobados sin BD; consulta de datos pendiente","Curso; inscripción; planes","Tokens existentes en shell y componentes nuevos; contraste autenticado pendiente","Sin perdida de caller directo detectada frente a HEAD; ver 29","SIN ASOCIACION DIRECTA; revisar contexto de lectura o formulario hijo","NO APLICA DIRECTAMENTE; no se fuerza un Support administrativo sobre lectura","Evaluacion por contexto; sin inventar recomendaciones"
"V052","Secretaria","Paralelos","Página; drawer de detalle","/secretaria/paralelos","/secretaria/paralelos","PARTIAL","REUTILIZADA","C:/laragon/www/savp-reestructuracion/app/Livewire/Admin/GestionParalelo.php","C:/laragon/www/savp-reestructuracion/app/Livewire/Admin/GestionParalelo.php","C:/laragon/www/savp-reestructuracion/resources/views/livewire/admin/gestion-paralelo.blade.php","C:/laragon/www/savp-reestructuracion/app/Support/Academico/ParaleloInteligente.php","EnsureActorRole + permiso de módulo; InstitutionalAuthorization en CRUD Livewire reutilizado; ver revisión específica","PARCIAL; NO CERTIFICADA","SÍ","NO","NO","NO","NO","NO","NO","Código reutilizado/localizado; falta certificar acciones y modalidades del catálogo en entorno aislado y UX autenticada. No se considera PASS por tener ruta.","Operación administrativa; datos mínimos","PROPUESTA DE PETER 2","Empty declarado; resultado real pendiente","Operación administrativa; datos mínimos","QA funcional y visual pendiente; no implica necesidad de schema nuevo","WorkspaceHttpBoundary/WorkspaceIntegrity: contratos transversales; no cobertura integral de esta ventana","Auditar flujo/modalidad completa del catálogo y uniformar legacy donde corresponda","Declarado en vista; ejecución UX pendiente","Consultar; crear/editar autorizado","Consultas del modelo existente, sin filas simuladas en producción; resultados no verificados en BD","Gestión; curso; estado","Shell móvil y overflow de tablas preparados; QA 375/768/1440 pendiente","PARTIAL","NINGUNA NUEVA","Mensaje/validación declarado; recuperación pendiente","Servidor en código; persistencia y concurrencia sin verificar","Paralelo; curso; planes","Tokens existentes en shell y componentes nuevos; contraste autenticado pendiente","Sin perdida de caller directo detectada frente a HEAD; ver 29","ParaleloInteligente","SI; evidencia estatica en callers del inventario","Preservadas segun caller/vista; QA autenticada pendiente"
"V053","Secretaria","Turnos","Página; drawer de detalle","/secretaria/turnos","/secretaria/turnos","PARTIAL","REFACTORIZADA","C:/laragon/www/savp-reestructuracion/app/Http/Controllers/InstitutionalQueryController.php","C:/laragon/www/savp-reestructuracion/app/Livewire/Shared/InstitutionalQuery.php; C:/laragon/www/savp-reestructuracion/app/Livewire/Shared/InstitutionalRecordDrawer.php","C:/laragon/www/savp-reestructuracion/resources/views/livewire/shared/institutional-query.blade.php","C:/laragon/www/savp-reestructuracion/app/Services/InstitutionalQueryService.php","EnsureActorRole + permiso existente Cursos/Turnos; authorizeQuery Secretaría; solo GET/lectura","PARCIAL; NO CERTIFICADA","SÍ","SÍ","NO","NO","NO","NO","NO","Lectura mínima, estado y franja horaria; drawer de turno/plantillas, sin edición ni asignaciones sensibles.","Operación administrativa; datos mínimos","PROPUESTA DE PETER 2","Empty declarado; resultado real pendiente","Operación administrativa; datos mínimos","QA funcional y visual pendiente; no implica necesidad de schema nuevo","InstitutionalQueryInteractionTest + SecretaryCatalogDetailTest + InstitutionalCatalogFilterTest: filtros, drawer, revocación, actor ajeno y SQL correlacionado; sin BD","QA autenticada de filtros, paginación/drawer, teclado, contraste y responsive con datos aislados","Declarado en vista; ejecución UX pendiente","Lectura mínima; sin edición pedagógica","Consultas del modelo existente, sin filas simuladas en producción; resultados no verificados en BD","Estado; franja","Shell móvil y overflow de tablas preparados; QA 375/768/1440 pendiente","PARTIAL","NINGUNA NUEVA","Mensaje/validación declarado; recuperación pendiente","Actor/módulo y filtros comprobados sin BD; consulta de datos pendiente","Turno; PlantillaHoraria","Tokens existentes en shell y componentes nuevos; contraste autenticado pendiente","Sin perdida de caller directo detectada frente a HEAD; ver 29","SIN ASOCIACION DIRECTA; revisar contexto de lectura o formulario hijo","NO APLICA DIRECTAMENTE; no se fuerza un Support administrativo sobre lectura","Evaluacion por contexto; sin inventar recomendaciones"
"V054","Secretaria","Calendario","Modal evento focal; página agenda","/secretaria/calendario","/secretaria/calendario","PARTIAL","REUTILIZADA / CONECTADA","C:/laragon/www/savp-reestructuracion/app/Http/Controllers/CalendarController.php","C:/laragon/www/savp-reestructuracion/app/Http/Controllers/CalendarController.php","C:/laragon/www/savp-reestructuracion/resources/views/workspaces/calendario.blade.php","C:/laragon/www/savp-reestructuracion/app/Services/CalendarService.php","Actor+CalendarService::PERMISSIONS+scope académico","PARCIAL; NO CERTIFICADA","SÍ","SÍ","NO","NO","NO","NO","NO","Calendario real de plazos de tareas; consulta de eventos institucionales preparada y cerrada por flag. No hay eventos ficticios. Gestión editorial pendiente.","Operación administrativa; datos mínimos","PROPUESTA DE PETER 2","Empty declarado; resultado real pendiente","Operación administrativa; datos mínimos","QA funcional y visual pendiente; no implica necesidad de schema nuevo","WorkspaceHttpBoundary/WorkspaceIntegrity: contratos transversales; no cobertura integral de esta ventana","CRUD editorial institucional, reglas de solapamiento y QA; no bloquear calendario de tareas por ello","HTTP o componente hijo; revisión por acción pendiente","Ver; crear borrador o confirmar por función","Consultas del modelo existente, sin filas simuladas en producción; resultados no verificados en BD","Gestión; curso; rango; fuente; estado","Shell móvil y overflow de tablas preparados; QA 375/768/1440 pendiente","PARTIAL","MIG-005 para eventos institucionales; plazos existentes no requieren migration","Layout/handler compartido; revisar por acción","Servidor en código; persistencia y concurrencia sin verificar","CalendarioEvento; sesiones; fechas tarea","Tokens existentes en shell y componentes nuevos; contraste autenticado pendiente","Sin perdida de caller directo detectada frente a HEAD; ver 29","SIN ASOCIACION DIRECTA; revisar contexto de lectura o formulario hijo","NO APLICA DIRECTAMENTE; no se fuerza un Support administrativo sobre lectura","Evaluacion por contexto; sin inventar recomendaciones"
"V055","Secretaria","Kardex","Página timeline; modal observación; drawer detalle","/secretaria/kardex","/secretaria/kardex","BLOCKED_EXTERNALLY_DB","FRONTERA PREPARADA; DOMINIO BLOQUEADO","C:/laragon/www/savp-reestructuracion/app/Http/Controllers/DomainBoundaryController.php","C:/laragon/www/savp-reestructuracion/app/Http/Controllers/DomainBoundaryController.php","C:/laragon/www/savp-reestructuracion/resources/views/workspaces/domain-boundary.blade.php","C:/laragon/www/savp-reestructuracion/app/Services/DomainReadinessService.php","Actor+permiso mínimo; KardexPolicy para repositorio; readiness no consulta expedientes","NO; FRONTERA PREPARADA","NO","SÍ","NO","NO","NO","NO","SÍ","Ruta de condiciones y bloqueo preparada; no es CRUD ni timeline terminado. Repositorio Kardex scoped futuro; escritura cerrada. No se inventaron catálogos.","Operación administrativa; datos mínimos","PROPUESTA DE PETER 2","Componente hijo/legacy; revisar caso vacío","Operación administrativa; datos mínimos","Aplicación de schema/catálogos y aprobación de reglas/visibilidad, sin testing autorizado","KardexBoundary/PreparedPersistenceBoundary: cierre y scopes; sin pruebas CRUD/Persistencia","Kardex: escrituras, revisiones, evidencias/descarga, forms y timeline; configuración/prevención: desarrollo tras contrato aprobado","HTTP o componente hijo; revisión por acción pendiente","Lectura mínima; sin edición pedagógica","NINGÚN EXPEDIENTE CONSULTADO; solo descripción de disponibilidad","Gestión; curso; alumno; tipo; visibilidad; rango","Shell móvil y overflow de tablas preparados; QA 375/768/1440 pendiente","BLOCKED_EXTERNALLY_DB","MIG-001","Layout/handler compartido; revisar por acción","Servidor en código; persistencia y concurrencia sin verificar","Observación conceptual; SeguimientoAcademico candidato; contexto","Tokens existentes en shell y componentes nuevos; contraste autenticado pendiente","Sin perdida de caller directo detectada frente a HEAD; ver 29","SIN ASOCIACION DIRECTA; revisar contexto de lectura o formulario hijo","NO APLICA DIRECTAMENTE; no se fuerza un Support administrativo sobre lectura","Evaluacion por contexto; sin inventar recomendaciones"
"V056","Secretaria","Reportes administrativos","Página","/secretaria/reportes-administrativos","/secretaria/reportes","PARTIAL","REUTILIZADA / CONECTADA","C:/laragon/www/savp-reestructuracion/app/Http/Controllers/HistoricalReportController.php","C:/laragon/www/savp-reestructuracion/app/Http/Controllers/HistoricalReportController.php","C:/laragon/www/savp-reestructuracion/resources/views/workspaces/reportes.blade.php","C:/laragon/www/savp-reestructuracion/app/Services/HistoricalReportAccessService.php","ReporteGeneradoPolicy: familia administrativa PDF autorizada","PARCIAL; NO CERTIFICADA","SÍ","SÍ","NO","NO","NO","NO","NO","Listado y descarga de reportes administrativos generados; no SQL/ZIP ni familia académica por permiso amplio.","Operación administrativa; datos mínimos","PROPUESTA DE PETER 2","Empty declarado; resultado real pendiente","Operación administrativa; datos mínimos","QA funcional y visual pendiente; no implica necesidad de schema nuevo","WorkspaceHttpBoundary/WorkspaceIntegrity: contratos transversales; no cobertura integral de esta ventana","Auditar flujo/modalidad completa del catálogo y uniformar legacy donde corresponda","HTTP o componente hijo; revisión por acción pendiente","Previsualizar; exportar","Consultas del modelo existente, sin filas simuladas en producción; resultados no verificados en BD","Gestión; estado; tipo; formato","Shell móvil y overflow de tablas preparados; QA 375/768/1440 pendiente","PARTIAL","NINGUNA NUEVA","Layout/handler compartido; revisar por acción","Servidor en código; persistencia y concurrencia sin verificar","Inscripción; personal; ReporteGenerado","Tokens existentes en shell y componentes nuevos; contraste autenticado pendiente","Sin perdida de caller directo detectada frente a HEAD; ver 29","SIN ASOCIACION DIRECTA; revisar contexto de lectura o formulario hijo","NO APLICA DIRECTAMENTE; no se fuerza un Support administrativo sobre lectura","Evaluacion por contexto; sin inventar recomendaciones"
"V057","Secretaria","Mi perfil","Página; confirmaciones Jetstream","/secretaria/perfil","/user/profile","PARTIAL","REUTILIZADA","","Jetstream/Fortify","C:/laragon/www/savp-reestructuracion/resources/views/profile/show.blade.php","","Jetstream/Fortify auth+usuario propio","PARCIAL; NO CERTIFICADA","SÍ","NO","NO","NO","NO","NO","NO","Perfil existente reutilizado y alias /actor/perfil; no segundo módulo de identidad.","Operación administrativa; datos mínimos","PROPUESTA DE PETER 2","Componente hijo/legacy; revisar caso vacío","Operación administrativa; datos mínimos","QA funcional y visual pendiente; no implica necesidad de schema nuevo","WorkspaceHttpBoundary/WorkspaceIntegrity: contratos transversales; no cobertura integral de esta ventana","Auditar flujo/modalidad completa del catálogo y uniformar legacy donde corresponda","HTTP o componente hijo; revisión por acción pendiente","Editar cuenta; contraseña; 2FA; sesión","Consultas del modelo existente, sin filas simuladas en producción; resultados no verificados en BD","No filtro","Shell móvil y overflow de tablas preparados; QA 375/768/1440 pendiente","PARTIAL","NINGUNA NUEVA","Layout/handler compartido; revisar por acción","Servidor en código; persistencia y concurrencia sin verificar","User; Persona; Jetstream seguridad","Tokens existentes en shell y componentes nuevos; contraste autenticado pendiente","Sin perdida de caller directo detectada frente a HEAD; ver 29","SIN ASOCIACION DIRECTA; revisar contexto de lectura o formulario hijo","NO APLICA DIRECTAMENTE; no se fuerza un Support administrativo sobre lectura","Evaluacion por contexto; sin inventar recomendaciones"
"V058","Regente","Inicio","Sin modal","/regencia","/regencia","PARTIAL","REFACTORIZADA","C:/laragon/www/savp-reestructuracion/app/Http/Controllers/WorkspaceController.php","C:/laragon/www/savp-reestructuracion/app/Http/Controllers/WorkspaceController.php","C:/laragon/www/savp-reestructuracion/resources/views/workspaces/institucional.blade.php","C:/laragon/www/savp-reestructuracion/app/Services/InstitutionalDashboardService.php","EnsureActorRole + permiso de módulo; InstitutionalAuthorization en CRUD Livewire reutilizado; ver revisión específica","PARCIAL; NO CERTIFICADA","NO","SÍ","NO","NO","NO","NO","NO","Dashboard y enlaces por permiso con datos reales. Campana/listado/leído preparados, cerrados por flag; productores académicos pendientes. No se inventa badge 0.","Gestión + grados asignados; negar si falta vínculo","PROPUESTA DE PETER 2","Componente hijo/legacy; revisar caso vacío","RegencyAccessService: gestión Y grado asignados, perfil/personal/gestión activos; cierre si falta estructura","QA funcional y visual pendiente; no implica necesidad de schema nuevo","WorkspaceHttpBoundary/WorkspaceIntegrity: contratos transversales; no cobertura integral de esta ventana","Auditar flujo/modalidad completa del catálogo y uniformar legacy donde corresponda","HTTP o componente hijo; revisión por acción pendiente","Abrir pendiente; ver contexto","Consultas del modelo existente, sin filas simuladas en producción; resultados no verificados en BD","Gestión; período","Shell móvil y overflow de tablas preparados; QA 375/768/1440 pendiente","PARTIAL","MIG-003 solo campana persistente","Layout/handler compartido; revisar por acción","Servidor en código; persistencia y concurrencia sin verificar","Gestión; período; indicadores reales del scope","Tokens existentes en shell y componentes nuevos; contraste autenticado pendiente","Sin perdida de caller directo detectada frente a HEAD; ver 29","SIN ASOCIACION DIRECTA; revisar contexto de lectura o formulario hijo","NO APLICA DIRECTAMENTE; no se fuerza un Support administrativo sobre lectura","Evaluacion por contexto; sin inventar recomendaciones"
"V059","Regente","Mis grados","Página; empty sin asignaciones","/regencia/mis-grados","/regencia/mis-grados","PARTIAL","REUTILIZADA / CONECTADA","C:/laragon/www/savp-reestructuracion/app/Http/Controllers/RegencyAssignmentsController.php","C:/laragon/www/savp-reestructuracion/app/Http/Controllers/RegencyAssignmentsController.php","C:/laragon/www/savp-reestructuracion/resources/views/workspaces/mis-grados.blade.php","C:/laragon/www/savp-reestructuracion/app/Services/RegencyAccessService.php","Regente+cursos.ver.institucional+asignación propia activa","PARCIAL; NO CERTIFICADA","SÍ","SÍ","NO","NO","NO","NO","NO","Consulta gestión/grado de asignaciones explícitas; no usar cursos globales como fallback. Estructura ya declarada en migration de 2026-09-28.","Gestión + grados asignados; negar si falta vínculo","PROPUESTA DE PETER 2","Empty declarado; resultado real pendiente","RegencyAccessService: gestión Y grado asignados, perfil/personal/gestión activos; cierre si falta estructura","QA funcional y visual pendiente; no implica necesidad de schema nuevo","WorkspaceHttpBoundary/WorkspaceIntegrity: contratos transversales; no cobertura integral de esta ventana","Auditar flujo/modalidad completa del catálogo y uniformar legacy donde corresponda","HTTP o componente hijo; revisión por acción pendiente","Lectura/drill-down/export scope; sin crear contenido o calificar. Seguimiento operativo sujeto a VI","Consultas del modelo existente, sin filas simuladas en producción; resultados no verificados en BD","Gestión; vigencia","Shell móvil y overflow de tablas preparados; QA 375/768/1440 pendiente","PARTIAL","NINGUNA NUEVA","Layout/handler compartido; revisar por acción","Servidor en código; persistencia y concurrencia sin verificar","Regente; asignación gestión-grado conceptual","Tokens existentes en shell y componentes nuevos; contraste autenticado pendiente","Sin perdida de caller directo detectada frente a HEAD; ver 29","SIN ASOCIACION DIRECTA; revisar contexto de lectura o formulario hijo","NO APLICA DIRECTAMENTE; no se fuerza un Support administrativo sobre lectura","Evaluacion por contexto; sin inventar recomendaciones"
"V060","Regente","Cursos","Página; drawer de detalle","/regencia/cursos","/regencia/consultas/cursos","PARTIAL","REFACTORIZADA","C:/laragon/www/savp-reestructuracion/app/Http/Controllers/InstitutionalQueryController.php","C:/laragon/www/savp-reestructuracion/app/Http/Controllers/InstitutionalQueryController.php","C:/laragon/www/savp-reestructuracion/resources/views/workspaces/consulta.blade.php","C:/laragon/www/savp-reestructuracion/app/Services/InstitutionalQueryService.php","EnsureActorRole + permiso de módulo; InstitutionalAuthorization en CRUD Livewire reutilizado; ver revisión específica","PARCIAL; NO CERTIFICADA","NO","SÍ","NO","NO","NO","NO","NO","Código reutilizado/localizado; falta certificar acciones y modalidades del catálogo en entorno aislado y UX autenticada. No se considera PASS por tener ruta.","Gestión + grados asignados; negar si falta vínculo","PROPUESTA DE PETER 2","Empty declarado; resultado real pendiente","RegencyAccessService: gestión Y grado asignados, perfil/personal/gestión activos; cierre si falta estructura","QA funcional y visual pendiente; no implica necesidad de schema nuevo","WorkspaceHttpBoundary/WorkspaceIntegrity: contratos transversales; no cobertura integral de esta ventana","Auditar flujo/modalidad completa del catálogo y uniformar legacy donde corresponda","HTTP o componente hijo; revisión por acción pendiente","Lectura/drill-down/export scope; sin crear contenido o calificar. Seguimiento operativo sujeto a VI","Consultas del modelo existente, sin filas simuladas en producción; resultados no verificados en BD","Gestión; nivel validado; paralelo; turno","Shell móvil y overflow de tablas preparados; QA 375/768/1440 pendiente","PARTIAL","NINGUNA NUEVA","Layout/handler compartido; revisar por acción","Servidor en código; persistencia y concurrencia sin verificar","Curso; inscripción; planes","Tokens existentes en shell y componentes nuevos; contraste autenticado pendiente","Sin perdida de caller directo detectada frente a HEAD; ver 29","SIN ASOCIACION DIRECTA; revisar contexto de lectura o formulario hijo","NO APLICA DIRECTAMENTE; no se fuerza un Support administrativo sobre lectura","Evaluacion por contexto; sin inventar recomendaciones"
"V061","Regente","Estudiantes","Página; drawer de detalle","/regencia/estudiantes","/regencia/consultas/estudiantes","PARTIAL","REFACTORIZADA","C:/laragon/www/savp-reestructuracion/app/Http/Controllers/InstitutionalQueryController.php","C:/laragon/www/savp-reestructuracion/app/Http/Controllers/InstitutionalQueryController.php","C:/laragon/www/savp-reestructuracion/resources/views/workspaces/consulta.blade.php","C:/laragon/www/savp-reestructuracion/app/Services/InstitutionalQueryService.php","EnsureActorRole + permiso de módulo; InstitutionalAuthorization en CRUD Livewire reutilizado; ver revisión específica","PARCIAL; NO CERTIFICADA","NO","SÍ","NO","NO","NO","NO","NO","Código reutilizado/localizado; falta certificar acciones y modalidades del catálogo en entorno aislado y UX autenticada. No se considera PASS por tener ruta.","Gestión + grados asignados; negar si falta vínculo","PROPUESTA DE PETER 2","Empty declarado; resultado real pendiente","RegencyAccessService: gestión Y grado asignados, perfil/personal/gestión activos; cierre si falta estructura","QA funcional y visual pendiente; no implica necesidad de schema nuevo","WorkspaceHttpBoundary/WorkspaceIntegrity: contratos transversales; no cobertura integral de esta ventana","Auditar flujo/modalidad completa del catálogo y uniformar legacy donde corresponda","HTTP o componente hijo; revisión por acción pendiente","Lectura/drill-down/export scope; sin crear contenido o calificar. Seguimiento operativo sujeto a VI","Consultas del modelo existente, sin filas simuladas en producción; resultados no verificados en BD","Gestión; curso; paralelo; estado; texto","Shell móvil y overflow de tablas preparados; QA 375/768/1440 pendiente","PARTIAL","NINGUNA NUEVA","Layout/handler compartido; revisar por acción","Servidor en código; persistencia y concurrencia sin verificar","Estudiante; Persona; inscripción vigente","Tokens existentes en shell y componentes nuevos; contraste autenticado pendiente","Sin perdida de caller directo detectada frente a HEAD; ver 29","SIN ASOCIACION DIRECTA; revisar contexto de lectura o formulario hijo","NO APLICA DIRECTAMENTE; no se fuerza un Support administrativo sobre lectura","Evaluacion por contexto; sin inventar recomendaciones"
"V062","Regente","Asistencia del alcance","Página resumen; drawer sesión","/regencia/asistencia-institucional","/regencia/consultas/asistencia","PARTIAL","REFACTORIZADA","C:/laragon/www/savp-reestructuracion/app/Http/Controllers/InstitutionalQueryController.php","C:/laragon/www/savp-reestructuracion/app/Http/Controllers/InstitutionalQueryController.php","C:/laragon/www/savp-reestructuracion/resources/views/workspaces/consulta.blade.php","C:/laragon/www/savp-reestructuracion/app/Services/InstitutionalQueryService.php","EnsureActorRole + permiso de módulo; InstitutionalAuthorization en CRUD Livewire reutilizado; ver revisión específica","PARCIAL; NO CERTIFICADA","NO","SÍ","NO","NO","NO","NO","NO","Código reutilizado/localizado; falta certificar acciones y modalidades del catálogo en entorno aislado y UX autenticada. No se considera PASS por tener ruta.","Gestión + grados asignados; negar si falta vínculo","PROPUESTA DE PETER 2","Empty declarado; resultado real pendiente","RegencyAccessService: gestión Y grado asignados, perfil/personal/gestión activos; cierre si falta estructura","QA funcional y visual pendiente; no implica necesidad de schema nuevo","WorkspaceHttpBoundary/WorkspaceIntegrity: contratos transversales; no cobertura integral de esta ventana","Auditar flujo/modalidad completa del catálogo y uniformar legacy donde corresponda","HTTP o componente hijo; revisión por acción pendiente","Lectura/drill-down/export scope; sin crear contenido o calificar. Seguimiento operativo sujeto a VI","Consultas del modelo existente, sin filas simuladas en producción; resultados no verificados en BD","Gestión; grados asignados; curso; rango","Shell móvil y overflow de tablas preparados; QA 375/768/1440 pendiente","PARTIAL","NINGUNA NUEVA","Layout/handler compartido; revisar por acción","Servidor en código; persistencia y concurrencia sin verificar","Sesiones; AsistenciaClase/Estudiante; denominadores","Tokens existentes en shell y componentes nuevos; contraste autenticado pendiente","Sin perdida de caller directo detectada frente a HEAD; ver 29","SIN ASOCIACION DIRECTA; revisar contexto de lectura o formulario hijo","NO APLICA DIRECTAMENTE; no se fuerza un Support administrativo sobre lectura","Evaluacion por contexto; sin inventar recomendaciones"
"V063","Regente","Kardex","Página timeline; modal observación; drawer detalle","/regencia/kardex","/regencia/kardex","BLOCKED_EXTERNALLY_DB","FRONTERA PREPARADA; DOMINIO BLOQUEADO","C:/laragon/www/savp-reestructuracion/app/Http/Controllers/DomainBoundaryController.php","C:/laragon/www/savp-reestructuracion/app/Http/Controllers/DomainBoundaryController.php","C:/laragon/www/savp-reestructuracion/resources/views/workspaces/domain-boundary.blade.php","C:/laragon/www/savp-reestructuracion/app/Services/DomainReadinessService.php","Actor+permiso mínimo; KardexPolicy para repositorio; readiness no consulta expedientes","NO; FRONTERA PREPARADA","NO","SÍ","NO","NO","NO","NO","SÍ","Ruta de condiciones y bloqueo preparada; no es CRUD ni timeline terminado. Repositorio Kardex scoped futuro; escritura cerrada. No se inventaron catálogos.","Gestión + grados asignados; negar si falta vínculo","PROPUESTA DE PETER 2","Componente hijo/legacy; revisar caso vacío","RegencyAccessService: gestión Y grado asignados, perfil/personal/gestión activos; cierre si falta estructura","Aplicación de schema/catálogos y aprobación de reglas/visibilidad, sin testing autorizado","KardexBoundary/PreparedPersistenceBoundary: cierre y scopes; sin pruebas CRUD/Persistencia","Kardex: escrituras, revisiones, evidencias/descarga, forms y timeline; configuración/prevención: desarrollo tras contrato aprobado","HTTP o componente hijo; revisión por acción pendiente","Lectura/drill-down/export scope; sin crear contenido o calificar. Seguimiento operativo sujeto a VI","NINGÚN EXPEDIENTE CONSULTADO; solo descripción de disponibilidad","Gestión; curso; alumno; tipo; visibilidad; rango","Shell móvil y overflow de tablas preparados; QA 375/768/1440 pendiente","BLOCKED_EXTERNALLY_DB","MIG-001","Layout/handler compartido; revisar por acción","Servidor en código; persistencia y concurrencia sin verificar","Observación conceptual; SeguimientoAcademico candidato; contexto","Tokens existentes en shell y componentes nuevos; contraste autenticado pendiente","Sin perdida de caller directo detectada frente a HEAD; ver 29","SIN ASOCIACION DIRECTA; revisar contexto de lectura o formulario hijo","NO APLICA DIRECTAMENTE; no se fuerza un Support administrativo sobre lectura","Evaluacion por contexto; sin inventar recomendaciones"
"V064","Regente","Seguimientos","Página expediente; modal cierre con motivo","/regencia/seguimientos","/regencia/seguimientos","BLOCKED_EXTERNALLY_DB","FRONTERA PREPARADA; DOMINIO BLOQUEADO","C:/laragon/www/savp-reestructuracion/app/Http/Controllers/DomainBoundaryController.php","C:/laragon/www/savp-reestructuracion/app/Http/Controllers/DomainBoundaryController.php","C:/laragon/www/savp-reestructuracion/resources/views/workspaces/domain-boundary.blade.php","C:/laragon/www/savp-reestructuracion/app/Services/DomainReadinessService.php","Actor+permiso mínimo; KardexPolicy para repositorio; readiness no consulta expedientes","NO; FRONTERA PREPARADA","NO","SÍ","NO","NO","NO","NO","SÍ","Ruta de condiciones y bloqueo preparada; no es CRUD ni timeline terminado. Repositorio Kardex scoped futuro; escritura cerrada. No se inventaron catálogos.","Gestión + grados asignados; negar si falta vínculo","PROPUESTA DE PETER 2","Componente hijo/legacy; revisar caso vacío","RegencyAccessService: gestión Y grado asignados, perfil/personal/gestión activos; cierre si falta estructura","Aplicación de schema/catálogos y aprobación de reglas/visibilidad, sin testing autorizado","KardexBoundary/PreparedPersistenceBoundary: cierre y scopes; sin pruebas CRUD/Persistencia","Kardex: escrituras, revisiones, evidencias/descarga, forms y timeline; configuración/prevención: desarrollo tras contrato aprobado","HTTP o componente hijo; revisión por acción pendiente","Lectura/drill-down/export scope; sin crear contenido o calificar. Seguimiento operativo sujeto a VI","NINGÚN EXPEDIENTE CONSULTADO; solo descripción de disponibilidad","Gestión; estado; responsable; curso; fecha","Shell móvil y overflow de tablas preparados; QA 375/768/1440 pendiente","BLOCKED_EXTERNALLY_DB","MIG-001","Layout/handler compartido; revisar por acción","Servidor en código; persistencia y concurrencia sin verificar","SeguimientoAcademico; NovedadEstudiante","Tokens existentes en shell y componentes nuevos; contraste autenticado pendiente","Sin perdida de caller directo detectada frente a HEAD; ver 29","SIN ASOCIACION DIRECTA; revisar contexto de lectura o formulario hijo","NO APLICA DIRECTAMENTE; no se fuerza un Support administrativo sobre lectura","Evaluacion por contexto; sin inventar recomendaciones"
"V065","Regente","LMS institucional/supervisión","Página agregados","/regencia/lms-supervision","/regencia/consultas/lms","PARTIAL","REFACTORIZADA","C:/laragon/www/savp-reestructuracion/app/Http/Controllers/InstitutionalQueryController.php","C:/laragon/www/savp-reestructuracion/app/Http/Controllers/InstitutionalQueryController.php","C:/laragon/www/savp-reestructuracion/resources/views/workspaces/consulta.blade.php","C:/laragon/www/savp-reestructuracion/app/Services/InstitutionalQueryService.php","EnsureActorRole + permiso de módulo; InstitutionalAuthorization en CRUD Livewire reutilizado; ver revisión específica","PARCIAL; NO CERTIFICADA","NO","SÍ","NO","NO","NO","NO","NO","Código reutilizado/localizado; falta certificar acciones y modalidades del catálogo en entorno aislado y UX autenticada. No se considera PASS por tener ruta.","Gestión + grados asignados; negar si falta vínculo","PROPUESTA DE PETER 2","Empty declarado; resultado real pendiente","RegencyAccessService: gestión Y grado asignados, perfil/personal/gestión activos; cierre si falta estructura","QA funcional y visual pendiente; no implica necesidad de schema nuevo","WorkspaceHttpBoundary/WorkspaceIntegrity: contratos transversales; no cobertura integral de esta ventana","Auditar flujo/modalidad completa del catálogo y uniformar legacy donde corresponda","HTTP o componente hijo; revisión por acción pendiente","Lectura/drill-down/export scope; sin crear contenido o calificar. Seguimiento operativo sujeto a VI","Consultas del modelo existente, sin filas simuladas en producción; resultados no verificados en BD","Gestión; período; curso; participación","Shell móvil y overflow de tablas preparados; QA 375/768/1440 pendiente","PARTIAL","NINGUNA NUEVA","Layout/handler compartido; revisar por acción","Servidor en código; persistencia y concurrencia sin verificar","ClaseVirtual; tareas; entregas agregadas","Tokens existentes en shell y componentes nuevos; contraste autenticado pendiente","Sin perdida de caller directo detectada frente a HEAD; ver 29","SIN ASOCIACION DIRECTA; revisar contexto de lectura o formulario hijo","NO APLICA DIRECTAMENTE; no se fuerza un Support administrativo sobre lectura","Evaluacion por contexto; sin inventar recomendaciones"
"V066","Regente","Alertas","Página; drawer evidencia","/regencia/alertas","/regencia/alertas","BLOCKED_EXTERNALLY_INSTITUTIONAL","FRONTERA PREPARADA; DOMINIO BLOQUEADO","C:/laragon/www/savp-reestructuracion/app/Http/Controllers/DomainBoundaryController.php","C:/laragon/www/savp-reestructuracion/app/Http/Controllers/DomainBoundaryController.php","C:/laragon/www/savp-reestructuracion/resources/views/workspaces/domain-boundary.blade.php","C:/laragon/www/savp-reestructuracion/app/Services/DomainReadinessService.php","Actor+permiso mínimo; KardexPolicy para repositorio; readiness no consulta expedientes","NO; FRONTERA PREPARADA","NO","SÍ","NO","NO","NO","NO","SÍ","Ruta de condiciones y bloqueo preparada; no es CRUD ni timeline terminado. Repositorio Kardex scoped futuro; escritura cerrada. No se inventaron catálogos.","Gestión + grados asignados; negar si falta vínculo","PROPUESTA DE PETER 2","Componente hijo/legacy; revisar caso vacío","RegencyAccessService: gestión Y grado asignados, perfil/personal/gestión activos; cierre si falta estructura","Aplicación de schema/catálogos y aprobación de reglas/visibilidad, sin testing autorizado","KardexBoundary/PreparedPersistenceBoundary: cierre y scopes; sin pruebas CRUD/Persistencia","Kardex: escrituras, revisiones, evidencias/descarga, forms y timeline; configuración/prevención: desarrollo tras contrato aprobado","HTTP o componente hijo; revisión por acción pendiente","Lectura/drill-down/export scope; sin crear contenido o calificar. Seguimiento operativo sujeto a VI","NINGÚN EXPEDIENTE CONSULTADO; solo descripción de disponibilidad","Gestión; grado; curso; urgencia; estado","Shell móvil y overflow de tablas preparados; QA 375/768/1440 pendiente","BLOCKED_EXTERNALLY_INSTITUTIONAL","MIG-001/MIG-003 tras reglas aprobadas","Layout/handler compartido; revisar por acción","Servidor en código; persistencia y concurrencia sin verificar","Seguimiento; asistencia; evidencia de regla","Tokens existentes en shell y componentes nuevos; contraste autenticado pendiente","Sin perdida de caller directo detectada frente a HEAD; ver 29","SIN ASOCIACION DIRECTA; revisar contexto de lectura o formulario hijo","NO APLICA DIRECTAMENTE; no se fuerza un Support administrativo sobre lectura","Evaluacion por contexto; sin inventar recomendaciones"
"V067","Regente","Calendario","Modal evento focal; página agenda","/regencia/calendario","/regencia/calendario","PARTIAL","REUTILIZADA / CONECTADA","C:/laragon/www/savp-reestructuracion/app/Http/Controllers/CalendarController.php","C:/laragon/www/savp-reestructuracion/app/Http/Controllers/CalendarController.php","C:/laragon/www/savp-reestructuracion/resources/views/workspaces/calendario.blade.php","C:/laragon/www/savp-reestructuracion/app/Services/CalendarService.php","Actor+CalendarService::PERMISSIONS+scope académico","PARCIAL; NO CERTIFICADA","SÍ","SÍ","NO","NO","NO","NO","NO","Calendario real de plazos de tareas; consulta de eventos institucionales preparada y cerrada por flag. No hay eventos ficticios. Gestión editorial pendiente.","Gestión + grados asignados; negar si falta vínculo","PROPUESTA DE PETER 2","Empty declarado; resultado real pendiente","RegencyAccessService: gestión Y grado asignados, perfil/personal/gestión activos; cierre si falta estructura","QA funcional y visual pendiente; no implica necesidad de schema nuevo","WorkspaceHttpBoundary/WorkspaceIntegrity: contratos transversales; no cobertura integral de esta ventana","CRUD editorial institucional, reglas de solapamiento y QA; no bloquear calendario de tareas por ello","HTTP o componente hijo; revisión por acción pendiente","Lectura/drill-down/export scope; sin crear contenido o calificar. Seguimiento operativo sujeto a VI","Consultas del modelo existente, sin filas simuladas en producción; resultados no verificados en BD","Gestión; curso; rango; fuente; estado","Shell móvil y overflow de tablas preparados; QA 375/768/1440 pendiente","PARTIAL","MIG-005 para eventos institucionales; plazos existentes no requieren migration","Layout/handler compartido; revisar por acción","Servidor en código; persistencia y concurrencia sin verificar","CalendarioEvento; sesiones; fechas tarea","Tokens existentes en shell y componentes nuevos; contraste autenticado pendiente","Sin perdida de caller directo detectada frente a HEAD; ver 29","SIN ASOCIACION DIRECTA; revisar contexto de lectura o formulario hijo","NO APLICA DIRECTAMENTE; no se fuerza un Support administrativo sobre lectura","Evaluacion por contexto; sin inventar recomendaciones"
"V068","Regente","Reportes académicos","Página; confirmación datos sensibles","/regencia/reportes-academicos","/regencia/reportes","PARTIAL","REUTILIZADA / CONECTADA","C:/laragon/www/savp-reestructuracion/app/Http/Controllers/RegencyReportController.php","C:/laragon/www/savp-reestructuracion/app/Http/Controllers/RegencyReportController.php","C:/laragon/www/savp-reestructuracion/resources/views/workspaces/reportes-regencia.blade.php","C:/laragon/www/savp-reestructuracion/app/Services/RegencyReportService.php","Regente+reportes.ver.institucional+cursos.ver.institucional+scope gestión/grado; notas exigen calificaciones.ver.institucional","PARCIAL; NO CERTIFICADA","SÍ","SÍ","NO","NO","NO","NO","NO","Consulta paginada/PDF privado por plan asignado. Inscripciones correlacionan cuatro dimensiones; notas sin cod_pas no se infieren. No precisa tabla nueva.","Gestión + grados asignados; negar si falta vínculo","PROPUESTA DE PETER 2","Empty declarado; resultado real pendiente","RegencyAccessService: gestión Y grado asignados, perfil/personal/gestión activos; cierre si falta estructura","QA funcional y visual pendiente; no implica necesidad de schema nuevo","RegencyReportScopeTest: 3 contratos sin BD; PDF Regente y persistencia/UX pendientes","Auditar flujo/modalidad completa del catálogo y uniformar legacy donde corresponda","HTTP o componente hijo; revisión por acción pendiente","Lectura/drill-down/export scope; sin crear contenido o calificar. Seguimiento operativo sujeto a VI","Consultas del modelo existente, sin filas simuladas en producción; resultados no verificados en BD","Gestión; curso; período; formato","Shell móvil y overflow de tablas preparados; QA 375/768/1440 pendiente","PARTIAL","NINGUNA NUEVA","Mensaje/validación declarado; recuperación pendiente","Servidor en código; persistencia y concurrencia sin verificar","Datos académicos y ReporteGenerado","Tokens existentes en shell y componentes nuevos; contraste autenticado pendiente","Sin perdida de caller directo detectada frente a HEAD; ver 29","SIN ASOCIACION DIRECTA; revisar contexto de lectura o formulario hijo","NO APLICA DIRECTAMENTE; no se fuerza un Support administrativo sobre lectura","Evaluacion por contexto; sin inventar recomendaciones"
"V069","Regente","Mi perfil","Página; confirmaciones Jetstream","/regencia/perfil","/user/profile","PARTIAL","REUTILIZADA","","Jetstream/Fortify","C:/laragon/www/savp-reestructuracion/resources/views/profile/show.blade.php","","Jetstream/Fortify auth+usuario propio","PARCIAL; NO CERTIFICADA","SÍ","NO","NO","NO","NO","NO","NO","Perfil existente reutilizado y alias /actor/perfil; no segundo módulo de identidad.","Gestión + grados asignados; negar si falta vínculo","PROPUESTA DE PETER 2","Componente hijo/legacy; revisar caso vacío","RegencyAccessService: gestión Y grado asignados, perfil/personal/gestión activos; cierre si falta estructura","QA funcional y visual pendiente; no implica necesidad de schema nuevo","WorkspaceHttpBoundary/WorkspaceIntegrity: contratos transversales; no cobertura integral de esta ventana","Auditar flujo/modalidad completa del catálogo y uniformar legacy donde corresponda","HTTP o componente hijo; revisión por acción pendiente","Editar cuenta; contraseña; 2FA; sesión","Consultas del modelo existente, sin filas simuladas en producción; resultados no verificados en BD","No filtro","Shell móvil y overflow de tablas preparados; QA 375/768/1440 pendiente","PARTIAL","NINGUNA NUEVA","Layout/handler compartido; revisar por acción","Servidor en código; persistencia y concurrencia sin verificar","User; Persona; Jetstream seguridad","Tokens existentes en shell y componentes nuevos; contraste autenticado pendiente","Sin perdida de caller directo detectada frente a HEAD; ver 29","SIN ASOCIACION DIRECTA; revisar contexto de lectura o formulario hijo","NO APLICA DIRECTAMENTE; no se fuerza un Support administrativo sobre lectura","Evaluacion por contexto; sin inventar recomendaciones"
"V070","Docente","Inicio","Sin modal","/docente","/docente","PARTIAL","REFACTORIZADA","C:/laragon/www/savp-reestructuracion/app/Http/Controllers/WorkspaceController.php","C:/laragon/www/savp-reestructuracion/app/Http/Controllers/WorkspaceController.php","C:/laragon/www/savp-reestructuracion/resources/views/aula-virtual/dashboard/docente.blade.php","C:/laragon/www/savp-reestructuracion/app/Services/AulaVirtual/CursoVirtualService.php","EnsureActorRole + permiso de módulo; InstitutionalAuthorization en CRUD Livewire reutilizado; ver revisión específica","PARCIAL; NO CERTIFICADA","NO","SÍ","NO","NO","NO","NO","NO","Dashboard y enlaces por permiso con datos reales. Campana/listado/leído preparados, cerrados por flag; productores académicos pendientes. No se inventa badge 0.","Cursos/planes asignados y estudiantes vigentes","PROPUESTA DE PETER 2","Componente hijo/legacy; revisar caso vacío","Cursos/planes asignados y estudiantes vigentes","QA funcional y visual pendiente; no implica necesidad de schema nuevo","WorkspaceHttpBoundary/WorkspaceIntegrity: contratos transversales; no cobertura integral de esta ventana","Auditar flujo/modalidad completa del catálogo y uniformar legacy donde corresponda","HTTP o componente hijo; revisión por acción pendiente","Abrir pendiente; ver contexto","Consultas del modelo existente, sin filas simuladas en producción; resultados no verificados en BD","Gestión; período","Shell móvil y overflow de tablas preparados; QA 375/768/1440 pendiente","PARTIAL","MIG-003 solo campana persistente","Layout/handler compartido; revisar por acción","Servidor en código; persistencia y concurrencia sin verificar","Gestión; período; indicadores reales del scope","Tokens existentes en shell y componentes nuevos; contraste autenticado pendiente","Sin perdida de caller directo detectada frente a HEAD; ver 29","SIN ASOCIACION DIRECTA; revisar contexto de lectura o formulario hijo","NO APLICA DIRECTAMENTE; no se fuerza un Support administrativo sobre lectura","Evaluacion por contexto; sin inventar recomendaciones"
"V071","Docente","Mis cursos/materias","Página cards","/docente/mis-cursos","/docente/cursos","PARTIAL","REUTILIZADA","C:/laragon/www/savp-reestructuracion/app/Http/Controllers/AulaVirtual/CursoVirtualController.php","C:/laragon/www/savp-reestructuracion/app/Http/Controllers/AulaVirtual/CursoVirtualController.php","C:/laragon/www/savp-reestructuracion/resources/views/aula-virtual/cursos/index-docente.blade.php","C:/laragon/www/savp-reestructuracion/app/Services/AulaVirtual/CursoVirtualService.php","EnsureActorRole + permiso de módulo; InstitutionalAuthorization en CRUD Livewire reutilizado; ver revisión específica","PARCIAL; NO CERTIFICADA","SÍ","NO","NO","NO","NO","NO","NO","Código reutilizado/localizado; falta certificar acciones y modalidades del catálogo en entorno aislado y UX autenticada. No se considera PASS por tener ruta.","Cursos/planes asignados y estudiantes vigentes","PROPUESTA DE PETER 2","Componente hijo/legacy; revisar caso vacío","Docente activo propietario de plan/clase; vínculo de estudiante e inscripción correlacionan gestión/grado/paralelo/turno","QA funcional y visual pendiente; no implica necesidad de schema nuevo","WorkspaceHttpBoundary/WorkspaceIntegrity: contratos transversales; no cobertura integral de esta ventana","Auditar flujo/modalidad completa del catálogo y uniformar legacy donde corresponda","HTTP o componente hijo; revisión por acción pendiente","Abrir curso; consultar pendientes","Consultas del modelo existente, sin filas simuladas en producción; resultados no verificados en BD","Gestión; asignatura; período; texto","Shell móvil y overflow de tablas preparados; QA 375/768/1440 pendiente","PARTIAL","NINGUNA NUEVA","Layout/handler compartido; revisar por acción","Servidor en código; persistencia y concurrencia sin verificar","ClaseVirtual; planes; miembros; progreso definido","Tokens existentes en shell y componentes nuevos; contraste autenticado pendiente","Sin perdida de caller directo detectada frente a HEAD; ver 29","SIN ASOCIACION DIRECTA; revisar contexto de lectura o formulario hijo","NO APLICA DIRECTAMENTE; no se fuerza un Support administrativo sobre lectura","Evaluacion por contexto; sin inventar recomendaciones"
"V072","Docente","Curso: resumen","Página curso","/docente/curso","/docente/cursos/{curso}?tab=resumen","PARTIAL","FUSIONADA COMO TAB","C:/laragon/www/savp-reestructuracion/app/Livewire/Shared/CourseWorkspace.php","C:/laragon/www/savp-reestructuracion/app/Livewire/Shared/CourseWorkspace.php","C:/laragon/www/savp-reestructuracion/resources/views/livewire/shared/course-workspace.blade.php","C:/laragon/www/savp-reestructuracion/app/Services/AulaVirtual/CursoVirtualService.php","EnsureActorRole + permiso de módulo; InstitutionalAuthorization en CRUD Livewire reutilizado; ver revisión específica","PARCIAL; NO CERTIFICADA","NO","NO","SÍ","NO","NO","NO","NO","Código reutilizado/localizado; falta certificar acciones y modalidades del catálogo en entorno aislado y UX autenticada. No se considera PASS por tener ruta.","Cursos/planes asignados y estudiantes vigentes","PROPUESTA DE PETER 2","Empty declarado; resultado real pendiente","Docente activo propietario de plan/clase; vínculo de estudiante e inscripción correlacionan gestión/grado/paralelo/turno","QA funcional y visual pendiente; no implica necesidad de schema nuevo","WorkspaceHttpBoundary/WorkspaceIntegrity: contratos transversales; no cobertura integral de esta ventana","Auditar flujo/modalidad completa del catálogo y uniformar legacy donde corresponda","Declarado en vista; ejecución UX pendiente","Abrir tabs y actividades autorizadas","Consultas del modelo existente, sin filas simuladas en producción; resultados no verificados en BD","Curso; período","Shell móvil y overflow de tablas preparados; QA 375/768/1440 pendiente","PARTIAL","NINGUNA NUEVA","Mensaje/validación declarado; recuperación pendiente","Servidor en código; persistencia y concurrencia sin verificar","ClaseVirtual; docente; asignatura; grado validado; período","Tokens existentes en shell y componentes nuevos; contraste autenticado pendiente","Sin perdida de caller directo detectada frente a HEAD; ver 29","SIN ASOCIACION DIRECTA; revisar contexto de lectura o formulario hijo","NO APLICA DIRECTAMENTE; no se fuerza un Support administrativo sobre lectura","Evaluacion por contexto; sin inventar recomendaciones"
"V073","Docente","Curso: contenido/unidades","Página unidades; modal unidad focal","/docente/aula/{curso}/contenido (alias opcional D1; opción A mantiene /aula-virtual)","/docente/cursos/{curso}?tab=contenido","PARTIAL","FUSIONADA COMO TAB","C:/laragon/www/savp-reestructuracion/app/Livewire/Shared/CourseWorkspace.php","C:/laragon/www/savp-reestructuracion/app/Livewire/Shared/CourseWorkspace.php","C:/laragon/www/savp-reestructuracion/resources/views/livewire/shared/course-workspace.blade.php","C:/laragon/www/savp-reestructuracion/app/Services/AulaVirtual/PublicacionService.php","EnsureActorRole + permiso de módulo; InstitutionalAuthorization en CRUD Livewire reutilizado; ver revisión específica","PARCIAL; NO CERTIFICADA","NO","NO","SÍ","NO","NO","NO","NO","Contenido publicado existente funcional en código; consulta de unidades preparada. Edición/orden/enlace de recursos a unidades pendientes y requiere schema autorizado.","Cursos/planes asignados y estudiantes vigentes","PROPUESTA DE PETER 2","Empty declarado; resultado real pendiente","Docente activo propietario de plan/clase; vínculo de estudiante e inscripción correlacionan gestión/grado/paralelo/turno","QA funcional y visual pendiente; no implica necesidad de schema nuevo","WorkspaceHttpBoundary/WorkspaceIntegrity: contratos transversales; no cobertura integral de esta ventana","Editor, reordenamiento transaccional, visibilidad de recursos de unidades y QA","Declarado en vista; ejecución UX pendiente","Docente ordenar; estudiante ver publicado","Consultas del modelo existente, sin filas simuladas en producción; resultados no verificados en BD","Curso; unidad; publicación","Shell móvil y overflow de tablas preparados; QA 375/768/1440 pendiente","PARTIAL","MIG-002 para unidades; publicaciones existentes reutilizadas","Mensaje/validación declarado; recuperación pendiente","Servidor en código; persistencia y concurrencia sin verificar","Unidad/sección propuesta; material/tarea existentes","Tokens existentes en shell y componentes nuevos; contraste autenticado pendiente","Sin perdida de caller directo detectada frente a HEAD; ver 29","SIN ASOCIACION DIRECTA; revisar contexto de lectura o formulario hijo","NO APLICA DIRECTAMENTE; no se fuerza un Support administrativo sobre lectura","Evaluacion por contexto; sin inventar recomendaciones"
"V074","Docente","Curso: materiales","Modal material; drawer preview","/docente/aula/{curso}/materiales (alias opcional D1; opción A mantiene /aula-virtual)","/docente/cursos/{curso}?tab=materiales","PARTIAL","FUSIONADA COMO TAB","C:/laragon/www/savp-reestructuracion/app/Livewire/Shared/CourseWorkspace.php","C:/laragon/www/savp-reestructuracion/app/Livewire/Shared/CourseWorkspace.php","C:/laragon/www/savp-reestructuracion/resources/views/livewire/shared/course-workspace.blade.php","C:/laragon/www/savp-reestructuracion/app/Services/AulaVirtual/MaterialService.php","AulaVirtualMaterialPolicy+CourseVirtualService: clase propia, permiso, estado y archivos privados","PARCIAL; NO CERTIFICADA","NO","NO","SÍ","NO","NO","NO","NO","Materiales reutilizados; transacción, validación y descarga privada. Unidades nuevas opcionales requieren MIG-002.","Cursos/planes asignados y estudiantes vigentes","PROPUESTA DE PETER 2","Empty declarado; resultado real pendiente","Docente activo propietario de plan/clase; vínculo de estudiante e inscripción correlacionan gestión/grado/paralelo/turno","QA funcional y visual pendiente; no implica necesidad de schema nuevo","WorkspaceHttpBoundary/WorkspaceIntegrity: contratos transversales; no cobertura integral de esta ventana","Auditar flujo/modalidad completa del catálogo y uniformar legacy donde corresponda","Declarado en vista; ejecución UX pendiente","Docente subir/publicar/ocultar; estudiante descargar","Consultas del modelo existente, sin filas simuladas en producción; resultados no verificados en BD","Curso; tipo; estado; búsqueda","Shell móvil y overflow de tablas preparados; QA 375/768/1440 pendiente","PARTIAL","NINGUNA NUEVA","Mensaje/validación declarado; recuperación pendiente","Servidor en código; persistencia y concurrencia sin verificar","MaterialClase; archivo/enlace; visibilidad","Tokens existentes en shell y componentes nuevos; contraste autenticado pendiente","Sin perdida de caller directo detectada frente a HEAD; ver 29","SIN ASOCIACION DIRECTA; revisar contexto de lectura o formulario hijo","NO APLICA DIRECTAMENTE; no se fuerza un Support administrativo sobre lectura","Evaluacion por contexto; sin inventar recomendaciones"
"V075","Docente","Curso: actividades","Página/tab; formulario focal","/docente/aula/{curso}/actividades (alias opcional D1; opción A mantiene /aula-virtual)","/docente/cursos/{curso}?tab=actividades","PARTIAL","FUSIONADA COMO TAB","C:/laragon/www/savp-reestructuracion/app/Livewire/Shared/CourseWorkspace.php","C:/laragon/www/savp-reestructuracion/app/Livewire/Shared/CourseWorkspace.php","C:/laragon/www/savp-reestructuracion/resources/views/livewire/shared/course-workspace.blade.php","C:/laragon/www/savp-reestructuracion/app/Services/AulaVirtual/TareaService.php","AulaVirtualTareaPolicy+CursoVirtualService","PARCIAL; NO CERTIFICADA","NO","NO","SÍ","NO","NO","NO","NO","Actividades reutilizan tip_tar de Tarea; creación/edición contextual y estados; no otra tabla de actividades.","Cursos/planes asignados y estudiantes vigentes","PROPUESTA DE PETER 2","Empty declarado; resultado real pendiente","Docente activo propietario de plan/clase; vínculo de estudiante e inscripción correlacionan gestión/grado/paralelo/turno","QA funcional y visual pendiente; no implica necesidad de schema nuevo","WorkspaceHttpBoundary/WorkspaceIntegrity: contratos transversales; no cobertura integral de esta ventana","Auditar flujo/modalidad completa del catálogo y uniformar legacy donde corresponda","Declarado en vista; ejecución UX pendiente","Ver; crear tipo de tarea docente","Consultas del modelo existente, sin filas simuladas en producción; resultados no verificados en BD","Curso; tipo; publicación; fecha","Shell móvil y overflow de tablas preparados; QA 375/768/1440 pendiente","PARTIAL","NINGUNA NUEVA","Mensaje/validación declarado; recuperación pendiente","Servidor en código; persistencia y concurrencia sin verificar","Tarea tip_tar; fechas; puntaje","Tokens existentes en shell y componentes nuevos; contraste autenticado pendiente","Sin perdida de caller directo detectada frente a HEAD; ver 29","SIN ASOCIACION DIRECTA; revisar contexto de lectura o formulario hijo","NO APLICA DIRECTAMENTE; no se fuerza un Support administrativo sobre lectura","Evaluacion por contexto; sin inventar recomendaciones"
"V076","Docente","Curso: tareas","Modal focal o página tarea compleja","/docente/aula/{curso}/tareas (alias opcional D1; opción A mantiene /aula-virtual)","/docente/cursos/{curso}?tab=tareas","PARTIAL","FUSIONADA COMO TAB","C:/laragon/www/savp-reestructuracion/app/Livewire/Shared/CourseWorkspace.php","C:/laragon/www/savp-reestructuracion/app/Livewire/Shared/CourseWorkspace.php","C:/laragon/www/savp-reestructuracion/resources/views/livewire/shared/course-workspace.blade.php","C:/laragon/www/savp-reestructuracion/app/Services/AulaVirtual/TareaService.php","AulaVirtualTareaPolicy+CursoVirtualService","PARCIAL; NO CERTIFICADA","NO","NO","SÍ","NO","NO","NO","NO","Actividades reutilizan tip_tar de Tarea; creación/edición contextual y estados; no otra tabla de actividades.","Cursos/planes asignados y estudiantes vigentes","PROPUESTA DE PETER 2","Empty declarado; resultado real pendiente","Docente activo propietario de plan/clase; vínculo de estudiante e inscripción correlacionan gestión/grado/paralelo/turno","QA funcional y visual pendiente; no implica necesidad de schema nuevo","WorkspaceHttpBoundary/WorkspaceIntegrity: contratos transversales; no cobertura integral de esta ventana","Auditar flujo/modalidad completa del catálogo y uniformar legacy donde corresponda","Declarado en vista; ejecución UX pendiente","Docente crear/editar/publicar; estudiante abrir/entregar","Consultas del modelo existente, sin filas simuladas en producción; resultados no verificados en BD","Curso; estado; vencimiento","Shell móvil y overflow de tablas preparados; QA 375/768/1440 pendiente","PARTIAL","NINGUNA NUEVA","Mensaje/validación declarado; recuperación pendiente","Servidor en código; persistencia y concurrencia sin verificar","Tarea; publicación; cierre; puntaje máximo","Tokens existentes en shell y componentes nuevos; contraste autenticado pendiente","Sin perdida de caller directo detectada frente a HEAD; ver 29","SIN ASOCIACION DIRECTA; revisar contexto de lectura o formulario hijo","NO APLICA DIRECTAMENTE; no se fuerza un Support administrativo sobre lectura","Evaluacion por contexto; sin inventar recomendaciones"
"V077","Docente","Curso: entregas","Página revisión/envío; modal calificar","/docente/aula/{curso}/entregas (alias opcional D1; opción A mantiene /aula-virtual)","/docente/cursos/{curso}?tab=entregas","PARTIAL","FUSIONADA COMO TAB","C:/laragon/www/savp-reestructuracion/app/Livewire/Shared/CourseWorkspace.php","C:/laragon/www/savp-reestructuracion/app/Livewire/Shared/CourseWorkspace.php","C:/laragon/www/savp-reestructuracion/resources/views/livewire/shared/course-workspace.blade.php","C:/laragon/www/savp-reestructuracion/app/Services/AulaVirtual/EntregaService.php","AulaVirtualEntregaPolicy+AulaVirtualTareaPolicy","PARCIAL; NO CERTIFICADA","NO","NO","SÍ","NO","NO","NO","NO","Entregas propias/en clase autorizada; revisar/retroalimentar/calificar y devolver son permisos separados. Puntaje LMS no sobrescribe nota oficial.","Cursos/planes asignados y estudiantes vigentes","PROPUESTA DE PETER 2","Empty declarado; resultado real pendiente","Docente activo propietario de plan/clase; vínculo de estudiante e inscripción correlacionan gestión/grado/paralelo/turno","QA funcional y visual pendiente; no implica necesidad de schema nuevo","SubmissionAuthorization/AcademicSecurity: revocación/ownership; persistencia y UX pendientes","Auditar flujo/modalidad completa del catálogo y uniformar legacy donde corresponda","Declarado en vista; ejecución UX pendiente","Docente revisar/devolver; estudiante enviar borrador","Consultas del modelo existente, sin filas simuladas en producción; resultados no verificados en BD","Tarea; estado; alumno autorizado; fecha","Shell móvil y overflow de tablas preparados; QA 375/768/1440 pendiente","PARTIAL","NINGUNA NUEVA","Mensaje/validación declarado; recuperación pendiente","Servidor en código; persistencia y concurrencia sin verificar","EntregaTarea; EntregaArchivo; nota tarea","Tokens existentes en shell y componentes nuevos; contraste autenticado pendiente","Sin perdida de caller directo detectada frente a HEAD; ver 29","SIN ASOCIACION DIRECTA; revisar contexto de lectura o formulario hijo","NO APLICA DIRECTAMENTE; no se fuerza un Support administrativo sobre lectura","Evaluacion por contexto; sin inventar recomendaciones"
"V078","Docente","Curso: asistencia","Página lista; confirmación corrección","/docente/aula/{curso}/asistencia-aula (alias opcional D1; opción A mantiene /aula-virtual)","/docente/cursos/{curso}?tab=asistencia","PARTIAL","FUSIONADA COMO TAB","C:/laragon/www/savp-reestructuracion/app/Livewire/Shared/CourseWorkspace.php","C:/laragon/www/savp-reestructuracion/app/Livewire/Shared/CourseWorkspace.php","C:/laragon/www/savp-reestructuracion/resources/views/livewire/shared/course-workspace.blade.php","C:/laragon/www/savp-reestructuracion/app/Services/AulaVirtual/AsistenciaService.php","AulaVirtualAsistenciaPolicy+CursoVirtualService","PARCIAL; NO CERTIFICADA","NO","NO","SÍ","NO","NO","NO","NO","Sesiones/asistencia existentes, alcance por clase y alumno, locks para cerrar/editar; no se infiere Kardex de ausencias.","Cursos/planes asignados y estudiantes vigentes","PROPUESTA DE PETER 2","Empty declarado; resultado real pendiente","Docente activo propietario de plan/clase; vínculo de estudiante e inscripción correlacionan gestión/grado/paralelo/turno","QA funcional y visual pendiente; no implica necesidad de schema nuevo","WorkspaceHttpBoundary/WorkspaceIntegrity: contratos transversales; no cobertura integral de esta ventana","Auditar flujo/modalidad completa del catálogo y uniformar legacy donde corresponda","Declarado en vista; ejecución UX pendiente","Docente guardar lista; estudiante consultar propia","Consultas del modelo existente, sin filas simuladas en producción; resultados no verificados en BD","Curso; sesión; fecha; estado","Shell móvil y overflow de tablas preparados; QA 375/768/1440 pendiente","PARTIAL","NINGUNA NUEVA; MIG-006 integridad (ALTER, no ejecutada)","Mensaje/validación declarado; recuperación pendiente","Servidor en código; persistencia y concurrencia sin verificar","AsistenciaClase; AsistenciaEstudiante; sesión","Tokens existentes en shell y componentes nuevos; contraste autenticado pendiente","Sin perdida de caller directo detectada frente a HEAD; ver 29","SIN ASOCIACION DIRECTA; revisar contexto de lectura o formulario hijo","NO APLICA DIRECTAMENTE; no se fuerza un Support administrativo sobre lectura","Evaluacion por contexto; sin inventar recomendaciones"
"V079","Docente","Curso: calificaciones","Página libro propuesto; modal calificar","/docente/aula/{curso}/notas-aula (alias opcional D1; opción A mantiene /aula-virtual)","/docente/cursos/{curso}?tab=calificaciones","PARTIAL","FUSIONADA COMO TAB","C:/laragon/www/savp-reestructuracion/app/Livewire/Shared/CourseWorkspace.php","C:/laragon/www/savp-reestructuracion/app/Livewire/Shared/CourseWorkspace.php","C:/laragon/www/savp-reestructuracion/resources/views/livewire/shared/course-workspace.blade.php","C:/laragon/www/savp-reestructuracion/app/Services/GradeService.php","AulaVirtualEntregaPolicy+AulaVirtualTareaPolicy","PARCIAL; NO CERTIFICADA","NO","NO","SÍ","NO","NO","NO","NO","Entregas propias/en clase autorizada; revisar/retroalimentar/calificar y devolver son permisos separados. Puntaje LMS no sobrescribe nota oficial. Formulario adicional de notas oficiales conectado a CalificacionInteligente/GradeService; docente solo curso propio; escala LMS conservada separada. Revisión reutiliza el formulario y busca nota propia dentro del plan, con ID Locked; endpoints previos preservados.","Cursos/planes asignados y estudiantes vigentes","PROPUESTA DE PETER 2","Empty declarado; resultado real pendiente","Docente activo propietario de plan/clase; vínculo de estudiante e inscripción correlacionan gestión/grado/paralelo/turno","QA funcional y visual pendiente; no implica necesidad de schema nuevo","TeacherGradeSupportTest (6) + SupportPreventiveTest: creación/revisión/cancelación, bloqueo, sugerencia explícita, nota/estudiante ajenos y período inmutable; dobles sin persistencia","Auditar flujo/modalidad completa del catálogo y uniformar legacy donde corresponda","Declarado en vista; ejecución UX pendiente","Docente calificar; estudiante ver feedback propio","Consultas del modelo existente, sin filas simuladas en producción; resultados no verificados en BD","Curso; tarea; alumno propio; estado","Shell móvil y overflow de tablas preparados; QA 375/768/1440 pendiente","PARTIAL","NINGUNA NUEVA; MIG-006 integridad (ALTER, no ejecutada)","Mensaje/validación declarado; recuperación pendiente","Servidor en código; persistencia y concurrencia sin verificar","CalificacionTarea; EntregaTarea; pun_max","Tokens existentes en shell y componentes nuevos; contraste autenticado pendiente","Sin perdida de caller directo detectada frente a HEAD; ver 29","CalificacionInteligente","SI; evidencia estatica en callers del inventario","Preservadas segun caller/vista; QA autenticada pendiente"
"V080","Docente","Curso: estudiantes","Página/tab; drawer mínimo","/docente/aula/{curso}/alumnos-aula (alias opcional D1; opción A mantiene /aula-virtual)","/docente/cursos/{curso}?tab=estudiantes","PARTIAL","FUSIONADA COMO TAB","C:/laragon/www/savp-reestructuracion/app/Livewire/Shared/CourseWorkspace.php","C:/laragon/www/savp-reestructuracion/app/Livewire/Shared/CourseWorkspace.php","C:/laragon/www/savp-reestructuracion/resources/views/livewire/shared/course-workspace.blade.php","C:/laragon/www/savp-reestructuracion/app/Services/AulaVirtual/CursoVirtualService.php","EnsureActorRole + permiso de módulo; InstitutionalAuthorization en CRUD Livewire reutilizado; ver revisión específica","PARCIAL; NO CERTIFICADA","NO","NO","SÍ","NO","NO","NO","NO","Código reutilizado/localizado; falta certificar acciones y modalidades del catálogo en entorno aislado y UX autenticada. No se considera PASS por tener ruta.","Cursos/planes asignados y estudiantes vigentes","PROPUESTA DE PETER 2","Empty declarado; resultado real pendiente","Docente activo propietario de plan/clase; vínculo de estudiante e inscripción correlacionan gestión/grado/paralelo/turno","QA funcional y visual pendiente; no implica necesidad de schema nuevo","WorkspaceHttpBoundary/WorkspaceIntegrity: contratos transversales; no cobertura integral de esta ventana","Auditar flujo/modalidad completa del catálogo y uniformar legacy donde corresponda","Declarado en vista; ejecución UX pendiente","Docente ver alumnos mínimos; abrir seguimiento","Consultas del modelo existente, sin filas simuladas en producción; resultados no verificados en BD","Curso; estado; texto","Shell móvil y overflow de tablas preparados; QA 375/768/1440 pendiente","PARTIAL","NINGUNA NUEVA","Mensaje/validación declarado; recuperación pendiente","Servidor en código; persistencia y concurrencia sin verificar","ClaseEstudiante; Estudiante; vigencia","Tokens existentes en shell y componentes nuevos; contraste autenticado pendiente","Sin perdida de caller directo detectada frente a HEAD; ver 29","SIN ASOCIACION DIRECTA; revisar contexto de lectura o formulario hijo","NO APLICA DIRECTAMENTE; no se fuerza un Support administrativo sobre lectura","Evaluacion por contexto; sin inventar recomendaciones"
"V081","Docente","Calendario","Modal evento focal; página agenda","/docente/calendario","/docente/calendario","PARTIAL","REUTILIZADA / CONECTADA","C:/laragon/www/savp-reestructuracion/app/Http/Controllers/CalendarController.php","C:/laragon/www/savp-reestructuracion/app/Http/Controllers/CalendarController.php","C:/laragon/www/savp-reestructuracion/resources/views/workspaces/calendario.blade.php","C:/laragon/www/savp-reestructuracion/app/Services/CalendarService.php","Actor+CalendarService::PERMISSIONS+scope académico","PARCIAL; NO CERTIFICADA","SÍ","SÍ","NO","NO","NO","NO","NO","Calendario real de plazos de tareas; consulta de eventos institucionales preparada y cerrada por flag. No hay eventos ficticios. Gestión editorial pendiente.","Cursos/planes asignados y estudiantes vigentes","PROPUESTA DE PETER 2","Empty declarado; resultado real pendiente","Docente activo propietario de plan/clase; vínculo de estudiante e inscripción correlacionan gestión/grado/paralelo/turno","QA funcional y visual pendiente; no implica necesidad de schema nuevo","WorkspaceHttpBoundary/WorkspaceIntegrity: contratos transversales; no cobertura integral de esta ventana","CRUD editorial institucional, reglas de solapamiento y QA; no bloquear calendario de tareas por ello","HTTP o componente hijo; revisión por acción pendiente","Ver; crear borrador o confirmar por función","Consultas del modelo existente, sin filas simuladas en producción; resultados no verificados en BD","Gestión; curso; rango; fuente; estado","Shell móvil y overflow de tablas preparados; QA 375/768/1440 pendiente","PARTIAL","MIG-005 para eventos institucionales; plazos existentes no requieren migration","Layout/handler compartido; revisar por acción","Servidor en código; persistencia y concurrencia sin verificar","CalendarioEvento; sesiones; fechas tarea","Tokens existentes en shell y componentes nuevos; contraste autenticado pendiente","Sin perdida de caller directo detectada frente a HEAD; ver 29","SIN ASOCIACION DIRECTA; revisar contexto de lectura o formulario hijo","NO APLICA DIRECTAMENTE; no se fuerza un Support administrativo sobre lectura","Evaluacion por contexto; sin inventar recomendaciones"
"V082","Docente","Kardex","Página timeline; modal observación; drawer detalle","/docente/kardex","/docente/kardex","BLOCKED_EXTERNALLY_DB","FRONTERA PREPARADA; DOMINIO BLOQUEADO","C:/laragon/www/savp-reestructuracion/app/Http/Controllers/DomainBoundaryController.php","C:/laragon/www/savp-reestructuracion/app/Http/Controllers/DomainBoundaryController.php","C:/laragon/www/savp-reestructuracion/resources/views/workspaces/domain-boundary.blade.php","C:/laragon/www/savp-reestructuracion/app/Services/DomainReadinessService.php","Actor+permiso mínimo; KardexPolicy para repositorio; readiness no consulta expedientes","NO; FRONTERA PREPARADA","NO","SÍ","NO","NO","NO","NO","SÍ","Ruta de condiciones y bloqueo preparada; no es CRUD ni timeline terminado. Repositorio Kardex scoped futuro; escritura cerrada. No se inventaron catálogos.","Cursos/planes asignados y estudiantes vigentes","PROPUESTA DE PETER 2","Componente hijo/legacy; revisar caso vacío","Docente activo propietario de plan/clase; vínculo de estudiante e inscripción correlacionan gestión/grado/paralelo/turno","Aplicación de schema/catálogos y aprobación de reglas/visibilidad, sin testing autorizado","KardexBoundary/PreparedPersistenceBoundary: cierre y scopes; sin pruebas CRUD/Persistencia","Kardex: escrituras, revisiones, evidencias/descarga, forms y timeline; configuración/prevención: desarrollo tras contrato aprobado","HTTP o componente hijo; revisión por acción pendiente","Docente registrar; otros lectura; corrección enlazada","NINGÚN EXPEDIENTE CONSULTADO; solo descripción de disponibilidad","Gestión; curso; alumno; tipo; visibilidad; rango","Shell móvil y overflow de tablas preparados; QA 375/768/1440 pendiente","BLOCKED_EXTERNALLY_DB","MIG-001","Layout/handler compartido; revisar por acción","Servidor en código; persistencia y concurrencia sin verificar","Observación conceptual; SeguimientoAcademico candidato; contexto","Tokens existentes en shell y componentes nuevos; contraste autenticado pendiente","Sin perdida de caller directo detectada frente a HEAD; ver 29","KardexInteligente","SI; evidencia estatica en callers del inventario","Preservadas segun caller/vista; QA autenticada pendiente"
"V083","Docente","Seguimientos","Página expediente; modal cierre con motivo","/docente/seguimientos","/docente/seguimientos","BLOCKED_EXTERNALLY_DB","FRONTERA PREPARADA; DOMINIO BLOQUEADO","C:/laragon/www/savp-reestructuracion/app/Http/Controllers/DomainBoundaryController.php","C:/laragon/www/savp-reestructuracion/app/Http/Controllers/DomainBoundaryController.php","C:/laragon/www/savp-reestructuracion/resources/views/workspaces/domain-boundary.blade.php","C:/laragon/www/savp-reestructuracion/app/Services/DomainReadinessService.php","Actor+permiso mínimo; KardexPolicy para repositorio; readiness no consulta expedientes","NO; FRONTERA PREPARADA","NO","SÍ","NO","NO","NO","NO","SÍ","Ruta de condiciones y bloqueo preparada; no es CRUD ni timeline terminado. Repositorio Kardex scoped futuro; escritura cerrada. No se inventaron catálogos.","Cursos/planes asignados y estudiantes vigentes","PROPUESTA DE PETER 2","Componente hijo/legacy; revisar caso vacío","Docente activo propietario de plan/clase; vínculo de estudiante e inscripción correlacionan gestión/grado/paralelo/turno","Aplicación de schema/catálogos y aprobación de reglas/visibilidad, sin testing autorizado","KardexBoundary/PreparedPersistenceBoundary: cierre y scopes; sin pruebas CRUD/Persistencia","Kardex: escrituras, revisiones, evidencias/descarga, forms y timeline; configuración/prevención: desarrollo tras contrato aprobado","HTTP o componente hijo; revisión por acción pendiente","Consultar; abrir/cerrar pedagógico si aprobado","NINGÚN EXPEDIENTE CONSULTADO; solo descripción de disponibilidad","Gestión; estado; responsable; curso; fecha","Shell móvil y overflow de tablas preparados; QA 375/768/1440 pendiente","BLOCKED_EXTERNALLY_DB","MIG-001","Layout/handler compartido; revisar por acción","Servidor en código; persistencia y concurrencia sin verificar","SeguimientoAcademico; NovedadEstudiante","Tokens existentes en shell y componentes nuevos; contraste autenticado pendiente","Sin perdida de caller directo detectada frente a HEAD; ver 29","KardexInteligente","SI; evidencia estatica en callers del inventario","Preservadas segun caller/vista; QA autenticada pendiente"
"V084","Docente","Orientación","Página; instrumento en wizard","/docente/orientacion","/aula-virtual/orientacion/seguimiento","PARTIAL","REUTILIZADA","C:/laragon/www/savp-reestructuracion/app/Http/Controllers/AulaVirtual/OrientacionController.php","C:/laragon/www/savp-reestructuracion/app/Http/Controllers/AulaVirtual/OrientacionController.php","C:/laragon/www/savp-reestructuracion/resources/views/aula-virtual/orientacion/seguimiento-docente.blade.php","C:/laragon/www/savp-reestructuracion/app/Services/AulaVirtual/CursoVirtualService.php","EnsureActorRole + permiso de módulo; InstitutionalAuthorization en CRUD Livewire reutilizado; ver revisión específica","PARCIAL; NO CERTIFICADA","SÍ","NO","NO","NO","NO","NO","NO","Código reutilizado/localizado; falta certificar acciones y modalidades del catálogo en entorno aislado y UX autenticada. No se considera PASS por tener ruta.","Cursos/planes asignados y estudiantes vigentes","PROPUESTA DE PETER 2","Componente hijo/legacy; revisar caso vacío","Docente activo propietario de plan/clase; vínculo de estudiante e inscripción correlacionan gestión/grado/paralelo/turno","QA funcional y visual pendiente; no implica necesidad de schema nuevo","WorkspaceHttpBoundary/WorkspaceIntegrity: contratos transversales; no cobertura integral de esta ventana","Auditar flujo/modalidad completa del catálogo y uniformar legacy donde corresponda","HTTP o componente hijo; revisión por acción pendiente","Estudiante explorar; docente acompañar autorizado","Consultas del modelo existente, sin filas simuladas en producción; resultados no verificados en BD","Gestión; estado; curso según actor","Shell móvil y overflow de tablas preparados; QA 375/768/1440 pendiente","PARTIAL","NINGUNA NUEVA","Layout/handler compartido; revisar por acción","Servidor en código; persistencia y concurrencia sin verificar","OrientacionActividad/Resultado/Respuesta","Tokens existentes en shell y componentes nuevos; contraste autenticado pendiente","Sin perdida de caller directo detectada frente a HEAD; ver 29","SIN ASOCIACION DIRECTA; revisar contexto de lectura o formulario hijo","NO APLICA DIRECTAMENTE; no se fuerza un Support administrativo sobre lectura","Evaluacion por contexto; sin inventar recomendaciones"
"V085","Docente","Reportes académicos","Página; confirmación datos sensibles","/docente/reportes-academicos","/aula-virtual/reportes","PARTIAL","REUTILIZADA","C:/laragon/www/savp-reestructuracion/app/Http/Controllers/AulaVirtual/ReporteAulaVirtualController.php","C:/laragon/www/savp-reestructuracion/app/Http/Controllers/AulaVirtual/ReporteAulaVirtualController.php","C:/laragon/www/savp-reestructuracion/resources/views/aula-virtual/reportes/index.blade.php","C:/laragon/www/savp-reestructuracion/app/Services/AulaVirtual/ReporteAulaVirtualService.php","EnsureActorRole + permiso de módulo; InstitutionalAuthorization en CRUD Livewire reutilizado; ver revisión específica","PARCIAL; NO CERTIFICADA","SÍ","NO","NO","NO","NO","NO","NO","Código reutilizado/localizado; falta certificar acciones y modalidades del catálogo en entorno aislado y UX autenticada. No se considera PASS por tener ruta.","Cursos/planes asignados y estudiantes vigentes","PROPUESTA DE PETER 2","Empty declarado; resultado real pendiente","Docente activo propietario de plan/clase; vínculo de estudiante e inscripción correlacionan gestión/grado/paralelo/turno","QA funcional y visual pendiente; no implica necesidad de schema nuevo","WorkspaceHttpBoundary/WorkspaceIntegrity: contratos transversales; no cobertura integral de esta ventana","Auditar flujo/modalidad completa del catálogo y uniformar legacy donde corresponda","HTTP o componente hijo; revisión por acción pendiente","Previsualizar; descargar","Consultas del modelo existente, sin filas simuladas en producción; resultados no verificados en BD","Gestión; curso; período; formato","Shell móvil y overflow de tablas preparados; QA 375/768/1440 pendiente","PARTIAL","NINGUNA NUEVA","Layout/handler compartido; revisar por acción","Servidor en código; persistencia y concurrencia sin verificar","Datos académicos y ReporteGenerado","Tokens existentes en shell y componentes nuevos; contraste autenticado pendiente","Sin perdida de caller directo detectada frente a HEAD; ver 29","SIN ASOCIACION DIRECTA; revisar contexto de lectura o formulario hijo","NO APLICA DIRECTAMENTE; no se fuerza un Support administrativo sobre lectura","Evaluacion por contexto; sin inventar recomendaciones"
"V086","Docente","Mi perfil","Página; confirmaciones Jetstream","/docente/perfil","/user/profile","PARTIAL","REUTILIZADA","","Jetstream/Fortify","C:/laragon/www/savp-reestructuracion/resources/views/profile/show.blade.php","","Jetstream/Fortify auth+usuario propio","PARCIAL; NO CERTIFICADA","SÍ","NO","NO","NO","NO","NO","NO","Perfil existente reutilizado y alias /actor/perfil; no segundo módulo de identidad.","Cursos/planes asignados y estudiantes vigentes","PROPUESTA DE PETER 2","Componente hijo/legacy; revisar caso vacío","Cursos/planes asignados y estudiantes vigentes","QA funcional y visual pendiente; no implica necesidad de schema nuevo","WorkspaceHttpBoundary/WorkspaceIntegrity: contratos transversales; no cobertura integral de esta ventana","Auditar flujo/modalidad completa del catálogo y uniformar legacy donde corresponda","HTTP o componente hijo; revisión por acción pendiente","Editar cuenta; contraseña; 2FA; sesión","Consultas del modelo existente, sin filas simuladas en producción; resultados no verificados en BD","No filtro","Shell móvil y overflow de tablas preparados; QA 375/768/1440 pendiente","PARTIAL","NINGUNA NUEVA","Layout/handler compartido; revisar por acción","Servidor en código; persistencia y concurrencia sin verificar","User; Persona; Jetstream seguridad","Tokens existentes en shell y componentes nuevos; contraste autenticado pendiente","Sin perdida de caller directo detectada frente a HEAD; ver 29","SIN ASOCIACION DIRECTA; revisar contexto de lectura o formulario hijo","NO APLICA DIRECTAMENTE; no se fuerza un Support administrativo sobre lectura","Evaluacion por contexto; sin inventar recomendaciones"
"V087","Estudiante","Inicio","Sin modal","/estudiante","/estudiante","PARTIAL","REFACTORIZADA","C:/laragon/www/savp-reestructuracion/app/Http/Controllers/WorkspaceController.php","C:/laragon/www/savp-reestructuracion/app/Http/Controllers/WorkspaceController.php","C:/laragon/www/savp-reestructuracion/resources/views/aula-virtual/dashboard/estudiante.blade.php","C:/laragon/www/savp-reestructuracion/app/Services/AulaVirtual/CursoVirtualService.php","EnsureActorRole + permiso de módulo; InstitutionalAuthorization en CRUD Livewire reutilizado; ver revisión específica","PARCIAL; NO CERTIFICADA","NO","SÍ","NO","NO","NO","NO","NO","Dashboard y enlaces por permiso con datos reales. Campana/listado/leído preparados, cerrados por flag; productores académicos pendientes. No se inventa badge 0.","Propio; inscripción/vigencia; recursos publicados","PROPUESTA DE PETER 2","Componente hijo/legacy; revisar caso vacío","Perfil estudiante propio; clase/vínculo/inscripción activos correlacionados; orientación/metas propias","QA funcional y visual pendiente; no implica necesidad de schema nuevo","WorkspaceHttpBoundary/WorkspaceIntegrity: contratos transversales; no cobertura integral de esta ventana","Auditar flujo/modalidad completa del catálogo y uniformar legacy donde corresponda","HTTP o componente hijo; revisión por acción pendiente","Abrir pendiente; ver contexto","Consultas del modelo existente, sin filas simuladas en producción; resultados no verificados en BD","Gestión; período","Shell móvil y overflow de tablas preparados; QA 375/768/1440 pendiente","PARTIAL","MIG-003 solo campana persistente","Layout/handler compartido; revisar por acción","Servidor en código; persistencia y concurrencia sin verificar","Gestión; período; indicadores reales del scope","Tokens existentes en shell y componentes nuevos; contraste autenticado pendiente","Sin perdida de caller directo detectada frente a HEAD; ver 29","SIN ASOCIACION DIRECTA; revisar contexto de lectura o formulario hijo","NO APLICA DIRECTAMENTE; no se fuerza un Support administrativo sobre lectura","Evaluacion por contexto; sin inventar recomendaciones"
"V088","Estudiante","Mis cursos/materias","Página cards","/estudiante/mis-cursos","/estudiante/materias","PARTIAL","REUTILIZADA","C:/laragon/www/savp-reestructuracion/app/Http/Controllers/AulaVirtual/CursoVirtualController.php","C:/laragon/www/savp-reestructuracion/app/Http/Controllers/AulaVirtual/CursoVirtualController.php","C:/laragon/www/savp-reestructuracion/resources/views/aula-virtual/cursos/index-estudiante.blade.php","C:/laragon/www/savp-reestructuracion/app/Services/AulaVirtual/CursoVirtualService.php","EnsureActorRole + permiso de módulo; InstitutionalAuthorization en CRUD Livewire reutilizado; ver revisión específica","PARCIAL; NO CERTIFICADA","SÍ","NO","NO","NO","NO","NO","NO","Código reutilizado/localizado; falta certificar acciones y modalidades del catálogo en entorno aislado y UX autenticada. No se considera PASS por tener ruta.","Propio; inscripción/vigencia; recursos publicados","PROPUESTA DE PETER 2","Componente hijo/legacy; revisar caso vacío","Perfil estudiante propio; clase/vínculo/inscripción activos correlacionados; orientación/metas propias","QA funcional y visual pendiente; no implica necesidad de schema nuevo","WorkspaceHttpBoundary/WorkspaceIntegrity: contratos transversales; no cobertura integral de esta ventana","Auditar flujo/modalidad completa del catálogo y uniformar legacy donde corresponda","HTTP o componente hijo; revisión por acción pendiente","Lectura propia/publicada; abrir recurso autorizado","Consultas del modelo existente, sin filas simuladas en producción; resultados no verificados en BD","Gestión; asignatura; período; texto","Shell móvil y overflow de tablas preparados; QA 375/768/1440 pendiente","PARTIAL","NINGUNA NUEVA","Layout/handler compartido; revisar por acción","Servidor en código; persistencia y concurrencia sin verificar","ClaseVirtual; planes; miembros; progreso definido","Tokens existentes en shell y componentes nuevos; contraste autenticado pendiente","Sin perdida de caller directo detectada frente a HEAD; ver 29","SIN ASOCIACION DIRECTA; revisar contexto de lectura o formulario hijo","NO APLICA DIRECTAMENTE; no se fuerza un Support administrativo sobre lectura","Evaluacion por contexto; sin inventar recomendaciones"
"V089","Estudiante","Curso: resumen","Página curso","/estudiante/curso","/estudiante/materias/{curso}?tab=resumen","PARTIAL","FUSIONADA COMO TAB","C:/laragon/www/savp-reestructuracion/app/Livewire/Shared/CourseWorkspace.php","C:/laragon/www/savp-reestructuracion/app/Livewire/Shared/CourseWorkspace.php","C:/laragon/www/savp-reestructuracion/resources/views/livewire/shared/course-workspace.blade.php","C:/laragon/www/savp-reestructuracion/app/Services/AulaVirtual/CursoVirtualService.php","EnsureActorRole + permiso de módulo; InstitutionalAuthorization en CRUD Livewire reutilizado; ver revisión específica","PARCIAL; NO CERTIFICADA","NO","NO","SÍ","NO","NO","NO","NO","Código reutilizado/localizado; falta certificar acciones y modalidades del catálogo en entorno aislado y UX autenticada. No se considera PASS por tener ruta.","Propio; inscripción/vigencia; recursos publicados","PROPUESTA DE PETER 2","Empty declarado; resultado real pendiente","Perfil estudiante propio; clase/vínculo/inscripción activos correlacionados; orientación/metas propias","QA funcional y visual pendiente; no implica necesidad de schema nuevo","WorkspaceHttpBoundary/WorkspaceIntegrity: contratos transversales; no cobertura integral de esta ventana","Auditar flujo/modalidad completa del catálogo y uniformar legacy donde corresponda","Declarado en vista; ejecución UX pendiente","Lectura propia/publicada; abrir recurso autorizado","Consultas del modelo existente, sin filas simuladas en producción; resultados no verificados en BD","Curso; período","Shell móvil y overflow de tablas preparados; QA 375/768/1440 pendiente","PARTIAL","NINGUNA NUEVA","Mensaje/validación declarado; recuperación pendiente","Servidor en código; persistencia y concurrencia sin verificar","ClaseVirtual; docente; asignatura; grado validado; período","Tokens existentes en shell y componentes nuevos; contraste autenticado pendiente","Sin perdida de caller directo detectada frente a HEAD; ver 29","SIN ASOCIACION DIRECTA; revisar contexto de lectura o formulario hijo","NO APLICA DIRECTAMENTE; no se fuerza un Support administrativo sobre lectura","Evaluacion por contexto; sin inventar recomendaciones"
"V090","Estudiante","Curso: contenido/unidades","Página unidades; modal unidad focal","/estudiante/aula/{curso}/contenido (alias opcional D1; opción A mantiene /aula-virtual)","/estudiante/materias/{curso}?tab=contenido","PARTIAL","FUSIONADA COMO TAB","C:/laragon/www/savp-reestructuracion/app/Livewire/Shared/CourseWorkspace.php","C:/laragon/www/savp-reestructuracion/app/Livewire/Shared/CourseWorkspace.php","C:/laragon/www/savp-reestructuracion/resources/views/livewire/shared/course-workspace.blade.php","C:/laragon/www/savp-reestructuracion/app/Services/AulaVirtual/PublicacionService.php","EnsureActorRole + permiso de módulo; InstitutionalAuthorization en CRUD Livewire reutilizado; ver revisión específica","PARCIAL; NO CERTIFICADA","NO","NO","SÍ","NO","NO","NO","NO","Contenido publicado existente funcional en código; consulta de unidades preparada. Edición/orden/enlace de recursos a unidades pendientes y requiere schema autorizado.","Propio; inscripción/vigencia; recursos publicados","PROPUESTA DE PETER 2","Empty declarado; resultado real pendiente","Perfil estudiante propio; clase/vínculo/inscripción activos correlacionados; orientación/metas propias","QA funcional y visual pendiente; no implica necesidad de schema nuevo","WorkspaceHttpBoundary/WorkspaceIntegrity: contratos transversales; no cobertura integral de esta ventana","Editor, reordenamiento transaccional, visibilidad de recursos de unidades y QA","Declarado en vista; ejecución UX pendiente","Lectura propia/publicada; abrir recurso autorizado","Consultas del modelo existente, sin filas simuladas en producción; resultados no verificados en BD","Curso; unidad; publicación","Shell móvil y overflow de tablas preparados; QA 375/768/1440 pendiente","PARTIAL","MIG-002 para unidades; publicaciones existentes reutilizadas","Mensaje/validación declarado; recuperación pendiente","Servidor en código; persistencia y concurrencia sin verificar","Unidad/sección propuesta; material/tarea existentes","Tokens existentes en shell y componentes nuevos; contraste autenticado pendiente","Sin perdida de caller directo detectada frente a HEAD; ver 29","SIN ASOCIACION DIRECTA; revisar contexto de lectura o formulario hijo","NO APLICA DIRECTAMENTE; no se fuerza un Support administrativo sobre lectura","Evaluacion por contexto; sin inventar recomendaciones"
"V091","Estudiante","Curso: materiales","Modal material; drawer preview","/estudiante/aula/{curso}/materiales (alias opcional D1; opción A mantiene /aula-virtual)","/estudiante/materias/{curso}?tab=materiales","PARTIAL","FUSIONADA COMO TAB","C:/laragon/www/savp-reestructuracion/app/Livewire/Shared/CourseWorkspace.php","C:/laragon/www/savp-reestructuracion/app/Livewire/Shared/CourseWorkspace.php","C:/laragon/www/savp-reestructuracion/resources/views/livewire/shared/course-workspace.blade.php","C:/laragon/www/savp-reestructuracion/app/Services/AulaVirtual/MaterialService.php","AulaVirtualMaterialPolicy+CourseVirtualService: clase propia, permiso, estado y archivos privados","PARCIAL; NO CERTIFICADA","NO","NO","SÍ","NO","NO","NO","NO","Materiales reutilizados; transacción, validación y descarga privada. Unidades nuevas opcionales requieren MIG-002.","Propio; inscripción/vigencia; recursos publicados","PROPUESTA DE PETER 2","Empty declarado; resultado real pendiente","Perfil estudiante propio; clase/vínculo/inscripción activos correlacionados; orientación/metas propias","QA funcional y visual pendiente; no implica necesidad de schema nuevo","WorkspaceHttpBoundary/WorkspaceIntegrity: contratos transversales; no cobertura integral de esta ventana","Auditar flujo/modalidad completa del catálogo y uniformar legacy donde corresponda","Declarado en vista; ejecución UX pendiente","Lectura propia/publicada; abrir recurso autorizado","Consultas del modelo existente, sin filas simuladas en producción; resultados no verificados en BD","Curso; tipo; estado; búsqueda","Shell móvil y overflow de tablas preparados; QA 375/768/1440 pendiente","PARTIAL","NINGUNA NUEVA","Mensaje/validación declarado; recuperación pendiente","Servidor en código; persistencia y concurrencia sin verificar","MaterialClase; archivo/enlace; visibilidad","Tokens existentes en shell y componentes nuevos; contraste autenticado pendiente","Sin perdida de caller directo detectada frente a HEAD; ver 29","SIN ASOCIACION DIRECTA; revisar contexto de lectura o formulario hijo","NO APLICA DIRECTAMENTE; no se fuerza un Support administrativo sobre lectura","Evaluacion por contexto; sin inventar recomendaciones"
"V092","Estudiante","Curso: tareas","Modal focal o página tarea compleja","/estudiante/aula/{curso}/tareas (alias opcional D1; opción A mantiene /aula-virtual)","/estudiante/materias/{curso}?tab=tareas","PARTIAL","FUSIONADA COMO TAB","C:/laragon/www/savp-reestructuracion/app/Livewire/Shared/CourseWorkspace.php","C:/laragon/www/savp-reestructuracion/app/Livewire/Shared/CourseWorkspace.php","C:/laragon/www/savp-reestructuracion/resources/views/livewire/shared/course-workspace.blade.php","C:/laragon/www/savp-reestructuracion/app/Services/AulaVirtual/TareaService.php","AulaVirtualTareaPolicy+CursoVirtualService","PARCIAL; NO CERTIFICADA","NO","NO","SÍ","NO","NO","NO","NO","Actividades reutilizan tip_tar de Tarea; creación/edición contextual y estados; no otra tabla de actividades.","Propio; inscripción/vigencia; recursos publicados","PROPUESTA DE PETER 2","Empty declarado; resultado real pendiente","Perfil estudiante propio; clase/vínculo/inscripción activos correlacionados; orientación/metas propias","QA funcional y visual pendiente; no implica necesidad de schema nuevo","WorkspaceHttpBoundary/WorkspaceIntegrity: contratos transversales; no cobertura integral de esta ventana","Auditar flujo/modalidad completa del catálogo y uniformar legacy donde corresponda","Declarado en vista; ejecución UX pendiente","Lectura propia/publicada; abrir recurso autorizado","Consultas del modelo existente, sin filas simuladas en producción; resultados no verificados en BD","Curso; estado; vencimiento","Shell móvil y overflow de tablas preparados; QA 375/768/1440 pendiente","PARTIAL","NINGUNA NUEVA","Mensaje/validación declarado; recuperación pendiente","Servidor en código; persistencia y concurrencia sin verificar","Tarea; publicación; cierre; puntaje máximo","Tokens existentes en shell y componentes nuevos; contraste autenticado pendiente","Sin perdida de caller directo detectada frente a HEAD; ver 29","SIN ASOCIACION DIRECTA; revisar contexto de lectura o formulario hijo","NO APLICA DIRECTAMENTE; no se fuerza un Support administrativo sobre lectura","Evaluacion por contexto; sin inventar recomendaciones"
"V093","Estudiante","Curso: entregas","Página revisión/envío; modal calificar","/estudiante/aula/{curso}/entregas (alias opcional D1; opción A mantiene /aula-virtual)","/estudiante/materias/{curso}?tab=entregas","PARTIAL","FUSIONADA COMO TAB","C:/laragon/www/savp-reestructuracion/app/Livewire/Shared/CourseWorkspace.php","C:/laragon/www/savp-reestructuracion/app/Livewire/Shared/CourseWorkspace.php","C:/laragon/www/savp-reestructuracion/resources/views/livewire/shared/course-workspace.blade.php","C:/laragon/www/savp-reestructuracion/app/Services/AulaVirtual/EntregaService.php","AulaVirtualEntregaPolicy+AulaVirtualTareaPolicy","PARCIAL; NO CERTIFICADA","NO","NO","SÍ","NO","NO","NO","NO","Entregas propias/en clase autorizada; revisar/retroalimentar/calificar y devolver son permisos separados. Puntaje LMS no sobrescribe nota oficial.","Propio; inscripción/vigencia; recursos publicados","PROPUESTA DE PETER 2","Empty declarado; resultado real pendiente","Perfil estudiante propio; clase/vínculo/inscripción activos correlacionados; orientación/metas propias","QA funcional y visual pendiente; no implica necesidad de schema nuevo","SubmissionAuthorization/AcademicSecurity: revocación/ownership; persistencia y UX pendientes","Auditar flujo/modalidad completa del catálogo y uniformar legacy donde corresponda","Declarado en vista; ejecución UX pendiente","Docente revisar/devolver; estudiante enviar borrador","Consultas del modelo existente, sin filas simuladas en producción; resultados no verificados en BD","Tarea; estado; alumno autorizado; fecha","Shell móvil y overflow de tablas preparados; QA 375/768/1440 pendiente","PARTIAL","NINGUNA NUEVA","Mensaje/validación declarado; recuperación pendiente","Servidor en código; persistencia y concurrencia sin verificar","EntregaTarea; EntregaArchivo; nota tarea","Tokens existentes en shell y componentes nuevos; contraste autenticado pendiente","Sin perdida de caller directo detectada frente a HEAD; ver 29","SIN ASOCIACION DIRECTA; revisar contexto de lectura o formulario hijo","NO APLICA DIRECTAMENTE; no se fuerza un Support administrativo sobre lectura","Evaluacion por contexto; sin inventar recomendaciones"
"V094","Estudiante","Curso: calificaciones","Página libro propuesto; modal calificar","/estudiante/aula/{curso}/notas-aula (alias opcional D1; opción A mantiene /aula-virtual)","/estudiante/materias/{curso}?tab=calificaciones","PARTIAL","FUSIONADA COMO TAB","C:/laragon/www/savp-reestructuracion/app/Livewire/Shared/CourseWorkspace.php","C:/laragon/www/savp-reestructuracion/app/Livewire/Shared/CourseWorkspace.php","C:/laragon/www/savp-reestructuracion/resources/views/livewire/shared/course-workspace.blade.php","C:/laragon/www/savp-reestructuracion/app/Services/AulaVirtual/EntregaService.php","AulaVirtualEntregaPolicy+AulaVirtualTareaPolicy","PARCIAL; NO CERTIFICADA","NO","NO","SÍ","NO","NO","NO","NO","Entregas propias/en clase autorizada; revisar/retroalimentar/calificar y devolver son permisos separados. Puntaje LMS no sobrescribe nota oficial.","Propio; inscripción/vigencia; recursos publicados","PROPUESTA DE PETER 2","Empty declarado; resultado real pendiente","Perfil estudiante propio; clase/vínculo/inscripción activos correlacionados; orientación/metas propias","QA funcional y visual pendiente; no implica necesidad de schema nuevo","SubmissionAuthorization/AcademicSecurity: revocación/ownership; persistencia y UX pendientes","Auditar flujo/modalidad completa del catálogo y uniformar legacy donde corresponda","Declarado en vista; ejecución UX pendiente","Lectura propia/publicada; abrir recurso autorizado","Consultas del modelo existente, sin filas simuladas en producción; resultados no verificados en BD","Curso; tarea; alumno propio; estado","Shell móvil y overflow de tablas preparados; QA 375/768/1440 pendiente","PARTIAL","NINGUNA NUEVA; MIG-006 integridad (ALTER, no ejecutada)","Mensaje/validación declarado; recuperación pendiente","Servidor en código; persistencia y concurrencia sin verificar","CalificacionTarea; EntregaTarea; pun_max","Tokens existentes en shell y componentes nuevos; contraste autenticado pendiente","Sin perdida de caller directo detectada frente a HEAD; ver 29","SIN ASOCIACION DIRECTA; revisar contexto de lectura o formulario hijo","NO APLICA DIRECTAMENTE; no se fuerza un Support administrativo sobre lectura","Evaluacion por contexto; sin inventar recomendaciones"
"V095","Estudiante","Curso: asistencia","Página lista; confirmación corrección","/estudiante/aula/{curso}/asistencia-aula (alias opcional D1; opción A mantiene /aula-virtual)","/estudiante/materias/{curso}?tab=asistencia","PARTIAL","FUSIONADA COMO TAB","C:/laragon/www/savp-reestructuracion/app/Livewire/Shared/CourseWorkspace.php","C:/laragon/www/savp-reestructuracion/app/Livewire/Shared/CourseWorkspace.php","C:/laragon/www/savp-reestructuracion/resources/views/livewire/shared/course-workspace.blade.php","C:/laragon/www/savp-reestructuracion/app/Services/AulaVirtual/AsistenciaService.php","AulaVirtualAsistenciaPolicy+CursoVirtualService","PARCIAL; NO CERTIFICADA","NO","NO","SÍ","NO","NO","NO","NO","Sesiones/asistencia existentes, alcance por clase y alumno, locks para cerrar/editar; no se infiere Kardex de ausencias.","Propio; inscripción/vigencia; recursos publicados","PROPUESTA DE PETER 2","Empty declarado; resultado real pendiente","Perfil estudiante propio; clase/vínculo/inscripción activos correlacionados; orientación/metas propias","QA funcional y visual pendiente; no implica necesidad de schema nuevo","WorkspaceHttpBoundary/WorkspaceIntegrity: contratos transversales; no cobertura integral de esta ventana","Auditar flujo/modalidad completa del catálogo y uniformar legacy donde corresponda","Declarado en vista; ejecución UX pendiente","Lectura propia/publicada; abrir recurso autorizado","Consultas del modelo existente, sin filas simuladas en producción; resultados no verificados en BD","Curso; sesión; fecha; estado","Shell móvil y overflow de tablas preparados; QA 375/768/1440 pendiente","PARTIAL","NINGUNA NUEVA; MIG-006 integridad (ALTER, no ejecutada)","Mensaje/validación declarado; recuperación pendiente","Servidor en código; persistencia y concurrencia sin verificar","AsistenciaClase; AsistenciaEstudiante; sesión","Tokens existentes en shell y componentes nuevos; contraste autenticado pendiente","Sin perdida de caller directo detectada frente a HEAD; ver 29","SIN ASOCIACION DIRECTA; revisar contexto de lectura o formulario hijo","NO APLICA DIRECTAMENTE; no se fuerza un Support administrativo sobre lectura","Evaluacion por contexto; sin inventar recomendaciones"
"V096","Estudiante","Calendario","Modal evento focal; página agenda","/estudiante/calendario","/estudiante/calendario","PARTIAL","REUTILIZADA / CONECTADA","C:/laragon/www/savp-reestructuracion/app/Http/Controllers/CalendarController.php","C:/laragon/www/savp-reestructuracion/app/Http/Controllers/CalendarController.php","C:/laragon/www/savp-reestructuracion/resources/views/workspaces/calendario.blade.php","C:/laragon/www/savp-reestructuracion/app/Services/CalendarService.php","Actor+CalendarService::PERMISSIONS+scope académico","PARCIAL; NO CERTIFICADA","SÍ","SÍ","NO","NO","NO","NO","NO","Calendario real de plazos de tareas; consulta de eventos institucionales preparada y cerrada por flag. No hay eventos ficticios. Gestión editorial pendiente.","Propio; inscripción/vigencia; recursos publicados","PROPUESTA DE PETER 2","Empty declarado; resultado real pendiente","Perfil estudiante propio; clase/vínculo/inscripción activos correlacionados; orientación/metas propias","QA funcional y visual pendiente; no implica necesidad de schema nuevo","WorkspaceHttpBoundary/WorkspaceIntegrity: contratos transversales; no cobertura integral de esta ventana","CRUD editorial institucional, reglas de solapamiento y QA; no bloquear calendario de tareas por ello","HTTP o componente hijo; revisión por acción pendiente","Lectura propia/publicada; abrir recurso autorizado","Consultas del modelo existente, sin filas simuladas en producción; resultados no verificados en BD","Gestión; curso; rango; fuente; estado","Shell móvil y overflow de tablas preparados; QA 375/768/1440 pendiente","PARTIAL","MIG-005 para eventos institucionales; plazos existentes no requieren migration","Layout/handler compartido; revisar por acción","Servidor en código; persistencia y concurrencia sin verificar","CalendarioEvento; sesiones; fechas tarea","Tokens existentes en shell y componentes nuevos; contraste autenticado pendiente","Sin perdida de caller directo detectada frente a HEAD; ver 29","SIN ASOCIACION DIRECTA; revisar contexto de lectura o formulario hijo","NO APLICA DIRECTAMENTE; no se fuerza un Support administrativo sobre lectura","Evaluacion por contexto; sin inventar recomendaciones"
"V097","Estudiante","Mi progreso","Página gráficas+tabla","/estudiante/progreso","/estudiante/progreso","PARTIAL","REFACTORIZADA","C:/laragon/www/savp-reestructuracion/app/Http/Controllers/Estudiante/ExperienceController.php","C:/laragon/www/savp-reestructuracion/app/Http/Controllers/Estudiante/ExperienceController.php","C:/laragon/www/savp-reestructuracion/resources/views/estudiante/area.blade.php","C:/laragon/www/savp-reestructuracion/app/Services/AulaVirtual/CursoVirtualService.php","EnsureActorRole + permiso de módulo; InstitutionalAuthorization en CRUD Livewire reutilizado; ver revisión específica","PARCIAL; NO CERTIFICADA","NO","SÍ","NO","NO","NO","NO","NO","Código reutilizado/localizado; falta certificar acciones y modalidades del catálogo en entorno aislado y UX autenticada. No se considera PASS por tener ruta.","Propio; inscripción/vigencia; recursos publicados","PROPUESTA DE PETER 2","Empty declarado; resultado real pendiente","Perfil estudiante propio; clase/vínculo/inscripción activos correlacionados; orientación/metas propias","QA funcional y visual pendiente; no implica necesidad de schema nuevo","WorkspaceHttpBoundary/WorkspaceIntegrity: contratos transversales; no cobertura integral de esta ventana","Auditar flujo/modalidad completa del catálogo y uniformar legacy donde corresponda","HTTP o componente hijo; revisión por acción pendiente","Consultar corte; abrir pendiente","Consultas del modelo existente, sin filas simuladas en producción; resultados no verificados en BD","Gestión; período; materia","Shell móvil y overflow de tablas preparados; QA 375/768/1440 pendiente","PARTIAL","NINGUNA NUEVA; MIG-006 integridad (ALTER, no ejecutada)","Layout/handler compartido; revisar por acción","Servidor en código; persistencia y concurrencia sin verificar","Tareas esperadas; entregas válidas; notas; asistencia","Tokens existentes en shell y componentes nuevos; contraste autenticado pendiente","Sin perdida de caller directo detectada frente a HEAD; ver 29","SIN ASOCIACION DIRECTA; revisar contexto de lectura o formulario hijo","NO APLICA DIRECTAMENTE; no se fuerza un Support administrativo sobre lectura","Evaluacion por contexto; sin inventar recomendaciones"
"V098","Estudiante","Seguimientos","Página expediente; modal cierre con motivo","/estudiante/seguimientos","/estudiante/seguimientos","BLOCKED_EXTERNALLY_DB","FRONTERA PREPARADA; DOMINIO BLOQUEADO","C:/laragon/www/savp-reestructuracion/app/Http/Controllers/DomainBoundaryController.php","C:/laragon/www/savp-reestructuracion/app/Http/Controllers/DomainBoundaryController.php","C:/laragon/www/savp-reestructuracion/resources/views/workspaces/domain-boundary.blade.php","C:/laragon/www/savp-reestructuracion/app/Services/DomainReadinessService.php","Actor+permiso mínimo; KardexPolicy para repositorio; readiness no consulta expedientes","NO; FRONTERA PREPARADA","NO","SÍ","NO","NO","NO","NO","SÍ","Ruta de condiciones y bloqueo preparada; no es CRUD ni timeline terminado. Repositorio Kardex scoped futuro; escritura cerrada. No se inventaron catálogos.","Propio; inscripción/vigencia; recursos publicados","PROPUESTA DE PETER 2","Componente hijo/legacy; revisar caso vacío","Perfil estudiante propio; clase/vínculo/inscripción activos correlacionados; orientación/metas propias","Aplicación de schema/catálogos y aprobación de reglas/visibilidad, sin testing autorizado","KardexBoundary/PreparedPersistenceBoundary: cierre y scopes; sin pruebas CRUD/Persistencia","Kardex: escrituras, revisiones, evidencias/descarga, forms y timeline; configuración/prevención: desarrollo tras contrato aprobado","HTTP o componente hijo; revisión por acción pendiente","Lectura propia/publicada; abrir recurso autorizado","NINGÚN EXPEDIENTE CONSULTADO; solo descripción de disponibilidad","Gestión; estado; responsable; curso; fecha","Shell móvil y overflow de tablas preparados; QA 375/768/1440 pendiente","BLOCKED_EXTERNALLY_DB","MIG-001","Layout/handler compartido; revisar por acción","Servidor en código; persistencia y concurrencia sin verificar","SeguimientoAcademico; NovedadEstudiante","Tokens existentes en shell y componentes nuevos; contraste autenticado pendiente","Sin perdida de caller directo detectada frente a HEAD; ver 29","SIN ASOCIACION DIRECTA; revisar contexto de lectura o formulario hijo","NO APLICA DIRECTAMENTE; no se fuerza un Support administrativo sobre lectura","Evaluacion por contexto; sin inventar recomendaciones"
"V099","Estudiante","Mis intereses","Wizard de preguntas","/estudiante/mis-intereses","/estudiante/intereses -> /aula-virtual/orientacion/explorador","PARTIAL","REFACTORIZADA","C:/laragon/www/savp-reestructuracion/app/Livewire/AulaVirtual/Orientacion/ExploradorVocacional.php","C:/laragon/www/savp-reestructuracion/app/Livewire/AulaVirtual/Orientacion/ExploradorVocacional.php","C:/laragon/www/savp-reestructuracion/resources/views/livewire/aula-virtual/orientacion/explorador-vocacional.blade.php","C:/laragon/www/savp-reestructuracion/app/Services/AulaVirtual/OrientacionService.php","EnsureActorRole + permiso de módulo; InstitutionalAuthorization en CRUD Livewire reutilizado; ver revisión específica","PARCIAL; NO CERTIFICADA","NO","SÍ","NO","NO","NO","NO","NO","Código reutilizado/localizado; falta certificar acciones y modalidades del catálogo en entorno aislado y UX autenticada. No se considera PASS por tener ruta.","Propio; inscripción/vigencia; recursos publicados","PROPUESTA DE PETER 2","Componente hijo/legacy; revisar caso vacío","Perfil estudiante propio; clase/vínculo/inscripción activos correlacionados; orientación/metas propias","QA funcional y visual pendiente; no implica necesidad de schema nuevo","WorkspaceHttpBoundary/WorkspaceIntegrity: contratos transversales; no cobertura integral de esta ventana","Auditar flujo/modalidad completa del catálogo y uniformar legacy donde corresponda","Declarado en vista; ejecución UX pendiente","Responder; guardar avance; finalizar","Consultas del modelo existente, sin filas simuladas en producción; resultados no verificados en BD","Actividad/instrumento","Shell móvil y overflow de tablas preparados; QA 375/768/1440 pendiente","PARTIAL","NINGUNA NUEVA; MIG-006 integridad (ALTER, no ejecutada)","Mensaje/validación declarado; recuperación pendiente","Servidor en código; persistencia y concurrencia sin verificar","OrientacionPregunta/Respuesta; instrumento y versión pendientes","Tokens existentes en shell y componentes nuevos; contraste autenticado pendiente","Sin perdida de caller directo detectada frente a HEAD; ver 29","SIN ASOCIACION DIRECTA; revisar contexto de lectura o formulario hijo","NO APLICA DIRECTAMENTE; no se fuerza un Support administrativo sobre lectura","Evaluacion por contexto; sin inventar recomendaciones"
"V100","Estudiante","Mi futuro académico","Página exploración; sin dictamen automático","/estudiante/futuro","/estudiante/futuro","PARTIAL","REFACTORIZADA","C:/laragon/www/savp-reestructuracion/app/Http/Controllers/Estudiante/ExperienceController.php","C:/laragon/www/savp-reestructuracion/app/Http/Controllers/Estudiante/ExperienceController.php","C:/laragon/www/savp-reestructuracion/resources/views/estudiante/area.blade.php","C:/laragon/www/savp-reestructuracion/app/Services/AulaVirtual/CursoVirtualService.php","EnsureActorRole + permiso de módulo; InstitutionalAuthorization en CRUD Livewire reutilizado; ver revisión específica","PARCIAL; NO CERTIFICADA","NO","SÍ","NO","NO","NO","NO","NO","Código reutilizado/localizado; falta certificar acciones y modalidades del catálogo en entorno aislado y UX autenticada. No se considera PASS por tener ruta.","Propio; inscripción/vigencia; recursos publicados","PROPUESTA DE PETER 2","Empty declarado; resultado real pendiente","Perfil estudiante propio; clase/vínculo/inscripción activos correlacionados; orientación/metas propias","Servicio/semántica científica Peter 3 real pendiente; fallback preparado. No se simulan carreras/provenance/diagnósticos","WorkspaceHttpBoundary/WorkspaceIntegrity: contratos transversales; no cobertura integral de esta ventana","Auditar flujo/modalidad completa del catálogo y uniformar legacy donde corresponda","HTTP o componente hijo; revisión por acción pendiente","Consultar opción; revisar evidencia","Consultas del modelo existente, sin filas simuladas en producción; resultados no verificados en BD","Área; fuentes; fecha corte","Shell móvil y overflow de tablas preparados; QA 375/768/1440 pendiente","PARTIAL","NINGUNA NUEVA","Layout/handler compartido; revisar por acción","Servidor en código; persistencia y concurrencia sin verificar","OrientacionResultado/CarreraSugerida; evidencia Peter3","Tokens existentes en shell y componentes nuevos; contraste autenticado pendiente","Sin perdida de caller directo detectada frente a HEAD; ver 29","SIN ASOCIACION DIRECTA; revisar contexto de lectura o formulario hijo","NO APLICA DIRECTAMENTE; no se fuerza un Support administrativo sobre lectura","Evaluacion por contexto; sin inventar recomendaciones"
"V101","Estudiante","Mi preparación","Página; card evidencia insuficiente","/estudiante/preparacion","/estudiante/preparacion","PARTIAL","REFACTORIZADA","C:/laragon/www/savp-reestructuracion/app/Http/Controllers/Estudiante/ExperienceController.php","C:/laragon/www/savp-reestructuracion/app/Http/Controllers/Estudiante/ExperienceController.php","C:/laragon/www/savp-reestructuracion/resources/views/estudiante/area.blade.php","C:/laragon/www/savp-reestructuracion/app/Services/AulaVirtual/CursoVirtualService.php","EnsureActorRole + permiso de módulo; InstitutionalAuthorization en CRUD Livewire reutilizado; ver revisión específica","PARCIAL; NO CERTIFICADA","NO","SÍ","NO","NO","NO","NO","NO","Código reutilizado/localizado; falta certificar acciones y modalidades del catálogo en entorno aislado y UX autenticada. No se considera PASS por tener ruta.","Propio; inscripción/vigencia; recursos publicados","PROPUESTA DE PETER 2","Empty declarado; resultado real pendiente","Perfil estudiante propio; clase/vínculo/inscripción activos correlacionados; orientación/metas propias","QA funcional y visual pendiente; no implica necesidad de schema nuevo","WorkspaceHttpBoundary/WorkspaceIntegrity: contratos transversales; no cobertura integral de esta ventana","Auditar flujo/modalidad completa del catálogo y uniformar legacy donde corresponda","HTTP o componente hijo; revisión por acción pendiente","Ver evidencia; planificar refuerzo","Consultas del modelo existente, sin filas simuladas en producción; resultados no verificados en BD","Área; período; opción","Shell móvil y overflow de tablas preparados; QA 375/768/1440 pendiente","PARTIAL","NINGUNA NUEVA","Layout/handler compartido; revisar por acción","Servidor en código; persistencia y concurrencia sin verificar","Notas normalizadas; requisitos oficiales versionados","Tokens existentes en shell y componentes nuevos; contraste autenticado pendiente","Sin perdida de caller directo detectada frente a HEAD; ver 29","SIN ASOCIACION DIRECTA; revisar contexto de lectura o formulario hijo","NO APLICA DIRECTAMENTE; no se fuerza un Support administrativo sobre lectura","Evaluacion por contexto; sin inventar recomendaciones"
"V102","Estudiante","Mi plan","Página; modal hito focal","/estudiante/plan","/estudiante/plan","BLOCKED_EXTERNALLY_DB","PREPARADA; PERSISTENCIA NO HABILITADA","C:/laragon/www/savp-reestructuracion/app/Livewire/Shared/AcademicPlan.php","C:/laragon/www/savp-reestructuracion/app/Livewire/Shared/AcademicPlan.php","C:/laragon/www/savp-reestructuracion/resources/views/livewire/shared/academic-plan.blade.php","C:/laragon/www/savp-reestructuracion/app/Services/AcademicGoalService.php","MetaAcademicaPolicy: Estudiante propio+Perfil_Academico","PREPARADA; NO HABILITADA","NO","SÍ","NO","NO","NO","NO","SÍ","Borrador se valida con flag false sin guardar; listado/edición y revisiones preparados detrás de MIG-004. No hay datos simulados.","Propio; inscripción/vigencia; recursos publicados","PROPUESTA DE PETER 2","Empty declarado; resultado real pendiente","Perfil estudiante propio; clase/vínculo/inscripción activos correlacionados; orientación/metas propias","Persistencia nueva, estados/revisiones y pruebas PG autorizadas","AcademicGoalDraftTest (2): formulario real, estado permitido, revisión/corrección/cancelación sin persistencia","Probar concurrencia/transiciones y UX con datos aislados","Declarado en vista; ejecución UX pendiente","Crear/revisar hito propio","Consultas del modelo existente, sin filas simuladas en producción; resultados no verificados en BD","Horizonte; estado; área","Shell móvil y overflow de tablas preparados; QA 375/768/1440 pendiente","BLOCKED_EXTERNALLY_DB","MIG-004","Mensaje/validación declarado; recuperación pendiente","Servidor en código; persistencia y concurrencia sin verificar","Objetivos/hitos conceptuales; evidencia","Tokens existentes en shell y componentes nuevos; contraste autenticado pendiente","Sin perdida de caller directo detectada frente a HEAD; ver 29","SIN ASOCIACION DIRECTA; revisar contexto de lectura o formulario hijo","NO APLICA DIRECTAMENTE; no se fuerza un Support administrativo sobre lectura","Evaluacion por contexto; sin inventar recomendaciones"
"V103","Estudiante","Fuentes académicas","Página resultados; drawer fuente","/estudiante/fuentes","/estudiante/fuentes","PARTIAL","REUTILIZADA / CONECTADA","C:/laragon/www/savp-reestructuracion/app/Livewire/Shared/AcademicSources.php","C:/laragon/www/savp-reestructuracion/app/Livewire/Shared/AcademicSources.php","C:/laragon/www/savp-reestructuracion/resources/views/livewire/shared/academic-sources.blade.php","C:/laragon/www/savp-reestructuracion/app/Services/AporteIngenieril/KnowledgeService.php","Estudiante+Materiales_Aula+validación Peter3Contract","PARCIAL; NO CERTIFICADA","SÍ","SÍ","NO","NO","NO","NO","NO","Contrato real 1.0 del aporte consultado solo lectura; búsqueda oficial, provenance y fallback; respuesta real/servicio externo pendientes.","Propio; inscripción/vigencia; recursos publicados","PROPUESTA DE PETER 2","Componente hijo/legacy; revisar caso vacío","Perfil estudiante propio; clase/vínculo/inscripción activos correlacionados; orientación/metas propias","Servicio/semántica científica Peter 3 real pendiente; fallback preparado. No se simulan carreras/provenance/diagnósticos","SpecializedSupportBoundary/AporteIngenierilClient: HTTP fake/fallback/contrato; sin servicio vivo","Auditar flujo/modalidad completa del catálogo y uniformar legacy donde corresponda","Declarado en vista; ejecución UX pendiente","Buscar; abrir fuente validada","Consultas del modelo existente, sin filas simuladas en producción; resultados no verificados en BD","Texto; área; fuente; fecha","Shell móvil y overflow de tablas preparados; QA 375/768/1440 pendiente","PARTIAL","NINGUNA NUEVA","Mensaje/validación declarado; recuperación pendiente","Servidor en código; persistencia y concurrencia sin verificar","Corpus externo versionado; source IDs","Tokens existentes en shell y componentes nuevos; contraste autenticado pendiente","Sin perdida de caller directo detectada frente a HEAD; ver 29","SIN ASOCIACION DIRECTA; revisar contexto de lectura o formulario hijo","NO APLICA DIRECTAMENTE; no se fuerza un Support administrativo sobre lectura","Evaluacion por contexto; sin inventar recomendaciones"
"V104","Estudiante","Asistente de estudio","Página conversación; datos mínimos","/estudiante/asistente","/estudiante/asistente","PARTIAL","PENDIENTE PETER 3","C:/laragon/www/savp-reestructuracion/app/Livewire/Shared/StudyAssistant.php","C:/laragon/www/savp-reestructuracion/app/Livewire/Shared/StudyAssistant.php","C:/laragon/www/savp-reestructuracion/resources/views/livewire/shared/study-assistant.blade.php","C:/laragon/www/savp-reestructuracion/app/Services/AporteIngenieril/TutorService.php","Estudiante+Perfil_Academico+Peter3Contract","PARCIAL; NO CERTIFICADA","NO","NO","NO","NO","NO","NO","NO","Tutor HTTP minimizado sin datos identificatorios, timeouts limitados y fallback; answer Locked, sin persistencia preventiva.","Propio; inscripción/vigencia; recursos publicados","PROPUESTA DE PETER 2","Componente hijo/legacy; revisar caso vacío","Perfil estudiante propio; clase/vínculo/inscripción activos correlacionados; orientación/metas propias","Servicio/semántica científica Peter 3 real pendiente; fallback preparado. No se simulan carreras/provenance/diagnósticos","SpecializedSupportBoundary/AporteIngenierilClient: HTTP fake/fallback/contrato; sin servicio vivo","Auditar flujo/modalidad completa del catálogo y uniformar legacy donde corresponda","Declarado en vista; ejecución UX pendiente","Consultar; revisar fuentes y límites","Consultas del modelo existente, sin filas simuladas en producción; resultados no verificados en BD","Asignatura; nivel","Shell móvil y overflow de tablas preparados; QA 375/768/1440 pendiente","PARTIAL","NINGUNA NUEVA","Mensaje/validación declarado; recuperación pendiente","Servidor en código; persistencia y concurrencia sin verificar","Pregunta; asignatura; nivel; fuentes","Tokens existentes en shell y componentes nuevos; contraste autenticado pendiente","Sin perdida de caller directo detectada frente a HEAD; ver 29","SIN ASOCIACION DIRECTA; revisar contexto de lectura o formulario hijo","NO APLICA DIRECTAMENTE; no se fuerza un Support administrativo sobre lectura","Evaluacion por contexto; sin inventar recomendaciones"
"V105","Estudiante","Mi perfil","Página; confirmaciones Jetstream","/estudiante/perfil","/user/profile","PARTIAL","REUTILIZADA","","Jetstream/Fortify","C:/laragon/www/savp-reestructuracion/resources/views/profile/show.blade.php","","Jetstream/Fortify auth+usuario propio","PARCIAL; NO CERTIFICADA","SÍ","NO","NO","NO","NO","NO","NO","Perfil existente reutilizado y alias /actor/perfil; no segundo módulo de identidad.","Propio; inscripción/vigencia; recursos publicados","PROPUESTA DE PETER 2","Componente hijo/legacy; revisar caso vacío","Propio; inscripción/vigencia; recursos publicados","QA funcional y visual pendiente; no implica necesidad de schema nuevo","WorkspaceHttpBoundary/WorkspaceIntegrity: contratos transversales; no cobertura integral de esta ventana","Auditar flujo/modalidad completa del catálogo y uniformar legacy donde corresponda","HTTP o componente hijo; revisión por acción pendiente","Editar cuenta; contraseña; 2FA; sesión","Consultas del modelo existente, sin filas simuladas en producción; resultados no verificados en BD","No filtro","Shell móvil y overflow de tablas preparados; QA 375/768/1440 pendiente","PARTIAL","NINGUNA NUEVA","Layout/handler compartido; revisar por acción","Servidor en código; persistencia y concurrencia sin verificar","User; Persona; Jetstream seguridad","Tokens existentes en shell y componentes nuevos; contraste autenticado pendiente","Sin perdida de caller directo detectada frente a HEAD; ver 29","SIN ASOCIACION DIRECTA; revisar contexto de lectura o formulario hijo","NO APLICA DIRECTAMENTE; no se fuerza un Support administrativo sobre lectura","Evaluacion por contexto; sin inventar recomendaciones"
