SERVICE,TABLE,ROLE,OWNER_TARGET,WINDOWS,CERTAINTY
app/Services/AcademicAccessService.php,administrador,READ_ONLY_REFERENCES,CRUD/perfiles institucionales existentes,V001; V002; V003; V016; V017; V020; V022; V023; V024; V025; V027; V028; V029; V030; V031; V032; V033; V034; V035; V036; V037; V038; V039; V040; V041; V042; V044; V045; V048; V051; V053; V054; V055; V056; V058; V059; V060; V061; V062; V063; V064; V065; V066; V067; V070; V071; V072; V073; V074; V075; V076; V077; V078; V079; V080; V081; V082; V083; V084; V085; V087; V088; V089; V090; V091; V092; V093; V094; V095; V096; V097; V098; V099; V100; V101; V102; V103; V104,Archivo/método necesita verificar alias; referencias en bd-estructura-estatica.json
app/Services/CalendarService.php,administrador,READ_ONLY_REFERENCES,CRUD/perfiles institucionales existentes,V001; V002; V003; V016; V017; V020; V022; V023; V024; V025; V027; V028; V029; V030; V031; V032; V033; V034; V035; V036; V037; V038; V039; V040; V041; V042; V044; V045; V048; V051; V053; V054; V055; V056; V058; V059; V060; V061; V062; V063; V064; V065; V066; V067; V070; V071; V072; V073; V074; V075; V076; V077; V078; V079; V080; V081; V082; V083; V084; V085; V087; V088; V089; V090; V091; V092; V093; V094; V095; V096; V097; V098; V099; V100; V101; V102; V103; V104,Archivo/método necesita verificar alias; referencias en bd-estructura-estatica.json
app/Services/GradeService.php,administrador,CANDIDATO_WRITER,CRUD/perfiles institucionales existentes,V001; V002; V003; V016; V017; V020; V022; V023; V024; V025; V027; V028; V029; V030; V031; V032; V033; V034; V035; V036; V037; V038; V039; V040; V041; V042; V044; V045; V048; V051; V053; V054; V055; V056; V058; V059; V060; V061; V062; V063; V064; V065; V066; V067; V070; V071; V072; V073; V074; V075; V076; V077; V078; V079; V080; V081; V082; V083; V084; V085; V087; V088; V089; V090; V091; V092; V093; V094; V095; V096; V097; V098; V099; V100; V101; V102; V103; V104,Archivo/método necesita verificar alias; referencias en bd-estructura-estatica.json
app/Services/HistoricalReportAccessService.php,administrador,READ_ONLY_REFERENCES,CRUD/perfiles institucionales existentes,V001; V002; V003; V016; V017; V020; V022; V023; V024; V025; V027; V028; V029; V030; V031; V032; V033; V034; V035; V036; V037; V038; V039; V040; V041; V042; V044; V045; V048; V051; V053; V054; V055; V056; V058; V059; V060; V061; V062; V063; V064; V065; V066; V067; V070; V071; V072; V073; V074; V075; V076; V077; V078; V079; V080; V081; V082; V083; V084; V085; V087; V088; V089; V090; V091; V092; V093; V094; V095; V096; V097; V098; V099; V100; V101; V102; V103; V104,Archivo/método necesita verificar alias; referencias en bd-estructura-estatica.json
app/Services/InstitutionalQueryService.php,administrador,READ_ONLY_REFERENCES,CRUD/perfiles institucionales existentes,V001; V002; V003; V016; V017; V020; V022; V023; V024; V025; V027; V028; V029; V030; V031; V032; V033; V034; V035; V036; V037; V038; V039; V040; V041; V042; V044; V045; V048; V051; V053; V054; V055; V056; V058; V059; V060; V061; V062; V063; V064; V065; V066; V067; V070; V071; V072; V073; V074; V075; V076; V077; V078; V079; V080; V081; V082; V083; V084; V085; V087; V088; V089; V090; V091; V092; V093; V094; V095; V096; V097; V098; V099; V100; V101; V102; V103; V104,Archivo/método necesita verificar alias; referencias en bd-estructura-estatica.json
app/Services/Kardex/ScopedKardexRepository.php,administrador,READ_ONLY_REFERENCES,CRUD/perfiles institucionales existentes,V001; V002; V003; V016; V017; V020; V022; V023; V024; V025; V027; V028; V029; V030; V031; V032; V033; V034; V035; V036; V037; V038; V039; V040; V041; V042; V044; V045; V048; V051; V053; V054; V055; V056; V058; V059; V060; V061; V062; V063; V064; V065; V066; V067; V070; V071; V072; V073; V074; V075; V076; V077; V078; V079; V080; V081; V082; V083; V084; V085; V087; V088; V089; V090; V091; V092; V093; V094; V095; V096; V097; V098; V099; V100; V101; V102; V103; V104,Archivo/método necesita verificar alias; referencias en bd-estructura-estatica.json
app/Services/RegencyAccessService.php,administrador,CANDIDATO_WRITER,CRUD/perfiles institucionales existentes,V001; V002; V003; V016; V017; V020; V022; V023; V024; V025; V027; V028; V029; V030; V031; V032; V033; V034; V035; V036; V037; V038; V039; V040; V041; V042; V044; V045; V048; V051; V053; V054; V055; V056; V058; V059; V060; V061; V062; V063; V064; V065; V066; V067; V070; V071; V072; V073; V074; V075; V076; V077; V078; V079; V080; V081; V082; V083; V084; V085; V087; V088; V089; V090; V091; V092; V093; V094; V095; V096; V097; V098; V099; V100; V101; V102; V103; V104,Archivo/método necesita verificar alias; referencias en bd-estructura-estatica.json
app/Services/ReportAccessService.php,administrador,READ_ONLY_REFERENCES,CRUD/perfiles institucionales existentes,V001; V002; V003; V016; V017; V020; V022; V023; V024; V025; V027; V028; V029; V030; V031; V032; V033; V034; V035; V036; V037; V038; V039; V040; V041; V042; V044; V045; V048; V051; V053; V054; V055; V056; V058; V059; V060; V061; V062; V063; V064; V065; V066; V067; V070; V071; V072; V073; V074; V075; V076; V077; V078; V079; V080; V081; V082; V083; V084; V085; V087; V088; V089; V090; V091; V092; V093; V094; V095; V096; V097; V098; V099; V100; V101; V102; V103; V104,Archivo/método necesita verificar alias; referencias en bd-estructura-estatica.json
app/Services/RoleDashboardResolver.php,administrador,READ_ONLY_REFERENCES,CRUD/perfiles institucionales existentes,V001; V002; V003; V016; V017; V020; V022; V023; V024; V025; V027; V028; V029; V030; V031; V032; V033; V034; V035; V036; V037; V038; V039; V040; V041; V042; V044; V045; V048; V051; V053; V054; V055; V056; V058; V059; V060; V061; V062; V063; V064; V065; V066; V067; V070; V071; V072; V073; V074; V075; V076; V077; V078; V079; V080; V081; V082; V083; V084; V085; V087; V088; V089; V090; V091; V092; V093; V094; V095; V096; V097; V098; V099; V100; V101; V102; V103; V104,Archivo/método necesita verificar alias; referencias en bd-estructura-estatica.json
app/Services/RolePermissionService.php,administrador,CANDIDATO_WRITER,CRUD/perfiles institucionales existentes,V001; V002; V003; V016; V017; V020; V022; V023; V024; V025; V027; V028; V029; V030; V031; V032; V033; V034; V035; V036; V037; V038; V039; V040; V041; V042; V044; V045; V048; V051; V053; V054; V055; V056; V058; V059; V060; V061; V062; V063; V064; V065; V066; V067; V070; V071; V072; V073; V074; V075; V076; V077; V078; V079; V080; V081; V082; V083; V084; V085; V087; V088; V089; V090; V091; V092; V093; V094; V095; V096; V097; V098; V099; V100; V101; V102; V103; V104,Archivo/método necesita verificar alias; referencias en bd-estructura-estatica.json
app/Services/RoleRequestService.php,administrador,CANDIDATO_WRITER,CRUD/perfiles institucionales existentes,V001; V002; V003; V016; V017; V020; V022; V023; V024; V025; V027; V028; V029; V030; V031; V032; V033; V034; V035; V036; V037; V038; V039; V040; V041; V042; V044; V045; V048; V051; V053; V054; V055; V056; V058; V059; V060; V061; V062; V063; V064; V065; V066; V067; V070; V071; V072; V073; V074; V075; V076; V077; V078; V079; V080; V081; V082; V083; V084; V085; V087; V088; V089; V090; V091; V092; V093; V094; V095; V096; V097; V098; V099; V100; V101; V102; V103; V104,Archivo/método necesita verificar alias; referencias en bd-estructura-estatica.json
app/Services/InstitutionalQueryService.php,asignatura,READ_ONLY_REFERENCES,CRUD y Supports actuales,V001; V004; V006; V008; V009; V014; V016; V017; V018; V019; V022; V023; V024; V025; V027; V028; V029; V030; V031; V032; V033; V034; V035; V036; V037; V038; V039; V040; V041; V042; V044; V051; V053; V054; V055; V058; V060; V061; V062; V063; V064; V065; V066; V067; V068; V070; V072; V073; V074; V075; V076; V077; V078; V079; V080; V081; V082; V083; V087; V089; V090; V091; V092; V093; V094; V095; V096; V097; V098; V100; V101,Archivo/método necesita verificar alias; referencias en bd-estructura-estatica.json
app/Services/Reportes/DatosReporteAcademicoService.php,asignatura,READ_ONLY_REFERENCES,CRUD y Supports actuales,V001; V004; V006; V008; V009; V014; V016; V017; V018; V019; V022; V023; V024; V025; V027; V028; V029; V030; V031; V032; V033; V034; V035; V036; V037; V038; V039; V040; V041; V042; V044; V051; V053; V054; V055; V058; V060; V061; V062; V063; V064; V065; V066; V067; V068; V070; V072; V073; V074; V075; V076; V077; V078; V079; V080; V081; V082; V083; V087; V089; V090; V091; V092; V093; V094; V095; V096; V097; V098; V100; V101,Archivo/método necesita verificar alias; referencias en bd-estructura-estatica.json
app/Services/Reportes/DatosReporteAdministrativoService.php,asignatura,READ_ONLY_REFERENCES,CRUD y Supports actuales,V001; V004; V006; V008; V009; V014; V016; V017; V018; V019; V022; V023; V024; V025; V027; V028; V029; V030; V031; V032; V033; V034; V035; V036; V037; V038; V039; V040; V041; V042; V044; V051; V053; V054; V055; V058; V060; V061; V062; V063; V064; V065; V066; V067; V068; V070; V072; V073; V074; V075; V076; V077; V078; V079; V080; V081; V082; V083; V087; V089; V090; V091; V092; V093; V094; V095; V096; V097; V098; V100; V101,Archivo/método necesita verificar alias; referencias en bd-estructura-estatica.json
app/Services/AulaVirtual/AsistenciaService.php,asistencia_clase,CANDIDATO_WRITER,AsistenciaService,V007; V016; V017; V022; V023; V024; V025; V027; V028; V029; V030; V031; V032; V033; V034; V035; V036; V037; V038; V039; V040; V041; V042; V044; V051; V053; V054; V055; V058; V060; V061; V062; V063; V064; V065; V066; V067; V070; V071; V072; V073; V074; V075; V076; V077; V078; V079; V080; V081; V082; V083; V084; V085; V087; V088; V089; V090; V091; V092; V093; V094; V095; V096; V097; V098; V099; V100; V101; V102; V103; V104,Archivo/método necesita verificar alias; referencias en bd-estructura-estatica.json
app/Services/AulaVirtual/CursoVirtualService.php,asistencia_clase,READ_ONLY_REFERENCES,AsistenciaService,V007; V016; V017; V022; V023; V024; V025; V027; V028; V029; V030; V031; V032; V033; V034; V035; V036; V037; V038; V039; V040; V041; V042; V044; V051; V053; V054; V055; V058; V060; V061; V062; V063; V064; V065; V066; V067; V070; V071; V072; V073; V074; V075; V076; V077; V078; V079; V080; V081; V082; V083; V084; V085; V087; V088; V089; V090; V091; V092; V093; V094; V095; V096; V097; V098; V099; V100; V101; V102; V103; V104,Archivo/método necesita verificar alias; referencias en bd-estructura-estatica.json
app/Services/AulaVirtual/AsistenciaService.php,asistencia_estudiante,CANDIDATO_WRITER,AsistenciaService,V016; V017; V022; V023; V024; V025; V027; V028; V029; V030; V031; V032; V033; V034; V035; V036; V037; V038; V039; V040; V041; V042; V044; V051; V053; V054; V055; V058; V060; V061; V062; V063; V064; V065; V066; V067; V070; V071; V072; V073; V074; V075; V076; V077; V078; V079; V080; V081; V082; V083; V084; V085; V087; V088; V089; V090; V091; V092; V093; V094; V095; V096; V097; V098; V099; V100; V101; V102; V103; V104,Archivo/método necesita verificar alias; referencias en bd-estructura-estatica.json
app/Services/AulaVirtual/CursoVirtualService.php,asistencia_estudiante,READ_ONLY_REFERENCES,AsistenciaService,V016; V017; V022; V023; V024; V025; V027; V028; V029; V030; V031; V032; V033; V034; V035; V036; V037; V038; V039; V040; V041; V042; V044; V051; V053; V054; V055; V058; V060; V061; V062; V063; V064; V065; V066; V067; V070; V071; V072; V073; V074; V075; V076; V077; V078; V079; V080; V081; V082; V083; V084; V085; V087; V088; V089; V090; V091; V092; V093; V094; V095; V096; V097; V098; V099; V100; V101; V102; V103; V104,Archivo/método necesita verificar alias; referencias en bd-estructura-estatica.json
app/Services/InstitutionalQueryService.php,asistencia_estudiante,READ_ONLY_REFERENCES,AsistenciaService,V016; V017; V022; V023; V024; V025; V027; V028; V029; V030; V031; V032; V033; V034; V035; V036; V037; V038; V039; V040; V041; V042; V044; V051; V053; V054; V055; V058; V060; V061; V062; V063; V064; V065; V066; V067; V070; V071; V072; V073; V074; V075; V076; V077; V078; V079; V080; V081; V082; V083; V084; V085; V087; V088; V089; V090; V091; V092; V093; V094; V095; V096; V097; V098; V099; V100; V101; V102; V103; V104,Archivo/método necesita verificar alias; referencias en bd-estructura-estatica.json
app/Services/StudentContextService.php,asistencia_estudiante,READ_ONLY_REFERENCES,AsistenciaService,V016; V017; V022; V023; V024; V025; V027; V028; V029; V030; V031; V032; V033; V034; V035; V036; V037; V038; V039; V040; V041; V042; V044; V051; V053; V054; V055; V058; V060; V061; V062; V063; V064; V065; V066; V067; V070; V071; V072; V073; V074; V075; V076; V077; V078; V079; V080; V081; V082; V083; V084; V085; V087; V088; V089; V090; V091; V092; V093; V094; V095; V096; V097; V098; V099; V100; V101; V102; V103; V104,Archivo/método necesita verificar alias; referencias en bd-estructura-estatica.json
app/Services/BitacoraService.php,bitacora,CANDIDATO_WRITER,BitacoraService; writers directos legacy detectados,V001; V002; V003; V004; V005; V007; V008; V009; V010; V011; V012; V014; V019; V020; V021; V027; V028; V044; V045; V046; V047; V048; V052; V056; V058; V068; V070; V073; V074; V075; V076; V077; V078; V084; V085; V087; V090; V091; V092; V093; V094; V095; V099,Archivo/método necesita verificar alias; referencias en bd-estructura-estatica.json
app/Services/Reportes/DatosReporteAdministrativoService.php,bitacora,READ_ONLY_REFERENCES,BitacoraService; writers directos legacy detectados,V001; V002; V003; V004; V005; V007; V008; V009; V010; V011; V012; V014; V019; V020; V021; V027; V028; V044; V045; V046; V047; V048; V052; V056; V058; V068; V070; V073; V074; V075; V076; V077; V078; V084; V085; V087; V090; V091; V092; V093; V094; V095; V099,Archivo/método necesita verificar alias; referencias en bd-estructura-estatica.json
app/Services/Reportes/GeneradorZipReportesService.php,bitacora,READ_ONLY_REFERENCES,BitacoraService; writers directos legacy detectados,V001; V002; V003; V004; V005; V007; V008; V009; V010; V011; V012; V014; V019; V020; V021; V027; V028; V044; V045; V046; V047; V048; V052; V056; V058; V068; V070; V073; V074; V075; V076; V077; V078; V084; V085; V087; V090; V091; V092; V093; V094; V095; V099,Archivo/método necesita verificar alias; referencias en bd-estructura-estatica.json
app/Services/CalendarService.php,calendario_evento,READ_ONLY_REFERENCES,CalendarService lectura; escritor institucional pendiente,V016; V042; V054; V067; V081; V096,Archivo/método necesita verificar alias; referencias en bd-estructura-estatica.json
app/Services/AcademicAccessService.php,calificacion,READ_ONLY_REFERENCES,GradeService y CRUD legacy administrativo,V001; V003; V004; V005; V009; V014; V015; V016; V017; V018; V019; V020; V022; V023; V024; V025; V027; V028; V029; V030; V031; V032; V033; V034; V035; V036; V037; V038; V039; V040; V041; V042; V044; V046; V051; V053; V054; V055; V058; V060; V061; V062; V063; V064; V065; V066; V067; V068; V070; V071; V072; V073; V074; V075; V076; V077; V078; V079; V080; V081; V082; V083; V084; V085; V087; V088; V089; V090; V091; V092; V093; V094; V095; V096; V097; V098; V099; V100; V101; V102; V103; V104,Archivo/método necesita verificar alias; referencias en bd-estructura-estatica.json
app/Services/GradeService.php,calificacion,CANDIDATO_WRITER,GradeService y CRUD legacy administrativo,V001; V003; V004; V005; V009; V014; V015; V016; V017; V018; V019; V020; V022; V023; V024; V025; V027; V028; V029; V030; V031; V032; V033; V034; V035; V036; V037; V038; V039; V040; V041; V042; V044; V046; V051; V053; V054; V055; V058; V060; V061; V062; V063; V064; V065; V066; V067; V068; V070; V071; V072; V073; V074; V075; V076; V077; V078; V079; V080; V081; V082; V083; V084; V085; V087; V088; V089; V090; V091; V092; V093; V094; V095; V096; V097; V098; V099; V100; V101; V102; V103; V104,Archivo/método necesita verificar alias; referencias en bd-estructura-estatica.json
app/Services/InstitutionalDashboardService.php,calificacion,READ_ONLY_REFERENCES,GradeService y CRUD legacy administrativo,V001; V003; V004; V005; V009; V014; V015; V016; V017; V018; V019; V020; V022; V023; V024; V025; V027; V028; V029; V030; V031; V032; V033; V034; V035; V036; V037; V038; V039; V040; V041; V042; V044; V046; V051; V053; V054; V055; V058; V060; V061; V062; V063; V064; V065; V066; V067; V068; V070; V071; V072; V073; V074; V075; V076; V077; V078; V079; V080; V081; V082; V083; V084; V085; V087; V088; V089; V090; V091; V092; V093; V094; V095; V096; V097; V098; V099; V100; V101; V102; V103; V104,Archivo/método necesita verificar alias; referencias en bd-estructura-estatica.json
app/Services/InstitutionalQueryService.php,calificacion,READ_ONLY_REFERENCES,GradeService y CRUD legacy administrativo,V001; V003; V004; V005; V009; V014; V015; V016; V017; V018; V019; V020; V022; V023; V024; V025; V027; V028; V029; V030; V031; V032; V033; V034; V035; V036; V037; V038; V039; V040; V041; V042; V044; V046; V051; V053; V054; V055; V058; V060; V061; V062; V063; V064; V065; V066; V067; V068; V070; V071; V072; V073; V074; V075; V076; V077; V078; V079; V080; V081; V082; V083; V084; V085; V087; V088; V089; V090; V091; V092; V093; V094; V095; V096; V097; V098; V099; V100; V101; V102; V103; V104,Archivo/método necesita verificar alias; referencias en bd-estructura-estatica.json
app/Services/RegencyReportService.php,calificacion,READ_ONLY_REFERENCES,GradeService y CRUD legacy administrativo,V001; V003; V004; V005; V009; V014; V015; V016; V017; V018; V019; V020; V022; V023; V024; V025; V027; V028; V029; V030; V031; V032; V033; V034; V035; V036; V037; V038; V039; V040; V041; V042; V044; V046; V051; V053; V054; V055; V058; V060; V061; V062; V063; V064; V065; V066; V067; V068; V070; V071; V072; V073; V074; V075; V076; V077; V078; V079; V080; V081; V082; V083; V084; V085; V087; V088; V089; V090; V091; V092; V093; V094; V095; V096; V097; V098; V099; V100; V101; V102; V103; V104,Archivo/método necesita verificar alias; referencias en bd-estructura-estatica.json
app/Services/Reportes/DatosReporteAcademicoService.php,calificacion,READ_ONLY_REFERENCES,GradeService y CRUD legacy administrativo,V001; V003; V004; V005; V009; V014; V015; V016; V017; V018; V019; V020; V022; V023; V024; V025; V027; V028; V029; V030; V031; V032; V033; V034; V035; V036; V037; V038; V039; V040; V041; V042; V044; V046; V051; V053; V054; V055; V058; V060; V061; V062; V063; V064; V065; V066; V067; V068; V070; V071; V072; V073; V074; V075; V076; V077; V078; V079; V080; V081; V082; V083; V084; V085; V087; V088; V089; V090; V091; V092; V093; V094; V095; V096; V097; V098; V099; V100; V101; V102; V103; V104,Archivo/método necesita verificar alias; referencias en bd-estructura-estatica.json
app/Services/Reportes/DatosReporteVocacionalService.php,calificacion,READ_ONLY_REFERENCES,GradeService y CRUD legacy administrativo,V001; V003; V004; V005; V009; V014; V015; V016; V017; V018; V019; V020; V022; V023; V024; V025; V027; V028; V029; V030; V031; V032; V033; V034; V035; V036; V037; V038; V039; V040; V041; V042; V044; V046; V051; V053; V054; V055; V058; V060; V061; V062; V063; V064; V065; V066; V067; V068; V070; V071; V072; V073; V074; V075; V076; V077; V078; V079; V080; V081; V082; V083; V084; V085; V087; V088; V089; V090; V091; V092; V093; V094; V095; V096; V097; V098; V099; V100; V101; V102; V103; V104,Archivo/método necesita verificar alias; referencias en bd-estructura-estatica.json
app/Services/AulaVirtual/EntregaService.php,calificacion_tarea,CANDIDATO_WRITER,EntregaService.calificar,V016; V017; V022; V024; V025; V027; V028; V035; V036; V038; V042; V044; V054; V055; V058; V063; V064; V066; V067; V070; V071; V072; V073; V074; V075; V076; V077; V078; V079; V080; V081; V082; V083; V084; V085; V087; V088; V089; V090; V091; V092; V093; V094; V095; V096; V097; V098; V099; V100; V101; V102; V103; V104,Archivo/método necesita verificar alias; referencias en bd-estructura-estatica.json
app/Services/AulaVirtual/CursoVirtualService.php,clase_estudiante,READ_ONLY_REFERENCES,CursoVirtualService / ClaseEstudiante.registrarAcceso,V016; V017; V022; V023; V024; V025; V027; V028; V029; V030; V031; V032; V033; V034; V035; V036; V037; V038; V039; V040; V041; V042; V044; V051; V053; V054; V055; V058; V060; V061; V062; V063; V064; V065; V066; V067; V070; V071; V072; V073; V074; V075; V076; V077; V078; V079; V080; V081; V082; V083; V084; V085; V087; V088; V089; V090; V091; V092; V093; V094; V095; V096; V097; V098; V099; V100; V101; V102; V103; V104,Archivo/método necesita verificar alias; referencias en bd-estructura-estatica.json
app/Services/AulaVirtual/AsistenciaService.php,clase_virtual,CANDIDATO_WRITER,CursoVirtualService,V007; V016; V017; V022; V023; V024; V025; V027; V028; V029; V030; V031; V032; V033; V034; V035; V036; V037; V038; V039; V040; V041; V042; V044; V051; V053; V054; V055; V058; V060; V061; V062; V063; V064; V065; V066; V067; V070; V071; V072; V073; V074; V075; V076; V077; V078; V079; V080; V081; V082; V083; V084; V085; V087; V088; V089; V090; V091; V092; V093; V094; V095; V096; V097; V098; V099; V100; V101; V102; V103; V104,Archivo/método necesita verificar alias; referencias en bd-estructura-estatica.json
app/Services/AulaVirtual/CursoVirtualService.php,clase_virtual,READ_ONLY_REFERENCES,CursoVirtualService,V007; V016; V017; V022; V023; V024; V025; V027; V028; V029; V030; V031; V032; V033; V034; V035; V036; V037; V038; V039; V040; V041; V042; V044; V051; V053; V054; V055; V058; V060; V061; V062; V063; V064; V065; V066; V067; V070; V071; V072; V073; V074; V075; V076; V077; V078; V079; V080; V081; V082; V083; V084; V085; V087; V088; V089; V090; V091; V092; V093; V094; V095; V096; V097; V098; V099; V100; V101; V102; V103; V104,Archivo/método necesita verificar alias; referencias en bd-estructura-estatica.json
app/Services/AulaVirtual/EntregaService.php,clase_virtual,CANDIDATO_WRITER,CursoVirtualService,V007; V016; V017; V022; V023; V024; V025; V027; V028; V029; V030; V031; V032; V033; V034; V035; V036; V037; V038; V039; V040; V041; V042; V044; V051; V053; V054; V055; V058; V060; V061; V062; V063; V064; V065; V066; V067; V070; V071; V072; V073; V074; V075; V076; V077; V078; V079; V080; V081; V082; V083; V084; V085; V087; V088; V089; V090; V091; V092; V093; V094; V095; V096; V097; V098; V099; V100; V101; V102; V103; V104,Archivo/método necesita verificar alias; referencias en bd-estructura-estatica.json
app/Services/AulaVirtual/MaterialService.php,clase_virtual,CANDIDATO_WRITER,CursoVirtualService,V007; V016; V017; V022; V023; V024; V025; V027; V028; V029; V030; V031; V032; V033; V034; V035; V036; V037; V038; V039; V040; V041; V042; V044; V051; V053; V054; V055; V058; V060; V061; V062; V063; V064; V065; V066; V067; V070; V071; V072; V073; V074; V075; V076; V077; V078; V079; V080; V081; V082; V083; V084; V085; V087; V088; V089; V090; V091; V092; V093; V094; V095; V096; V097; V098; V099; V100; V101; V102; V103; V104,Archivo/método necesita verificar alias; referencias en bd-estructura-estatica.json
app/Services/AulaVirtual/ProgresoCursoService.php,clase_virtual,READ_ONLY_REFERENCES,CursoVirtualService,V007; V016; V017; V022; V023; V024; V025; V027; V028; V029; V030; V031; V032; V033; V034; V035; V036; V037; V038; V039; V040; V041; V042; V044; V051; V053; V054; V055; V058; V060; V061; V062; V063; V064; V065; V066; V067; V070; V071; V072; V073; V074; V075; V076; V077; V078; V079; V080; V081; V082; V083; V084; V085; V087; V088; V089; V090; V091; V092; V093; V094; V095; V096; V097; V098; V099; V100; V101; V102; V103; V104,Archivo/método necesita verificar alias; referencias en bd-estructura-estatica.json
app/Services/AulaVirtual/PublicacionService.php,clase_virtual,CANDIDATO_WRITER,CursoVirtualService,V007; V016; V017; V022; V023; V024; V025; V027; V028; V029; V030; V031; V032; V033; V034; V035; V036; V037; V038; V039; V040; V041; V042; V044; V051; V053; V054; V055; V058; V060; V061; V062; V063; V064; V065; V066; V067; V070; V071; V072; V073; V074; V075; V076; V077; V078; V079; V080; V081; V082; V083; V084; V085; V087; V088; V089; V090; V091; V092; V093; V094; V095; V096; V097; V098; V099; V100; V101; V102; V103; V104,Archivo/método necesita verificar alias; referencias en bd-estructura-estatica.json
app/Services/AulaVirtual/ReporteAulaVirtualService.php,clase_virtual,READ_ONLY_REFERENCES,CursoVirtualService,V007; V016; V017; V022; V023; V024; V025; V027; V028; V029; V030; V031; V032; V033; V034; V035; V036; V037; V038; V039; V040; V041; V042; V044; V051; V053; V054; V055; V058; V060; V061; V062; V063; V064; V065; V066; V067; V070; V071; V072; V073; V074; V075; V076; V077; V078; V079; V080; V081; V082; V083; V084; V085; V087; V088; V089; V090; V091; V092; V093; V094; V095; V096; V097; V098; V099; V100; V101; V102; V103; V104,Archivo/método necesita verificar alias; referencias en bd-estructura-estatica.json
app/Services/AulaVirtual/TareaService.php,clase_virtual,CANDIDATO_WRITER,CursoVirtualService,V007; V016; V017; V022; V023; V024; V025; V027; V028; V029; V030; V031; V032; V033; V034; V035; V036; V037; V038; V039; V040; V041; V042; V044; V051; V053; V054; V055; V058; V060; V061; V062; V063; V064; V065; V066; V067; V070; V071; V072; V073; V074; V075; V076; V077; V078; V079; V080; V081; V082; V083; V084; V085; V087; V088; V089; V090; V091; V092; V093; V094; V095; V096; V097; V098; V099; V100; V101; V102; V103; V104,Archivo/método necesita verificar alias; referencias en bd-estructura-estatica.json
app/Services/InstitutionalQueryService.php,clase_virtual,READ_ONLY_REFERENCES,CursoVirtualService,V007; V016; V017; V022; V023; V024; V025; V027; V028; V029; V030; V031; V032; V033; V034; V035; V036; V037; V038; V039; V040; V041; V042; V044; V051; V053; V054; V055; V058; V060; V061; V062; V063; V064; V065; V066; V067; V070; V071; V072; V073; V074; V075; V076; V077; V078; V079; V080; V081; V082; V083; V084; V085; V087; V088; V089; V090; V091; V092; V093; V094; V095; V096; V097; V098; V099; V100; V101; V102; V103; V104,Archivo/método necesita verificar alias; referencias en bd-estructura-estatica.json
app/Services/AcademicAccessService.php,curso,READ_ONLY_REFERENCES,app/Livewire/Admin/GestionCurso.php,V001; V004; V005; V006; V008; V010; V012; V014; V016; V017; V019; V021; V022; V023; V024; V025; V027; V028; V029; V030; V031; V032; V033; V034; V035; V036; V037; V038; V039; V040; V041; V042; V044; V046; V047; V051; V052; V053; V054; V055; V058; V059; V060; V061; V062; V063; V064; V065; V066; V067; V068; V070; V072; V073; V074; V075; V076; V077; V078; V079; V080; V081; V082; V083; V087; V089; V090; V091; V092; V093; V094; V095; V096; V098,Archivo/método necesita verificar alias; referencias en bd-estructura-estatica.json
app/Services/InstitutionalDashboardService.php,curso,READ_ONLY_REFERENCES,app/Livewire/Admin/GestionCurso.php,V001; V004; V005; V006; V008; V010; V012; V014; V016; V017; V019; V021; V022; V023; V024; V025; V027; V028; V029; V030; V031; V032; V033; V034; V035; V036; V037; V038; V039; V040; V041; V042; V044; V046; V047; V051; V052; V053; V054; V055; V058; V059; V060; V061; V062; V063; V064; V065; V066; V067; V068; V070; V072; V073; V074; V075; V076; V077; V078; V079; V080; V081; V082; V083; V087; V089; V090; V091; V092; V093; V094; V095; V096; V098,Archivo/método necesita verificar alias; referencias en bd-estructura-estatica.json
app/Services/InstitutionalQueryService.php,curso,READ_ONLY_REFERENCES,app/Livewire/Admin/GestionCurso.php,V001; V004; V005; V006; V008; V010; V012; V014; V016; V017; V019; V021; V022; V023; V024; V025; V027; V028; V029; V030; V031; V032; V033; V034; V035; V036; V037; V038; V039; V040; V041; V042; V044; V046; V047; V051; V052; V053; V054; V055; V058; V059; V060; V061; V062; V063; V064; V065; V066; V067; V068; V070; V072; V073; V074; V075; V076; V077; V078; V079; V080; V081; V082; V083; V087; V089; V090; V091; V092; V093; V094; V095; V096; V098,Archivo/método necesita verificar alias; referencias en bd-estructura-estatica.json
app/Services/RegencyAccessService.php,curso,CANDIDATO_WRITER,app/Livewire/Admin/GestionCurso.php,V001; V004; V005; V006; V008; V010; V012; V014; V016; V017; V019; V021; V022; V023; V024; V025; V027; V028; V029; V030; V031; V032; V033; V034; V035; V036; V037; V038; V039; V040; V041; V042; V044; V046; V047; V051; V052; V053; V054; V055; V058; V059; V060; V061; V062; V063; V064; V065; V066; V067; V068; V070; V072; V073; V074; V075; V076; V077; V078; V079; V080; V081; V082; V083; V087; V089; V090; V091; V092; V093; V094; V095; V096; V098,Archivo/método necesita verificar alias; referencias en bd-estructura-estatica.json
app/Services/Reportes/DatosReporteAcademicoService.php,curso,READ_ONLY_REFERENCES,app/Livewire/Admin/GestionCurso.php,V001; V004; V005; V006; V008; V010; V012; V014; V016; V017; V019; V021; V022; V023; V024; V025; V027; V028; V029; V030; V031; V032; V033; V034; V035; V036; V037; V038; V039; V040; V041; V042; V044; V046; V047; V051; V052; V053; V054; V055; V058; V059; V060; V061; V062; V063; V064; V065; V066; V067; V068; V070; V072; V073; V074; V075; V076; V077; V078; V079; V080; V081; V082; V083; V087; V089; V090; V091; V092; V093; V094; V095; V096; V098,Archivo/método necesita verificar alias; referencias en bd-estructura-estatica.json
app/Services/Reportes/DatosReporteAdministrativoService.php,curso,READ_ONLY_REFERENCES,app/Livewire/Admin/GestionCurso.php,V001; V004; V005; V006; V008; V010; V012; V014; V016; V017; V019; V021; V022; V023; V024; V025; V027; V028; V029; V030; V031; V032; V033; V034; V035; V036; V037; V038; V039; V040; V041; V042; V044; V046; V047; V051; V052; V053; V054; V055; V058; V059; V060; V061; V062; V063; V064; V065; V066; V067; V068; V070; V072; V073; V074; V075; V076; V077; V078; V079; V080; V081; V082; V083; V087; V089; V090; V091; V092; V093; V094; V095; V096; V098,Archivo/método necesita verificar alias; referencias en bd-estructura-estatica.json
app/Services/AcademicAccessService.php,director,READ_ONLY_REFERENCES,CRUD/perfiles institucionales existentes,V001; V002; V003; V016; V017; V020; V022; V023; V024; V025; V027; V028; V029; V030; V031; V032; V033; V034; V035; V036; V037; V038; V039; V040; V041; V042; V044; V045; V048; V051; V053; V054; V055; V056; V058; V060; V061; V062; V063; V064; V065; V066; V067; V070; V071; V072; V073; V074; V075; V076; V077; V078; V079; V080; V081; V082; V083; V084; V085; V087; V088; V089; V090; V091; V092; V093; V094; V095; V096; V097; V098; V099; V100; V101; V102; V103; V104,Archivo/método necesita verificar alias; referencias en bd-estructura-estatica.json
app/Services/CalendarService.php,director,READ_ONLY_REFERENCES,CRUD/perfiles institucionales existentes,V001; V002; V003; V016; V017; V020; V022; V023; V024; V025; V027; V028; V029; V030; V031; V032; V033; V034; V035; V036; V037; V038; V039; V040; V041; V042; V044; V045; V048; V051; V053; V054; V055; V056; V058; V060; V061; V062; V063; V064; V065; V066; V067; V070; V071; V072; V073; V074; V075; V076; V077; V078; V079; V080; V081; V082; V083; V084; V085; V087; V088; V089; V090; V091; V092; V093; V094; V095; V096; V097; V098; V099; V100; V101; V102; V103; V104,Archivo/método necesita verificar alias; referencias en bd-estructura-estatica.json
app/Services/HistoricalReportAccessService.php,director,READ_ONLY_REFERENCES,CRUD/perfiles institucionales existentes,V001; V002; V003; V016; V017; V020; V022; V023; V024; V025; V027; V028; V029; V030; V031; V032; V033; V034; V035; V036; V037; V038; V039; V040; V041; V042; V044; V045; V048; V051; V053; V054; V055; V056; V058; V060; V061; V062; V063; V064; V065; V066; V067; V070; V071; V072; V073; V074; V075; V076; V077; V078; V079; V080; V081; V082; V083; V084; V085; V087; V088; V089; V090; V091; V092; V093; V094; V095; V096; V097; V098; V099; V100; V101; V102; V103; V104,Archivo/método necesita verificar alias; referencias en bd-estructura-estatica.json
app/Services/InstitutionalAuthorityService.php,director,READ_ONLY_REFERENCES,CRUD/perfiles institucionales existentes,V001; V002; V003; V016; V017; V020; V022; V023; V024; V025; V027; V028; V029; V030; V031; V032; V033; V034; V035; V036; V037; V038; V039; V040; V041; V042; V044; V045; V048; V051; V053; V054; V055; V056; V058; V060; V061; V062; V063; V064; V065; V066; V067; V070; V071; V072; V073; V074; V075; V076; V077; V078; V079; V080; V081; V082; V083; V084; V085; V087; V088; V089; V090; V091; V092; V093; V094; V095; V096; V097; V098; V099; V100; V101; V102; V103; V104,Archivo/método necesita verificar alias; referencias en bd-estructura-estatica.json
app/Services/InstitutionalDashboardService.php,director,READ_ONLY_REFERENCES,CRUD/perfiles institucionales existentes,V001; V002; V003; V016; V017; V020; V022; V023; V024; V025; V027; V028; V029; V030; V031; V032; V033; V034; V035; V036; V037; V038; V039; V040; V041; V042; V044; V045; V048; V051; V053; V054; V055; V056; V058; V060; V061; V062; V063; V064; V065; V066; V067; V070; V071; V072; V073; V074; V075; V076; V077; V078; V079; V080; V081; V082; V083; V084; V085; V087; V088; V089; V090; V091; V092; V093; V094; V095; V096; V097; V098; V099; V100; V101; V102; V103; V104,Archivo/método necesita verificar alias; referencias en bd-estructura-estatica.json
app/Services/InstitutionalQueryService.php,director,READ_ONLY_REFERENCES,CRUD/perfiles institucionales existentes,V001; V002; V003; V016; V017; V020; V022; V023; V024; V025; V027; V028; V029; V030; V031; V032; V033; V034; V035; V036; V037; V038; V039; V040; V041; V042; V044; V045; V048; V051; V053; V054; V055; V056; V058; V060; V061; V062; V063; V064; V065; V066; V067; V070; V071; V072; V073; V074; V075; V076; V077; V078; V079; V080; V081; V082; V083; V084; V085; V087; V088; V089; V090; V091; V092; V093; V094; V095; V096; V097; V098; V099; V100; V101; V102; V103; V104,Archivo/método necesita verificar alias; referencias en bd-estructura-estatica.json
app/Services/RoleDashboardResolver.php,director,READ_ONLY_REFERENCES,CRUD/perfiles institucionales existentes,V001; V002; V003; V016; V017; V020; V022; V023; V024; V025; V027; V028; V029; V030; V031; V032; V033; V034; V035; V036; V037; V038; V039; V040; V041; V042; V044; V045; V048; V051; V053; V054; V055; V056; V058; V060; V061; V062; V063; V064; V065; V066; V067; V070; V071; V072; V073; V074; V075; V076; V077; V078; V079; V080; V081; V082; V083; V084; V085; V087; V088; V089; V090; V091; V092; V093; V094; V095; V096; V097; V098; V099; V100; V101; V102; V103; V104,Archivo/método necesita verificar alias; referencias en bd-estructura-estatica.json
app/Services/RoleRequestService.php,director,CANDIDATO_WRITER,CRUD/perfiles institucionales existentes,V001; V002; V003; V016; V017; V020; V022; V023; V024; V025; V027; V028; V029; V030; V031; V032; V033; V034; V035; V036; V037; V038; V039; V040; V041; V042; V044; V045; V048; V051; V053; V054; V055; V056; V058; V060; V061; V062; V063; V064; V065; V066; V067; V070; V071; V072; V073; V074; V075; V076; V077; V078; V079; V080; V081; V082; V083; V084; V085; V087; V088; V089; V090; V091; V092; V093; V094; V095; V096; V097; V098; V099; V100; V101; V102; V103; V104,Archivo/método necesita verificar alias; referencias en bd-estructura-estatica.json
app/Services/AcademicAccessService.php,docente,READ_ONLY_REFERENCES,app/Livewire/Admin/GestionDocente.php,V001; V002; V003; V004; V006; V008; V014; V016; V017; V019; V020; V022; V023; V024; V025; V027; V028; V029; V030; V031; V032; V033; V034; V035; V036; V037; V038; V039; V040; V041; V042; V044; V045; V048; V051; V053; V054; V055; V058; V060; V061; V062; V063; V064; V065; V066; V067; V068; V070; V071; V072; V073; V074; V075; V076; V077; V078; V079; V080; V081; V082; V083; V084; V085; V087; V088; V089; V090; V091; V092; V093; V094; V095; V096; V097; V098; V099; V100; V101; V102; V103; V104,Archivo/método necesita verificar alias; referencias en bd-estructura-estatica.json
app/Services/AulaVirtual/AsistenciaService.php,docente,CANDIDATO_WRITER,app/Livewire/Admin/GestionDocente.php,V001; V002; V003; V004; V006; V008; V014; V016; V017; V019; V020; V022; V023; V024; V025; V027; V028; V029; V030; V031; V032; V033; V034; V035; V036; V037; V038; V039; V040; V041; V042; V044; V045; V048; V051; V053; V054; V055; V058; V060; V061; V062; V063; V064; V065; V066; V067; V068; V070; V071; V072; V073; V074; V075; V076; V077; V078; V079; V080; V081; V082; V083; V084; V085; V087; V088; V089; V090; V091; V092; V093; V094; V095; V096; V097; V098; V099; V100; V101; V102; V103; V104,Archivo/método necesita verificar alias; referencias en bd-estructura-estatica.json
app/Services/AulaVirtual/CursoVirtualService.php,docente,READ_ONLY_REFERENCES,app/Livewire/Admin/GestionDocente.php,V001; V002; V003; V004; V006; V008; V014; V016; V017; V019; V020; V022; V023; V024; V025; V027; V028; V029; V030; V031; V032; V033; V034; V035; V036; V037; V038; V039; V040; V041; V042; V044; V045; V048; V051; V053; V054; V055; V058; V060; V061; V062; V063; V064; V065; V066; V067; V068; V070; V071; V072; V073; V074; V075; V076; V077; V078; V079; V080; V081; V082; V083; V084; V085; V087; V088; V089; V090; V091; V092; V093; V094; V095; V096; V097; V098; V099; V100; V101; V102; V103; V104,Archivo/método necesita verificar alias; referencias en bd-estructura-estatica.json
app/Services/AulaVirtual/EntregaService.php,docente,CANDIDATO_WRITER,app/Livewire/Admin/GestionDocente.php,V001; V002; V003; V004; V006; V008; V014; V016; V017; V019; V020; V022; V023; V024; V025; V027; V028; V029; V030; V031; V032; V033; V034; V035; V036; V037; V038; V039; V040; V041; V042; V044; V045; V048; V051; V053; V054; V055; V058; V060; V061; V062; V063; V064; V065; V066; V067; V068; V070; V071; V072; V073; V074; V075; V076; V077; V078; V079; V080; V081; V082; V083; V084; V085; V087; V088; V089; V090; V091; V092; V093; V094; V095; V096; V097; V098; V099; V100; V101; V102; V103; V104,Archivo/método necesita verificar alias; referencias en bd-estructura-estatica.json
app/Services/AulaVirtual/TareaService.php,docente,CANDIDATO_WRITER,app/Livewire/Admin/GestionDocente.php,V001; V002; V003; V004; V006; V008; V014; V016; V017; V019; V020; V022; V023; V024; V025; V027; V028; V029; V030; V031; V032; V033; V034; V035; V036; V037; V038; V039; V040; V041; V042; V044; V045; V048; V051; V053; V054; V055; V058; V060; V061; V062; V063; V064; V065; V066; V067; V068; V070; V071; V072; V073; V074; V075; V076; V077; V078; V079; V080; V081; V082; V083; V084; V085; V087; V088; V089; V090; V091; V092; V093; V094; V095; V096; V097; V098; V099; V100; V101; V102; V103; V104,Archivo/método necesita verificar alias; referencias en bd-estructura-estatica.json
app/Services/AulaVirtual/UnitContentService.php,docente,READ_ONLY_REFERENCES,app/Livewire/Admin/GestionDocente.php,V001; V002; V003; V004; V006; V008; V014; V016; V017; V019; V020; V022; V023; V024; V025; V027; V028; V029; V030; V031; V032; V033; V034; V035; V036; V037; V038; V039; V040; V041; V042; V044; V045; V048; V051; V053; V054; V055; V058; V060; V061; V062; V063; V064; V065; V066; V067; V068; V070; V071; V072; V073; V074; V075; V076; V077; V078; V079; V080; V081; V082; V083; V084; V085; V087; V088; V089; V090; V091; V092; V093; V094; V095; V096; V097; V098; V099; V100; V101; V102; V103; V104,Archivo/método necesita verificar alias; referencias en bd-estructura-estatica.json
app/Services/CalendarService.php,docente,READ_ONLY_REFERENCES,app/Livewire/Admin/GestionDocente.php,V001; V002; V003; V004; V006; V008; V014; V016; V017; V019; V020; V022; V023; V024; V025; V027; V028; V029; V030; V031; V032; V033; V034; V035; V036; V037; V038; V039; V040; V041; V042; V044; V045; V048; V051; V053; V054; V055; V058; V060; V061; V062; V063; V064; V065; V066; V067; V068; V070; V071; V072; V073; V074; V075; V076; V077; V078; V079; V080; V081; V082; V083; V084; V085; V087; V088; V089; V090; V091; V092; V093; V094; V095; V096; V097; V098; V099; V100; V101; V102; V103; V104,Archivo/método necesita verificar alias; referencias en bd-estructura-estatica.json
app/Services/GradeService.php,docente,CANDIDATO_WRITER,app/Livewire/Admin/GestionDocente.php,V001; V002; V003; V004; V006; V008; V014; V016; V017; V019; V020; V022; V023; V024; V025; V027; V028; V029; V030; V031; V032; V033; V034; V035; V036; V037; V038; V039; V040; V041; V042; V044; V045; V048; V051; V053; V054; V055; V058; V060; V061; V062; V063; V064; V065; V066; V067; V068; V070; V071; V072; V073; V074; V075; V076; V077; V078; V079; V080; V081; V082; V083; V084; V085; V087; V088; V089; V090; V091; V092; V093; V094; V095; V096; V097; V098; V099; V100; V101; V102; V103; V104,Archivo/método necesita verificar alias; referencias en bd-estructura-estatica.json
app/Services/InstitutionalDashboardService.php,docente,READ_ONLY_REFERENCES,app/Livewire/Admin/GestionDocente.php,V001; V002; V003; V004; V006; V008; V014; V016; V017; V019; V020; V022; V023; V024; V025; V027; V028; V029; V030; V031; V032; V033; V034; V035; V036; V037; V038; V039; V040; V041; V042; V044; V045; V048; V051; V053; V054; V055; V058; V060; V061; V062; V063; V064; V065; V066; V067; V068; V070; V071; V072; V073; V074; V075; V076; V077; V078; V079; V080; V081; V082; V083; V084; V085; V087; V088; V089; V090; V091; V092; V093; V094; V095; V096; V097; V098; V099; V100; V101; V102; V103; V104,Archivo/método necesita verificar alias; referencias en bd-estructura-estatica.json
app/Services/InstitutionalQueryService.php,docente,READ_ONLY_REFERENCES,app/Livewire/Admin/GestionDocente.php,V001; V002; V003; V004; V006; V008; V014; V016; V017; V019; V020; V022; V023; V024; V025; V027; V028; V029; V030; V031; V032; V033; V034; V035; V036; V037; V038; V039; V040; V041; V042; V044; V045; V048; V051; V053; V054; V055; V058; V060; V061; V062; V063; V064; V065; V066; V067; V068; V070; V071; V072; V073; V074; V075; V076; V077; V078; V079; V080; V081; V082; V083; V084; V085; V087; V088; V089; V090; V091; V092; V093; V094; V095; V096; V097; V098; V099; V100; V101; V102; V103; V104,Archivo/método necesita verificar alias; referencias en bd-estructura-estatica.json
app/Services/Kardex/KardexService.php,docente,CANDIDATO_WRITER,app/Livewire/Admin/GestionDocente.php,V001; V002; V003; V004; V006; V008; V014; V016; V017; V019; V020; V022; V023; V024; V025; V027; V028; V029; V030; V031; V032; V033; V034; V035; V036; V037; V038; V039; V040; V041; V042; V044; V045; V048; V051; V053; V054; V055; V058; V060; V061; V062; V063; V064; V065; V066; V067; V068; V070; V071; V072; V073; V074; V075; V076; V077; V078; V079; V080; V081; V082; V083; V084; V085; V087; V088; V089; V090; V091; V092; V093; V094; V095; V096; V097; V098; V099; V100; V101; V102; V103; V104,Archivo/método necesita verificar alias; referencias en bd-estructura-estatica.json
app/Services/Kardex/ScopedKardexRepository.php,docente,READ_ONLY_REFERENCES,app/Livewire/Admin/GestionDocente.php,V001; V002; V003; V004; V006; V008; V014; V016; V017; V019; V020; V022; V023; V024; V025; V027; V028; V029; V030; V031; V032; V033; V034; V035; V036; V037; V038; V039; V040; V041; V042; V044; V045; V048; V051; V053; V054; V055; V058; V060; V061; V062; V063; V064; V065; V066; V067; V068; V070; V071; V072; V073; V074; V075; V076; V077; V078; V079; V080; V081; V082; V083; V084; V085; V087; V088; V089; V090; V091; V092; V093; V094; V095; V096; V097; V098; V099; V100; V101; V102; V103; V104,Archivo/método necesita verificar alias; referencias en bd-estructura-estatica.json
app/Services/OperationalAccountService.php,docente,CANDIDATO_WRITER,app/Livewire/Admin/GestionDocente.php,V001; V002; V003; V004; V006; V008; V014; V016; V017; V019; V020; V022; V023; V024; V025; V027; V028; V029; V030; V031; V032; V033; V034; V035; V036; V037; V038; V039; V040; V041; V042; V044; V045; V048; V051; V053; V054; V055; V058; V060; V061; V062; V063; V064; V065; V066; V067; V068; V070; V071; V072; V073; V074; V075; V076; V077; V078; V079; V080; V081; V082; V083; V084; V085; V087; V088; V089; V090; V091; V092; V093; V094; V095; V096; V097; V098; V099; V100; V101; V102; V103; V104,Archivo/método necesita verificar alias; referencias en bd-estructura-estatica.json
app/Services/Reportes/DatosReporteAdministrativoService.php,docente,READ_ONLY_REFERENCES,app/Livewire/Admin/GestionDocente.php,V001; V002; V003; V004; V006; V008; V014; V016; V017; V019; V020; V022; V023; V024; V025; V027; V028; V029; V030; V031; V032; V033; V034; V035; V036; V037; V038; V039; V040; V041; V042; V044; V045; V048; V051; V053; V054; V055; V058; V060; V061; V062; V063; V064; V065; V066; V067; V068; V070; V071; V072; V073; V074; V075; V076; V077; V078; V079; V080; V081; V082; V083; V084; V085; V087; V088; V089; V090; V091; V092; V093; V094; V095; V096; V097; V098; V099; V100; V101; V102; V103; V104,Archivo/método necesita verificar alias; referencias en bd-estructura-estatica.json
app/Services/RoleDashboardResolver.php,docente,READ_ONLY_REFERENCES,app/Livewire/Admin/GestionDocente.php,V001; V002; V003; V004; V006; V008; V014; V016; V017; V019; V020; V022; V023; V024; V025; V027; V028; V029; V030; V031; V032; V033; V034; V035; V036; V037; V038; V039; V040; V041; V042; V044; V045; V048; V051; V053; V054; V055; V058; V060; V061; V062; V063; V064; V065; V066; V067; V068; V070; V071; V072; V073; V074; V075; V076; V077; V078; V079; V080; V081; V082; V083; V084; V085; V087; V088; V089; V090; V091; V092; V093; V094; V095; V096; V097; V098; V099; V100; V101; V102; V103; V104,Archivo/método necesita verificar alias; referencias en bd-estructura-estatica.json
app/Services/RolePermissionService.php,docente,CANDIDATO_WRITER,app/Livewire/Admin/GestionDocente.php,V001; V002; V003; V004; V006; V008; V014; V016; V017; V019; V020; V022; V023; V024; V025; V027; V028; V029; V030; V031; V032; V033; V034; V035; V036; V037; V038; V039; V040; V041; V042; V044; V045; V048; V051; V053; V054; V055; V058; V060; V061; V062; V063; V064; V065; V066; V067; V068; V070; V071; V072; V073; V074; V075; V076; V077; V078; V079; V080; V081; V082; V083; V084; V085; V087; V088; V089; V090; V091; V092; V093; V094; V095; V096; V097; V098; V099; V100; V101; V102; V103; V104,Archivo/método necesita verificar alias; referencias en bd-estructura-estatica.json
app/Services/StudentContextService.php,docente,READ_ONLY_REFERENCES,app/Livewire/Admin/GestionDocente.php,V001; V002; V003; V004; V006; V008; V014; V016; V017; V019; V020; V022; V023; V024; V025; V027; V028; V029; V030; V031; V032; V033; V034; V035; V036; V037; V038; V039; V040; V041; V042; V044; V045; V048; V051; V053; V054; V055; V058; V060; V061; V062; V063; V064; V065; V066; V067; V068; V070; V071; V072; V073; V074; V075; V076; V077; V078; V079; V080; V081; V082; V083; V084; V085; V087; V088; V089; V090; V091; V092; V093; V094; V095; V096; V097; V098; V099; V100; V101; V102; V103; V104,Archivo/método necesita verificar alias; referencias en bd-estructura-estatica.json
app/Services/AulaVirtual/EntregaService.php,entrega_archivo,CANDIDATO_WRITER,EntregaService,V016; V017; V022; V024; V025; V027; V028; V035; V036; V038; V042; V044; V054; V055; V058; V063; V064; V066; V067; V070; V071; V072; V073; V074; V075; V076; V077; V078; V079; V080; V081; V082; V083; V084; V085; V087; V088; V089; V090; V091; V092; V093; V094; V095; V096; V097; V098; V099; V100; V101; V102; V103; V104,Archivo/método necesita verificar alias; referencias en bd-estructura-estatica.json
app/Services/AulaVirtual/CursoVirtualService.php,entrega_tarea,READ_ONLY_REFERENCES,EntregaService,V016; V017; V022; V023; V024; V025; V027; V028; V029; V030; V031; V032; V033; V034; V035; V036; V037; V038; V039; V040; V041; V042; V044; V051; V053; V054; V055; V058; V060; V061; V062; V063; V064; V065; V066; V067; V070; V071; V072; V073; V074; V075; V076; V077; V078; V079; V080; V081; V082; V083; V084; V085; V087; V088; V089; V090; V091; V092; V093; V094; V095; V096; V097; V098; V099; V100; V101; V102; V103; V104,Archivo/método necesita verificar alias; referencias en bd-estructura-estatica.json
app/Services/AulaVirtual/EntregaService.php,entrega_tarea,CANDIDATO_WRITER,EntregaService,V016; V017; V022; V023; V024; V025; V027; V028; V029; V030; V031; V032; V033; V034; V035; V036; V037; V038; V039; V040; V041; V042; V044; V051; V053; V054; V055; V058; V060; V061; V062; V063; V064; V065; V066; V067; V070; V071; V072; V073; V074; V075; V076; V077; V078; V079; V080; V081; V082; V083; V084; V085; V087; V088; V089; V090; V091; V092; V093; V094; V095; V096; V097; V098; V099; V100; V101; V102; V103; V104,Archivo/método necesita verificar alias; referencias en bd-estructura-estatica.json
app/Services/StudentContextService.php,entrega_tarea,READ_ONLY_REFERENCES,EntregaService,V016; V017; V022; V023; V024; V025; V027; V028; V029; V030; V031; V032; V033; V034; V035; V036; V037; V038; V039; V040; V041; V042; V044; V051; V053; V054; V055; V058; V060; V061; V062; V063; V064; V065; V066; V067; V070; V071; V072; V073; V074; V075; V076; V077; V078; V079; V080; V081; V082; V083; V084; V085; V087; V088; V089; V090; V091; V092; V093; V094; V095; V096; V097; V098; V099; V100; V101; V102; V103; V104,Archivo/método necesita verificar alias; referencias en bd-estructura-estatica.json
app/Services/Reportes/DatosReporteAcademicoService.php,especialidad_tecnica,READ_ONLY_REFERENCES,CRUD y Supports actuales,V001; V003; V004; V005; V012; V013; V016; V017; V018; V019; V020; V022; V023; V024; V025; V027; V028; V029; V030; V031; V032; V033; V034; V035; V036; V037; V038; V039; V040; V041; V042; V044; V046; V047; V051; V053; V054; V055; V058; V060; V061; V062; V063; V064; V065; V066; V067; V068; V070; V071; V072; V073; V074; V075; V076; V077; V078; V079; V080; V081; V082; V083; V084; V085; V087; V088; V089; V090; V091; V092; V093; V094; V095; V096; V097; V098; V099; V100; V101; V102; V103; V104,Archivo/método necesita verificar alias; referencias en bd-estructura-estatica.json
app/Services/Reportes/DatosReporteAdministrativoService.php,especialidad_tecnica,READ_ONLY_REFERENCES,CRUD y Supports actuales,V001; V003; V004; V005; V012; V013; V016; V017; V018; V019; V020; V022; V023; V024; V025; V027; V028; V029; V030; V031; V032; V033; V034; V035; V036; V037; V038; V039; V040; V041; V042; V044; V046; V047; V051; V053; V054; V055; V058; V060; V061; V062; V063; V064; V065; V066; V067; V068; V070; V071; V072; V073; V074; V075; V076; V077; V078; V079; V080; V081; V082; V083; V084; V085; V087; V088; V089; V090; V091; V092; V093; V094; V095; V096; V097; V098; V099; V100; V101; V102; V103; V104,Archivo/método necesita verificar alias; referencias en bd-estructura-estatica.json
app/Services/AulaVirtual/AsistenciaService.php,estado_asistencia,CANDIDATO_WRITER,Gestión estados de asistencia / AsistenciaService lectura,V016; V017; V022; V023; V024; V025; V027; V028; V029; V030; V031; V032; V033; V034; V035; V036; V037; V038; V039; V040; V041; V042; V044; V051; V053; V054; V055; V058; V060; V061; V062; V063; V064; V065; V066; V067; V070; V071; V072; V073; V074; V075; V076; V077; V078; V079; V080; V081; V082; V083; V084; V085; V087; V088; V089; V090; V091; V092; V093; V094; V095; V096; V097; V098; V099; V100; V101; V102; V103; V104,Archivo/método necesita verificar alias; referencias en bd-estructura-estatica.json
app/Services/AcademicAccessService.php,estudiante,READ_ONLY_REFERENCES,CRUD estudiantil y Gestión Inscripciones,V001; V002; V003; V004; V005; V012; V013; V016; V017; V018; V019; V020; V022; V023; V024; V025; V027; V028; V029; V030; V031; V032; V033; V034; V035; V036; V037; V038; V039; V040; V041; V042; V044; V045; V046; V047; V048; V049; V050; V051; V053; V054; V055; V058; V060; V061; V062; V063; V064; V065; V066; V067; V068; V070; V071; V072; V073; V074; V075; V076; V077; V078; V079; V080; V081; V082; V083; V084; V085; V087; V088; V089; V090; V091; V092; V093; V094; V095; V096; V097; V098; V099; V100; V101; V102; V103; V104,Archivo/método necesita verificar alias; referencias en bd-estructura-estatica.json
app/Services/AcademicGoalService.php,estudiante,CANDIDATO_WRITER,CRUD estudiantil y Gestión Inscripciones,V001; V002; V003; V004; V005; V012; V013; V016; V017; V018; V019; V020; V022; V023; V024; V025; V027; V028; V029; V030; V031; V032; V033; V034; V035; V036; V037; V038; V039; V040; V041; V042; V044; V045; V046; V047; V048; V049; V050; V051; V053; V054; V055; V058; V060; V061; V062; V063; V064; V065; V066; V067; V068; V070; V071; V072; V073; V074; V075; V076; V077; V078; V079; V080; V081; V082; V083; V084; V085; V087; V088; V089; V090; V091; V092; V093; V094; V095; V096; V097; V098; V099; V100; V101; V102; V103; V104,Archivo/método necesita verificar alias; referencias en bd-estructura-estatica.json
app/Services/AulaVirtual/CursoVirtualService.php,estudiante,READ_ONLY_REFERENCES,CRUD estudiantil y Gestión Inscripciones,V001; V002; V003; V004; V005; V012; V013; V016; V017; V018; V019; V020; V022; V023; V024; V025; V027; V028; V029; V030; V031; V032; V033; V034; V035; V036; V037; V038; V039; V040; V041; V042; V044; V045; V046; V047; V048; V049; V050; V051; V053; V054; V055; V058; V060; V061; V062; V063; V064; V065; V066; V067; V068; V070; V071; V072; V073; V074; V075; V076; V077; V078; V079; V080; V081; V082; V083; V084; V085; V087; V088; V089; V090; V091; V092; V093; V094; V095; V096; V097; V098; V099; V100; V101; V102; V103; V104,Archivo/método necesita verificar alias; referencias en bd-estructura-estatica.json
app/Services/AulaVirtual/EntregaService.php,estudiante,CANDIDATO_WRITER,CRUD estudiantil y Gestión Inscripciones,V001; V002; V003; V004; V005; V012; V013; V016; V017; V018; V019; V020; V022; V023; V024; V025; V027; V028; V029; V030; V031; V032; V033; V034; V035; V036; V037; V038; V039; V040; V041; V042; V044; V045; V046; V047; V048; V049; V050; V051; V053; V054; V055; V058; V060; V061; V062; V063; V064; V065; V066; V067; V068; V070; V071; V072; V073; V074; V075; V076; V077; V078; V079; V080; V081; V082; V083; V084; V085; V087; V088; V089; V090; V091; V092; V093; V094; V095; V096; V097; V098; V099; V100; V101; V102; V103; V104,Archivo/método necesita verificar alias; referencias en bd-estructura-estatica.json
app/Services/AulaVirtual/OrientacionService.php,estudiante,CANDIDATO_WRITER,CRUD estudiantil y Gestión Inscripciones,V001; V002; V003; V004; V005; V012; V013; V016; V017; V018; V019; V020; V022; V023; V024; V025; V027; V028; V029; V030; V031; V032; V033; V034; V035; V036; V037; V038; V039; V040; V041; V042; V044; V045; V046; V047; V048; V049; V050; V051; V053; V054; V055; V058; V060; V061; V062; V063; V064; V065; V066; V067; V068; V070; V071; V072; V073; V074; V075; V076; V077; V078; V079; V080; V081; V082; V083; V084; V085; V087; V088; V089; V090; V091; V092; V093; V094; V095; V096; V097; V098; V099; V100; V101; V102; V103; V104,Archivo/método necesita verificar alias; referencias en bd-estructura-estatica.json
app/Services/AulaVirtual/UnitContentService.php,estudiante,READ_ONLY_REFERENCES,CRUD estudiantil y Gestión Inscripciones,V001; V002; V003; V004; V005; V012; V013; V016; V017; V018; V019; V020; V022; V023; V024; V025; V027; V028; V029; V030; V031; V032; V033; V034; V035; V036; V037; V038; V039; V040; V041; V042; V044; V045; V046; V047; V048; V049; V050; V051; V053; V054; V055; V058; V060; V061; V062; V063; V064; V065; V066; V067; V068; V070; V071; V072; V073; V074; V075; V076; V077; V078; V079; V080; V081; V082; V083; V084; V085; V087; V088; V089; V090; V091; V092; V093; V094; V095; V096; V097; V098; V099; V100; V101; V102; V103; V104,Archivo/método necesita verificar alias; referencias en bd-estructura-estatica.json
app/Services/CalendarService.php,estudiante,READ_ONLY_REFERENCES,CRUD estudiantil y Gestión Inscripciones,V001; V002; V003; V004; V005; V012; V013; V016; V017; V018; V019; V020; V022; V023; V024; V025; V027; V028; V029; V030; V031; V032; V033; V034; V035; V036; V037; V038; V039; V040; V041; V042; V044; V045; V046; V047; V048; V049; V050; V051; V053; V054; V055; V058; V060; V061; V062; V063; V064; V065; V066; V067; V068; V070; V071; V072; V073; V074; V075; V076; V077; V078; V079; V080; V081; V082; V083; V084; V085; V087; V088; V089; V090; V091; V092; V093; V094; V095; V096; V097; V098; V099; V100; V101; V102; V103; V104,Archivo/método necesita verificar alias; referencias en bd-estructura-estatica.json
app/Services/InstitutionalQueryService.php,estudiante,READ_ONLY_REFERENCES,CRUD estudiantil y Gestión Inscripciones,V001; V002; V003; V004; V005; V012; V013; V016; V017; V018; V019; V020; V022; V023; V024; V025; V027; V028; V029; V030; V031; V032; V033; V034; V035; V036; V037; V038; V039; V040; V041; V042; V044; V045; V046; V047; V048; V049; V050; V051; V053; V054; V055; V058; V060; V061; V062; V063; V064; V065; V066; V067; V068; V070; V071; V072; V073; V074; V075; V076; V077; V078; V079; V080; V081; V082; V083; V084; V085; V087; V088; V089; V090; V091; V092; V093; V094; V095; V096; V097; V098; V099; V100; V101; V102; V103; V104,Archivo/método necesita verificar alias; referencias en bd-estructura-estatica.json
app/Services/Kardex/KardexService.php,estudiante,CANDIDATO_WRITER,CRUD estudiantil y Gestión Inscripciones,V001; V002; V003; V004; V005; V012; V013; V016; V017; V018; V019; V020; V022; V023; V024; V025; V027; V028; V029; V030; V031; V032; V033; V034; V035; V036; V037; V038; V039; V040; V041; V042; V044; V045; V046; V047; V048; V049; V050; V051; V053; V054; V055; V058; V060; V061; V062; V063; V064; V065; V066; V067; V068; V070; V071; V072; V073; V074; V075; V076; V077; V078; V079; V080; V081; V082; V083; V084; V085; V087; V088; V089; V090; V091; V092; V093; V094; V095; V096; V097; V098; V099; V100; V101; V102; V103; V104,Archivo/método necesita verificar alias; referencias en bd-estructura-estatica.json
app/Services/Kardex/ScopedKardexRepository.php,estudiante,READ_ONLY_REFERENCES,CRUD estudiantil y Gestión Inscripciones,V001; V002; V003; V004; V005; V012; V013; V016; V017; V018; V019; V020; V022; V023; V024; V025; V027; V028; V029; V030; V031; V032; V033; V034; V035; V036; V037; V038; V039; V040; V041; V042; V044; V045; V046; V047; V048; V049; V050; V051; V053; V054; V055; V058; V060; V061; V062; V063; V064; V065; V066; V067; V068; V070; V071; V072; V073; V074; V075; V076; V077; V078; V079; V080; V081; V082; V083; V084; V085; V087; V088; V089; V090; V091; V092; V093; V094; V095; V096; V097; V098; V099; V100; V101; V102; V103; V104,Archivo/método necesita verificar alias; referencias en bd-estructura-estatica.json
app/Services/Kardex/UnavailableKardexRepository.php,estudiante,READ_ONLY_REFERENCES,CRUD estudiantil y Gestión Inscripciones,V001; V002; V003; V004; V005; V012; V013; V016; V017; V018; V019; V020; V022; V023; V024; V025; V027; V028; V029; V030; V031; V032; V033; V034; V035; V036; V037; V038; V039; V040; V041; V042; V044; V045; V046; V047; V048; V049; V050; V051; V053; V054; V055; V058; V060; V061; V062; V063; V064; V065; V066; V067; V068; V070; V071; V072; V073; V074; V075; V076; V077; V078; V079; V080; V081; V082; V083; V084; V085; V087; V088; V089; V090; V091; V092; V093; V094; V095; V096; V097; V098; V099; V100; V101; V102; V103; V104,Archivo/método necesita verificar alias; referencias en bd-estructura-estatica.json
app/Services/OperationalAccountService.php,estudiante,CANDIDATO_WRITER,CRUD estudiantil y Gestión Inscripciones,V001; V002; V003; V004; V005; V012; V013; V016; V017; V018; V019; V020; V022; V023; V024; V025; V027; V028; V029; V030; V031; V032; V033; V034; V035; V036; V037; V038; V039; V040; V041; V042; V044; V045; V046; V047; V048; V049; V050; V051; V053; V054; V055; V058; V060; V061; V062; V063; V064; V065; V066; V067; V068; V070; V071; V072; V073; V074; V075; V076; V077; V078; V079; V080; V081; V082; V083; V084; V085; V087; V088; V089; V090; V091; V092; V093; V094; V095; V096; V097; V098; V099; V100; V101; V102; V103; V104,Archivo/método necesita verificar alias; referencias en bd-estructura-estatica.json
app/Services/Reportes/DatosReporteAcademicoService.php,estudiante,READ_ONLY_REFERENCES,CRUD estudiantil y Gestión Inscripciones,V001; V002; V003; V004; V005; V012; V013; V016; V017; V018; V019; V020; V022; V023; V024; V025; V027; V028; V029; V030; V031; V032; V033; V034; V035; V036; V037; V038; V039; V040; V041; V042; V044; V045; V046; V047; V048; V049; V050; V051; V053; V054; V055; V058; V060; V061; V062; V063; V064; V065; V066; V067; V068; V070; V071; V072; V073; V074; V075; V076; V077; V078; V079; V080; V081; V082; V083; V084; V085; V087; V088; V089; V090; V091; V092; V093; V094; V095; V096; V097; V098; V099; V100; V101; V102; V103; V104,Archivo/método necesita verificar alias; referencias en bd-estructura-estatica.json
app/Services/Reportes/DatosReporteAdministrativoService.php,estudiante,READ_ONLY_REFERENCES,CRUD estudiantil y Gestión Inscripciones,V001; V002; V003; V004; V005; V012; V013; V016; V017; V018; V019; V020; V022; V023; V024; V025; V027; V028; V029; V030; V031; V032; V033; V034; V035; V036; V037; V038; V039; V040; V041; V042; V044; V045; V046; V047; V048; V049; V050; V051; V053; V054; V055; V058; V060; V061; V062; V063; V064; V065; V066; V067; V068; V070; V071; V072; V073; V074; V075; V076; V077; V078; V079; V080; V081; V082; V083; V084; V085; V087; V088; V089; V090; V091; V092; V093; V094; V095; V096; V097; V098; V099; V100; V101; V102; V103; V104,Archivo/método necesita verificar alias; referencias en bd-estructura-estatica.json
app/Services/Reportes/DatosReporteVocacionalService.php,estudiante,READ_ONLY_REFERENCES,CRUD estudiantil y Gestión Inscripciones,V001; V002; V003; V004; V005; V012; V013; V016; V017; V018; V019; V020; V022; V023; V024; V025; V027; V028; V029; V030; V031; V032; V033; V034; V035; V036; V037; V038; V039; V040; V041; V042; V044; V045; V046; V047; V048; V049; V050; V051; V053; V054; V055; V058; V060; V061; V062; V063; V064; V065; V066; V067; V068; V070; V071; V072; V073; V074; V075; V076; V077; V078; V079; V080; V081; V082; V083; V084; V085; V087; V088; V089; V090; V091; V092; V093; V094; V095; V096; V097; V098; V099; V100; V101; V102; V103; V104,Archivo/método necesita verificar alias; referencias en bd-estructura-estatica.json
app/Services/RoleDashboardResolver.php,estudiante,READ_ONLY_REFERENCES,CRUD estudiantil y Gestión Inscripciones,V001; V002; V003; V004; V005; V012; V013; V016; V017; V018; V019; V020; V022; V023; V024; V025; V027; V028; V029; V030; V031; V032; V033; V034; V035; V036; V037; V038; V039; V040; V041; V042; V044; V045; V046; V047; V048; V049; V050; V051; V053; V054; V055; V058; V060; V061; V062; V063; V064; V065; V066; V067; V068; V070; V071; V072; V073; V074; V075; V076; V077; V078; V079; V080; V081; V082; V083; V084; V085; V087; V088; V089; V090; V091; V092; V093; V094; V095; V096; V097; V098; V099; V100; V101; V102; V103; V104,Archivo/método necesita verificar alias; referencias en bd-estructura-estatica.json
app/Services/RolePermissionService.php,estudiante,CANDIDATO_WRITER,CRUD estudiantil y Gestión Inscripciones,V001; V002; V003; V004; V005; V012; V013; V016; V017; V018; V019; V020; V022; V023; V024; V025; V027; V028; V029; V030; V031; V032; V033; V034; V035; V036; V037; V038; V039; V040; V041; V042; V044; V045; V046; V047; V048; V049; V050; V051; V053; V054; V055; V058; V060; V061; V062; V063; V064; V065; V066; V067; V068; V070; V071; V072; V073; V074; V075; V076; V077; V078; V079; V080; V081; V082; V083; V084; V085; V087; V088; V089; V090; V091; V092; V093; V094; V095; V096; V097; V098; V099; V100; V101; V102; V103; V104,Archivo/método necesita verificar alias; referencias en bd-estructura-estatica.json
app/Services/StudentContextService.php,estudiante,READ_ONLY_REFERENCES,CRUD estudiantil y Gestión Inscripciones,V001; V002; V003; V004; V005; V012; V013; V016; V017; V018; V019; V020; V022; V023; V024; V025; V027; V028; V029; V030; V031; V032; V033; V034; V035; V036; V037; V038; V039; V040; V041; V042; V044; V045; V046; V047; V048; V049; V050; V051; V053; V054; V055; V058; V060; V061; V062; V063; V064; V065; V066; V067; V068; V070; V071; V072; V073; V074; V075; V076; V077; V078; V079; V080; V081; V082; V083; V084; V085; V087; V088; V089; V090; V091; V092; V093; V094; V095; V096; V097; V098; V099; V100; V101; V102; V103; V104,Archivo/método necesita verificar alias; referencias en bd-estructura-estatica.json
app/Services/InstitutionalDashboardService.php,gestion_academica,READ_ONLY_REFERENCES,Gestión académica / GestionAcademicaInteligente prevención,V001; V004; V005; V006; V007; V008; V011; V012; V014; V016; V017; V019; V022; V023; V024; V025; V027; V028; V029; V030; V031; V032; V033; V034; V035; V036; V037; V038; V039; V040; V041; V042; V044; V046; V047; V051; V053; V054; V055; V058; V059; V060; V061; V062; V063; V064; V065; V066; V067; V068; V070; V071; V072; V073; V074; V075; V076; V077; V078; V079; V080; V081; V082; V083; V084; V085; V087; V088; V089; V090; V091; V092; V093; V094; V095; V096; V097; V098; V099; V100; V101; V102; V103; V104,Archivo/método necesita verificar alias; referencias en bd-estructura-estatica.json
app/Services/InstitutionalQueryService.php,gestion_academica,READ_ONLY_REFERENCES,Gestión académica / GestionAcademicaInteligente prevención,V001; V004; V005; V006; V007; V008; V011; V012; V014; V016; V017; V019; V022; V023; V024; V025; V027; V028; V029; V030; V031; V032; V033; V034; V035; V036; V037; V038; V039; V040; V041; V042; V044; V046; V047; V051; V053; V054; V055; V058; V059; V060; V061; V062; V063; V064; V065; V066; V067; V068; V070; V071; V072; V073; V074; V075; V076; V077; V078; V079; V080; V081; V082; V083; V084; V085; V087; V088; V089; V090; V091; V092; V093; V094; V095; V096; V097; V098; V099; V100; V101; V102; V103; V104,Archivo/método necesita verificar alias; referencias en bd-estructura-estatica.json
app/Services/AcademicAccessService.php,inscripcion_estudiante,READ_ONLY_REFERENCES,Livewire/Admin/GestionInscripciones.php; InscripcionAcademica prevención,V001; V003; V004; V005; V007; V008; V010; V012; V014; V016; V017; V018; V019; V020; V022; V023; V024; V025; V027; V028; V029; V030; V031; V032; V033; V034; V035; V036; V037; V038; V039; V040; V041; V042; V044; V046; V047; V048; V051; V052; V053; V054; V055; V058; V059; V060; V061; V062; V063; V064; V065; V066; V067; V068; V070; V071; V072; V073; V074; V075; V076; V077; V078; V079; V080; V081; V082; V083; V084; V085; V087; V088; V089; V090; V091; V092; V093; V094; V095; V096; V097; V098; V099; V100; V101; V102; V103; V104,Archivo/método necesita verificar alias; referencias en bd-estructura-estatica.json
app/Services/AulaVirtual/CursoVirtualService.php,inscripcion_estudiante,READ_ONLY_REFERENCES,Livewire/Admin/GestionInscripciones.php; InscripcionAcademica prevención,V001; V003; V004; V005; V007; V008; V010; V012; V014; V016; V017; V018; V019; V020; V022; V023; V024; V025; V027; V028; V029; V030; V031; V032; V033; V034; V035; V036; V037; V038; V039; V040; V041; V042; V044; V046; V047; V048; V051; V052; V053; V054; V055; V058; V059; V060; V061; V062; V063; V064; V065; V066; V067; V068; V070; V071; V072; V073; V074; V075; V076; V077; V078; V079; V080; V081; V082; V083; V084; V085; V087; V088; V089; V090; V091; V092; V093; V094; V095; V096; V097; V098; V099; V100; V101; V102; V103; V104,Archivo/método necesita verificar alias; referencias en bd-estructura-estatica.json
app/Services/GradeService.php,inscripcion_estudiante,CANDIDATO_WRITER,Livewire/Admin/GestionInscripciones.php; InscripcionAcademica prevención,V001; V003; V004; V005; V007; V008; V010; V012; V014; V016; V017; V018; V019; V020; V022; V023; V024; V025; V027; V028; V029; V030; V031; V032; V033; V034; V035; V036; V037; V038; V039; V040; V041; V042; V044; V046; V047; V048; V051; V052; V053; V054; V055; V058; V059; V060; V061; V062; V063; V064; V065; V066; V067; V068; V070; V071; V072; V073; V074; V075; V076; V077; V078; V079; V080; V081; V082; V083; V084; V085; V087; V088; V089; V090; V091; V092; V093; V094; V095; V096; V097; V098; V099; V100; V101; V102; V103; V104,Archivo/método necesita verificar alias; referencias en bd-estructura-estatica.json
app/Services/InstitutionalDashboardService.php,inscripcion_estudiante,READ_ONLY_REFERENCES,Livewire/Admin/GestionInscripciones.php; InscripcionAcademica prevención,V001; V003; V004; V005; V007; V008; V010; V012; V014; V016; V017; V018; V019; V020; V022; V023; V024; V025; V027; V028; V029; V030; V031; V032; V033; V034; V035; V036; V037; V038; V039; V040; V041; V042; V044; V046; V047; V048; V051; V052; V053; V054; V055; V058; V059; V060; V061; V062; V063; V064; V065; V066; V067; V068; V070; V071; V072; V073; V074; V075; V076; V077; V078; V079; V080; V081; V082; V083; V084; V085; V087; V088; V089; V090; V091; V092; V093; V094; V095; V096; V097; V098; V099; V100; V101; V102; V103; V104,Archivo/método necesita verificar alias; referencias en bd-estructura-estatica.json
app/Services/InstitutionalQueryService.php,inscripcion_estudiante,READ_ONLY_REFERENCES,Livewire/Admin/GestionInscripciones.php; InscripcionAcademica prevención,V001; V003; V004; V005; V007; V008; V010; V012; V014; V016; V017; V018; V019; V020; V022; V023; V024; V025; V027; V028; V029; V030; V031; V032; V033; V034; V035; V036; V037; V038; V039; V040; V041; V042; V044; V046; V047; V048; V051; V052; V053; V054; V055; V058; V059; V060; V061; V062; V063; V064; V065; V066; V067; V068; V070; V071; V072; V073; V074; V075; V076; V077; V078; V079; V080; V081; V082; V083; V084; V085; V087; V088; V089; V090; V091; V092; V093; V094; V095; V096; V097; V098; V099; V100; V101; V102; V103; V104,Archivo/método necesita verificar alias; referencias en bd-estructura-estatica.json
app/Services/Kardex/ScopedKardexRepository.php,inscripcion_estudiante,READ_ONLY_REFERENCES,Livewire/Admin/GestionInscripciones.php; InscripcionAcademica prevención,V001; V003; V004; V005; V007; V008; V010; V012; V014; V016; V017; V018; V019; V020; V022; V023; V024; V025; V027; V028; V029; V030; V031; V032; V033; V034; V035; V036; V037; V038; V039; V040; V041; V042; V044; V046; V047; V048; V051; V052; V053; V054; V055; V058; V059; V060; V061; V062; V063; V064; V065; V066; V067; V068; V070; V071; V072; V073; V074; V075; V076; V077; V078; V079; V080; V081; V082; V083; V084; V085; V087; V088; V089; V090; V091; V092; V093; V094; V095; V096; V097; V098; V099; V100; V101; V102; V103; V104,Archivo/método necesita verificar alias; referencias en bd-estructura-estatica.json
app/Services/RegencyReportService.php,inscripcion_estudiante,READ_ONLY_REFERENCES,Livewire/Admin/GestionInscripciones.php; InscripcionAcademica prevención,V001; V003; V004; V005; V007; V008; V010; V012; V014; V016; V017; V018; V019; V020; V022; V023; V024; V025; V027; V028; V029; V030; V031; V032; V033; V034; V035; V036; V037; V038; V039; V040; V041; V042; V044; V046; V047; V048; V051; V052; V053; V054; V055; V058; V059; V060; V061; V062; V063; V064; V065; V066; V067; V068; V070; V071; V072; V073; V074; V075; V076; V077; V078; V079; V080; V081; V082; V083; V084; V085; V087; V088; V089; V090; V091; V092; V093; V094; V095; V096; V097; V098; V099; V100; V101; V102; V103; V104,Archivo/método necesita verificar alias; referencias en bd-estructura-estatica.json
app/Services/Reportes/DatosReporteAdministrativoService.php,inscripcion_estudiante,READ_ONLY_REFERENCES,Livewire/Admin/GestionInscripciones.php; InscripcionAcademica prevención,V001; V003; V004; V005; V007; V008; V010; V012; V014; V016; V017; V018; V019; V020; V022; V023; V024; V025; V027; V028; V029; V030; V031; V032; V033; V034; V035; V036; V037; V038; V039; V040; V041; V042; V044; V046; V047; V048; V051; V052; V053; V054; V055; V058; V059; V060; V061; V062; V063; V064; V065; V066; V067; V068; V070; V071; V072; V073; V074; V075; V076; V077; V078; V079; V080; V081; V082; V083; V084; V085; V087; V088; V089; V090; V091; V092; V093; V094; V095; V096; V097; V098; V099; V100; V101; V102; V103; V104,Archivo/método necesita verificar alias; referencias en bd-estructura-estatica.json
app/Services/Reportes/DatosReporteAdministrativoService.php,institucion_procedencia,READ_ONLY_REFERENCES,CRUD y Supports comunitarios existentes,V001; V003; V005; V016; V017; V018; V019; V020; V022; V023; V024; V025; V027; V028; V029; V030; V031; V032; V033; V034; V035; V036; V037; V038; V039; V040; V041; V042; V044; V046; V049; V051; V053; V054; V055; V058; V060; V061; V062; V063; V064; V065; V066; V067; V070; V071; V072; V073; V074; V075; V076; V077; V078; V079; V080; V081; V082; V083; V084; V085; V087; V088; V089; V090; V091; V092; V093; V094; V095; V096; V097; V098; V099; V100; V101; V102; V103; V104,Archivo/método necesita verificar alias; referencias en bd-estructura-estatica.json
app/Services/Kardex/ScopedKardexRepository.php,kardex_estados,READ_ONLY_REFERENCES,Futuro KardexService de administración; no escritor actual,V022; V035; V036; V038; V055; V063; V064; V066; V082; V083; V098,Archivo/método necesita verificar alias; referencias en bd-estructura-estatica.json
app/Services/AulaVirtual/MaterialService.php,material_clase,CANDIDATO_WRITER,MaterialService / TareaService,V016; V017; V022; V023; V024; V025; V027; V028; V029; V030; V031; V032; V033; V034; V035; V036; V037; V038; V039; V040; V041; V042; V044; V051; V053; V054; V055; V058; V060; V061; V062; V063; V064; V065; V066; V067; V070; V071; V072; V073; V074; V075; V076; V077; V078; V079; V080; V081; V082; V083; V084; V085; V087; V088; V089; V090; V091; V092; V093; V094; V095; V096; V097; V098; V099; V100; V101; V102; V103; V104,Archivo/método necesita verificar alias; referencias en bd-estructura-estatica.json
app/Services/AcademicGoalService.php,meta_academica_revisiones,CANDIDATO_WRITER,AcademicGoalService,V102,Archivo/método necesita verificar alias; referencias en bd-estructura-estatica.json
app/Services/AcademicGoalService.php,metas_academicas,CANDIDATO_WRITER,AcademicGoalService,V102,Archivo/método necesita verificar alias; referencias en bd-estructura-estatica.json
app/Services/AulaVirtual/CursoVirtualService.php,orientacion_actividades,READ_ONLY_REFERENCES,OrientacionService,V016; V017; V022; V023; V024; V025; V027; V028; V029; V030; V031; V032; V033; V034; V035; V036; V037; V038; V039; V040; V041; V042; V044; V051; V053; V054; V055; V058; V060; V061; V062; V063; V064; V065; V066; V067; V070; V071; V072; V073; V074; V075; V076; V077; V078; V079; V080; V081; V082; V083; V084; V085; V087; V088; V089; V090; V091; V092; V093; V094; V095; V096; V097; V098; V099; V100; V101; V102; V103; V104,Archivo/método necesita verificar alias; referencias en bd-estructura-estatica.json
app/Services/AulaVirtual/OrientacionService.php,orientacion_actividades,CANDIDATO_WRITER,OrientacionService,V016; V017; V022; V023; V024; V025; V027; V028; V029; V030; V031; V032; V033; V034; V035; V036; V037; V038; V039; V040; V041; V042; V044; V051; V053; V054; V055; V058; V060; V061; V062; V063; V064; V065; V066; V067; V070; V071; V072; V073; V074; V075; V076; V077; V078; V079; V080; V081; V082; V083; V084; V085; V087; V088; V089; V090; V091; V092; V093; V094; V095; V096; V097; V098; V099; V100; V101; V102; V103; V104,Archivo/método necesita verificar alias; referencias en bd-estructura-estatica.json
app/Services/AulaVirtual/OrientacionService.php,orientacion_preguntas,CANDIDATO_WRITER,OrientacionService,V084; V099,Archivo/método necesita verificar alias; referencias en bd-estructura-estatica.json
app/Services/AulaVirtual/OrientacionService.php,orientacion_respuestas,CANDIDATO_WRITER,OrientacionService,V016; V017; V022; V024; V025; V027; V028; V035; V036; V038; V042; V044; V054; V055; V058; V063; V064; V066; V067; V070; V071; V072; V073; V074; V075; V076; V077; V078; V079; V080; V081; V082; V083; V084; V085; V087; V088; V089; V090; V091; V092; V093; V094; V095; V096; V097; V098; V099; V100; V101; V102; V103; V104,Archivo/método necesita verificar alias; referencias en bd-estructura-estatica.json
app/Services/AulaVirtual/OrientacionService.php,orientacion_resultados,CANDIDATO_WRITER,OrientacionService,V016; V017; V022; V023; V024; V025; V027; V028; V029; V030; V031; V032; V033; V034; V035; V036; V037; V038; V039; V040; V041; V042; V044; V051; V053; V054; V055; V058; V060; V061; V062; V063; V064; V065; V066; V067; V070; V071; V072; V073; V074; V075; V076; V077; V078; V079; V080; V081; V082; V083; V084; V085; V087; V088; V089; V090; V091; V092; V093; V094; V095; V096; V097; V098; V099; V100; V101; V102; V103; V104,Archivo/método necesita verificar alias; referencias en bd-estructura-estatica.json
app/Services/InstitutionalQueryService.php,orientacion_resultados,READ_ONLY_REFERENCES,OrientacionService,V016; V017; V022; V023; V024; V025; V027; V028; V029; V030; V031; V032; V033; V034; V035; V036; V037; V038; V039; V040; V041; V042; V044; V051; V053; V054; V055; V058; V060; V061; V062; V063; V064; V065; V066; V067; V070; V071; V072; V073; V074; V075; V076; V077; V078; V079; V080; V081; V082; V083; V084; V085; V087; V088; V089; V090; V091; V092; V093; V094; V095; V096; V097; V098; V099; V100; V101; V102; V103; V104,Archivo/método necesita verificar alias; referencias en bd-estructura-estatica.json
app/Services/InstitutionalQueryService.php,paralelo,READ_ONLY_REFERENCES,CRUD existente; TurnoInteligente actualmente también escribe,V001; V004; V005; V006; V008; V010; V012; V014; V016; V017; V019; V021; V022; V023; V024; V025; V027; V028; V029; V030; V031; V032; V033; V034; V035; V036; V037; V038; V039; V040; V041; V042; V044; V046; V047; V051; V052; V053; V054; V055; V058; V060; V061; V062; V063; V064; V065; V066; V067; V068; V070; V072; V073; V074; V075; V076; V077; V078; V079; V080; V081; V082; V083; V087; V089; V090; V091; V092; V093; V094; V095; V096; V098,Archivo/método necesita verificar alias; referencias en bd-estructura-estatica.json
app/Services/Reportes/DatosReporteAcademicoService.php,paralelo,READ_ONLY_REFERENCES,CRUD existente; TurnoInteligente actualmente también escribe,V001; V004; V005; V006; V008; V010; V012; V014; V016; V017; V019; V021; V022; V023; V024; V025; V027; V028; V029; V030; V031; V032; V033; V034; V035; V036; V037; V038; V039; V040; V041; V042; V044; V046; V047; V051; V052; V053; V054; V055; V058; V060; V061; V062; V063; V064; V065; V066; V067; V068; V070; V072; V073; V074; V075; V076; V077; V078; V079; V080; V081; V082; V083; V087; V089; V090; V091; V092; V093; V094; V095; V096; V098,Archivo/método necesita verificar alias; referencias en bd-estructura-estatica.json
app/Services/Reportes/DatosReporteAdministrativoService.php,paralelo,READ_ONLY_REFERENCES,CRUD existente; TurnoInteligente actualmente también escribe,V001; V004; V005; V006; V008; V010; V012; V014; V016; V017; V019; V021; V022; V023; V024; V025; V027; V028; V029; V030; V031; V032; V033; V034; V035; V036; V037; V038; V039; V040; V041; V042; V044; V046; V047; V051; V052; V053; V054; V055; V058; V060; V061; V062; V063; V064; V065; V066; V067; V068; V070; V072; V073; V074; V075; V076; V077; V078; V079; V080; V081; V082; V083; V087; V089; V090; V091; V092; V093; V094; V095; V096; V098,Archivo/método necesita verificar alias; referencias en bd-estructura-estatica.json
app/Services/GradeService.php,periodo_evaluacion,CANDIDATO_WRITER,CRUD Período; GradeService lectura,V001; V007; V015; V017; V018; V019; V022; V023; V024; V025; V027; V028; V029; V030; V031; V032; V033; V034; V035; V036; V037; V038; V039; V040; V041; V044; V051; V053; V055; V058; V060; V061; V062; V063; V064; V065; V066; V068; V070; V072; V073; V074; V075; V076; V077; V078; V079; V080; V082; V083; V087; V089; V090; V091; V092; V093; V094; V095; V097; V098; V100; V101,Archivo/método necesita verificar alias; referencias en bd-estructura-estatica.json
app/Services/Reportes/DatosReporteAcademicoService.php,periodo_evaluacion,READ_ONLY_REFERENCES,CRUD Período; GradeService lectura,V001; V007; V015; V017; V018; V019; V022; V023; V024; V025; V027; V028; V029; V030; V031; V032; V033; V034; V035; V036; V037; V038; V039; V040; V041; V044; V051; V053; V055; V058; V060; V061; V062; V063; V064; V065; V066; V068; V070; V072; V073; V074; V075; V076; V077; V078; V079; V080; V082; V083; V087; V089; V090; V091; V092; V093; V094; V095; V097; V098; V100; V101,Archivo/método necesita verificar alias; referencias en bd-estructura-estatica.json
app/Services/Reportes/DatosReporteAdministrativoService.php,periodo_evaluacion,READ_ONLY_REFERENCES,CRUD Período; GradeService lectura,V001; V007; V015; V017; V018; V019; V022; V023; V024; V025; V027; V028; V029; V030; V031; V032; V033; V034; V035; V036; V037; V038; V039; V040; V041; V044; V051; V053; V055; V058; V060; V061; V062; V063; V064; V065; V066; V068; V070; V072; V073; V074; V075; V076; V077; V078; V079; V080; V082; V083; V087; V089; V090; V091; V092; V093; V094; V095; V097; V098; V100; V101,Archivo/método necesita verificar alias; referencias en bd-estructura-estatica.json
app/Services/InstitutionalDashboardService.php,persona,READ_ONLY_REFERENCES,Livewire Gestión Personas; PersonaInteligente prevención,V001; V002; V003; V005; V008; V012; V016; V017; V018; V019; V020; V021; V022; V023; V024; V025; V027; V028; V029; V030; V031; V032; V033; V034; V035; V036; V037; V038; V039; V040; V041; V042; V044; V045; V046; V047; V048; V051; V053; V054; V055; V056; V058; V059; V060; V061; V062; V063; V064; V065; V066; V067; V068; V070; V071; V072; V073; V074; V075; V076; V077; V078; V079; V080; V081; V082; V083; V084; V085; V087; V088; V089; V090; V091; V092; V093; V094; V095; V096; V097; V098; V099; V100; V101; V102; V103; V104,Archivo/método necesita verificar alias; referencias en bd-estructura-estatica.json
app/Services/OperationalAccountService.php,persona,CANDIDATO_WRITER,Livewire Gestión Personas; PersonaInteligente prevención,V001; V002; V003; V005; V008; V012; V016; V017; V018; V019; V020; V021; V022; V023; V024; V025; V027; V028; V029; V030; V031; V032; V033; V034; V035; V036; V037; V038; V039; V040; V041; V042; V044; V045; V046; V047; V048; V051; V053; V054; V055; V056; V058; V059; V060; V061; V062; V063; V064; V065; V066; V067; V068; V070; V071; V072; V073; V074; V075; V076; V077; V078; V079; V080; V081; V082; V083; V084; V085; V087; V088; V089; V090; V091; V092; V093; V094; V095; V096; V097; V098; V099; V100; V101; V102; V103; V104,Archivo/método necesita verificar alias; referencias en bd-estructura-estatica.json
app/Services/Reportes/DatosReporteAdministrativoService.php,personal_institucional,READ_ONLY_REFERENCES,app/Livewire/Admin/PersonalInstitucional.php,V001; V003; V004; V006; V008; V014; V016; V017; V019; V020; V022; V023; V024; V025; V027; V028; V029; V030; V031; V032; V033; V034; V035; V036; V037; V038; V039; V040; V041; V042; V044; V051; V053; V054; V055; V058; V059; V060; V061; V062; V063; V064; V065; V066; V067; V070; V071; V072; V073; V074; V075; V076; V077; V078; V079; V080; V081; V082; V083; V084; V085; V087; V088; V089; V090; V091; V092; V093; V094; V095; V096; V097; V098; V099; V100; V101; V102; V103; V104,Archivo/método necesita verificar alias; referencias en bd-estructura-estatica.json
app/Services/AcademicAccessService.php,plan_asignatura,READ_ONLY_REFERENCES,CRUD de planes; PlanAsignaturaInteligente prevención,V001; V003; V004; V005; V006; V007; V008; V009; V010; V014; V016; V017; V018; V019; V020; V022; V023; V024; V025; V027; V028; V029; V030; V031; V032; V033; V034; V035; V036; V037; V038; V039; V040; V041; V042; V044; V046; V051; V052; V053; V054; V055; V058; V059; V060; V061; V062; V063; V064; V065; V066; V067; V068; V070; V071; V072; V073; V074; V075; V076; V077; V078; V079; V080; V081; V082; V083; V084; V085; V087; V088; V089; V090; V091; V092; V093; V094; V095; V096; V097; V098; V099; V100; V101; V102; V103; V104,Archivo/método necesita verificar alias; referencias en bd-estructura-estatica.json
app/Services/CalendarService.php,plan_asignatura,READ_ONLY_REFERENCES,CRUD de planes; PlanAsignaturaInteligente prevención,V001; V003; V004; V005; V006; V007; V008; V009; V010; V014; V016; V017; V018; V019; V020; V022; V023; V024; V025; V027; V028; V029; V030; V031; V032; V033; V034; V035; V036; V037; V038; V039; V040; V041; V042; V044; V046; V051; V052; V053; V054; V055; V058; V059; V060; V061; V062; V063; V064; V065; V066; V067; V068; V070; V071; V072; V073; V074; V075; V076; V077; V078; V079; V080; V081; V082; V083; V084; V085; V087; V088; V089; V090; V091; V092; V093; V094; V095; V096; V097; V098; V099; V100; V101; V102; V103; V104,Archivo/método necesita verificar alias; referencias en bd-estructura-estatica.json
app/Services/GradeService.php,plan_asignatura,CANDIDATO_WRITER,CRUD de planes; PlanAsignaturaInteligente prevención,V001; V003; V004; V005; V006; V007; V008; V009; V010; V014; V016; V017; V018; V019; V020; V022; V023; V024; V025; V027; V028; V029; V030; V031; V032; V033; V034; V035; V036; V037; V038; V039; V040; V041; V042; V044; V046; V051; V052; V053; V054; V055; V058; V059; V060; V061; V062; V063; V064; V065; V066; V067; V068; V070; V071; V072; V073; V074; V075; V076; V077; V078; V079; V080; V081; V082; V083; V084; V085; V087; V088; V089; V090; V091; V092; V093; V094; V095; V096; V097; V098; V099; V100; V101; V102; V103; V104,Archivo/método necesita verificar alias; referencias en bd-estructura-estatica.json
app/Services/RegencyReportService.php,plan_asignatura,READ_ONLY_REFERENCES,CRUD de planes; PlanAsignaturaInteligente prevención,V001; V003; V004; V005; V006; V007; V008; V009; V010; V014; V016; V017; V018; V019; V020; V022; V023; V024; V025; V027; V028; V029; V030; V031; V032; V033; V034; V035; V036; V037; V038; V039; V040; V041; V042; V044; V046; V051; V052; V053; V054; V055; V058; V059; V060; V061; V062; V063; V064; V065; V066; V067; V068; V070; V071; V072; V073; V074; V075; V076; V077; V078; V079; V080; V081; V082; V083; V084; V085; V087; V088; V089; V090; V091; V092; V093; V094; V095; V096; V097; V098; V099; V100; V101; V102; V103; V104,Archivo/método necesita verificar alias; referencias en bd-estructura-estatica.json
app/Services/InstitutionalQueryService.php,plantilla_horaria,READ_ONLY_REFERENCES,Gestión Horarios; Gestión Turnos / TurnoInteligente,V008; V011; V012; V023; V029; V030; V031; V032; V033; V034; V037; V039; V040; V041; V047; V051; V053; V060; V061; V062; V065,Archivo/método necesita verificar alias; referencias en bd-estructura-estatica.json
app/Services/AulaVirtual/PublicacionService.php,publicacion_clase,CANDIDATO_WRITER,PublicacionService,V016; V017; V022; V023; V024; V025; V027; V028; V029; V030; V031; V032; V033; V034; V035; V036; V037; V038; V039; V040; V041; V042; V044; V051; V053; V054; V055; V058; V060; V061; V062; V063; V064; V065; V066; V067; V070; V071; V072; V073; V074; V075; V076; V077; V078; V079; V080; V081; V082; V083; V084; V085; V087; V088; V089; V090; V091; V092; V093; V094; V095; V096; V097; V098; V099; V100; V101; V102; V103; V104,Archivo/método necesita verificar alias; referencias en bd-estructura-estatica.json
app/Services/AcademicAccessService.php,regente,READ_ONLY_REFERENCES,CRUD de personal / RegencyAccessService lectura,V001; V002; V003; V016; V017; V020; V022; V023; V024; V025; V027; V028; V029; V030; V031; V032; V033; V034; V035; V036; V037; V038; V039; V040; V041; V042; V044; V045; V048; V051; V053; V054; V055; V058; V059; V060; V061; V062; V063; V064; V065; V066; V067; V068; V070; V071; V072; V073; V074; V075; V076; V077; V078; V079; V080; V081; V082; V083; V084; V085; V087; V088; V089; V090; V091; V092; V093; V094; V095; V096; V097; V098; V099; V100; V101; V102; V103; V104,Archivo/método necesita verificar alias; referencias en bd-estructura-estatica.json
app/Services/CalendarService.php,regente,READ_ONLY_REFERENCES,CRUD de personal / RegencyAccessService lectura,V001; V002; V003; V016; V017; V020; V022; V023; V024; V025; V027; V028; V029; V030; V031; V032; V033; V034; V035; V036; V037; V038; V039; V040; V041; V042; V044; V045; V048; V051; V053; V054; V055; V058; V059; V060; V061; V062; V063; V064; V065; V066; V067; V068; V070; V071; V072; V073; V074; V075; V076; V077; V078; V079; V080; V081; V082; V083; V084; V085; V087; V088; V089; V090; V091; V092; V093; V094; V095; V096; V097; V098; V099; V100; V101; V102; V103; V104,Archivo/método necesita verificar alias; referencias en bd-estructura-estatica.json
app/Services/InstitutionalDashboardService.php,regente,READ_ONLY_REFERENCES,CRUD de personal / RegencyAccessService lectura,V001; V002; V003; V016; V017; V020; V022; V023; V024; V025; V027; V028; V029; V030; V031; V032; V033; V034; V035; V036; V037; V038; V039; V040; V041; V042; V044; V045; V048; V051; V053; V054; V055; V058; V059; V060; V061; V062; V063; V064; V065; V066; V067; V068; V070; V071; V072; V073; V074; V075; V076; V077; V078; V079; V080; V081; V082; V083; V084; V085; V087; V088; V089; V090; V091; V092; V093; V094; V095; V096; V097; V098; V099; V100; V101; V102; V103; V104,Archivo/método necesita verificar alias; referencias en bd-estructura-estatica.json
app/Services/InstitutionalQueryService.php,regente,READ_ONLY_REFERENCES,CRUD de personal / RegencyAccessService lectura,V001; V002; V003; V016; V017; V020; V022; V023; V024; V025; V027; V028; V029; V030; V031; V032; V033; V034; V035; V036; V037; V038; V039; V040; V041; V042; V044; V045; V048; V051; V053; V054; V055; V058; V059; V060; V061; V062; V063; V064; V065; V066; V067; V068; V070; V071; V072; V073; V074; V075; V076; V077; V078; V079; V080; V081; V082; V083; V084; V085; V087; V088; V089; V090; V091; V092; V093; V094; V095; V096; V097; V098; V099; V100; V101; V102; V103; V104,Archivo/método necesita verificar alias; referencias en bd-estructura-estatica.json
app/Services/Kardex/ScopedKardexRepository.php,regente,READ_ONLY_REFERENCES,CRUD de personal / RegencyAccessService lectura,V001; V002; V003; V016; V017; V020; V022; V023; V024; V025; V027; V028; V029; V030; V031; V032; V033; V034; V035; V036; V037; V038; V039; V040; V041; V042; V044; V045; V048; V051; V053; V054; V055; V058; V059; V060; V061; V062; V063; V064; V065; V066; V067; V068; V070; V071; V072; V073; V074; V075; V076; V077; V078; V079; V080; V081; V082; V083; V084; V085; V087; V088; V089; V090; V091; V092; V093; V094; V095; V096; V097; V098; V099; V100; V101; V102; V103; V104,Archivo/método necesita verificar alias; referencias en bd-estructura-estatica.json
app/Services/RegencyAccessService.php,regente,CANDIDATO_WRITER,CRUD de personal / RegencyAccessService lectura,V001; V002; V003; V016; V017; V020; V022; V023; V024; V025; V027; V028; V029; V030; V031; V032; V033; V034; V035; V036; V037; V038; V039; V040; V041; V042; V044; V045; V048; V051; V053; V054; V055; V058; V059; V060; V061; V062; V063; V064; V065; V066; V067; V068; V070; V071; V072; V073; V074; V075; V076; V077; V078; V079; V080; V081; V082; V083; V084; V085; V087; V088; V089; V090; V091; V092; V093; V094; V095; V096; V097; V098; V099; V100; V101; V102; V103; V104,Archivo/método necesita verificar alias; referencias en bd-estructura-estatica.json
app/Services/RegencyReportService.php,regente,READ_ONLY_REFERENCES,CRUD de personal / RegencyAccessService lectura,V001; V002; V003; V016; V017; V020; V022; V023; V024; V025; V027; V028; V029; V030; V031; V032; V033; V034; V035; V036; V037; V038; V039; V040; V041; V042; V044; V045; V048; V051; V053; V054; V055; V058; V059; V060; V061; V062; V063; V064; V065; V066; V067; V068; V070; V071; V072; V073; V074; V075; V076; V077; V078; V079; V080; V081; V082; V083; V084; V085; V087; V088; V089; V090; V091; V092; V093; V094; V095; V096; V097; V098; V099; V100; V101; V102; V103; V104,Archivo/método necesita verificar alias; referencias en bd-estructura-estatica.json
app/Services/RoleDashboardResolver.php,regente,READ_ONLY_REFERENCES,CRUD de personal / RegencyAccessService lectura,V001; V002; V003; V016; V017; V020; V022; V023; V024; V025; V027; V028; V029; V030; V031; V032; V033; V034; V035; V036; V037; V038; V039; V040; V041; V042; V044; V045; V048; V051; V053; V054; V055; V058; V059; V060; V061; V062; V063; V064; V065; V066; V067; V068; V070; V071; V072; V073; V074; V075; V076; V077; V078; V079; V080; V081; V082; V083; V084; V085; V087; V088; V089; V090; V091; V092; V093; V094; V095; V096; V097; V098; V099; V100; V101; V102; V103; V104,Archivo/método necesita verificar alias; referencias en bd-estructura-estatica.json
app/Services/StudentContextService.php,regente,READ_ONLY_REFERENCES,CRUD de personal / RegencyAccessService lectura,V001; V002; V003; V016; V017; V020; V022; V023; V024; V025; V027; V028; V029; V030; V031; V032; V033; V034; V035; V036; V037; V038; V039; V040; V041; V042; V044; V045; V048; V051; V053; V054; V055; V058; V059; V060; V061; V062; V063; V064; V065; V066; V067; V068; V070; V071; V072; V073; V074; V075; V076; V077; V078; V079; V080; V081; V082; V083; V084; V085; V087; V088; V089; V090; V091; V092; V093; V094; V095; V096; V097; V098; V099; V100; V101; V102; V103; V104,Archivo/método necesita verificar alias; referencias en bd-estructura-estatica.json
app/Services/RegencyAccessService.php,regente_asignaciones,CANDIDATO_WRITER,Administración de alcances; RegencyAccessService lectura,V059,Archivo/método necesita verificar alias; referencias en bd-estructura-estatica.json
app/Services/HistoricalReportAccessService.php,reportes_generados,READ_ONLY_REFERENCES,Servicios Reportes y controllers existentes,V023; V029; V030; V031; V032; V033; V034; V037; V039; V040; V041; V051; V053; V056; V060; V061; V062; V065,Archivo/método necesita verificar alias; referencias en bd-estructura-estatica.json
app/Services/InstitutionalQueryService.php,reportes_generados,READ_ONLY_REFERENCES,Servicios Reportes y controllers existentes,V023; V029; V030; V031; V032; V033; V034; V037; V039; V040; V041; V051; V053; V056; V060; V061; V062; V065,Archivo/método necesita verificar alias; referencias en bd-estructura-estatica.json
app/Services/InstitutionalDocumentAnalyzer.php,role_requests,READ_ONLY_REFERENCES,RoleRequestService; RolePermissionService crea Role,V020,Archivo/método necesita verificar alias; referencias en bd-estructura-estatica.json
app/Services/RoleRequestService.php,role_requests,CANDIDATO_WRITER,RoleRequestService; RolePermissionService crea Role,V020,Archivo/método necesita verificar alias; referencias en bd-estructura-estatica.json
app/Services/OperationalAccountService.php,roles,CANDIDATO_WRITER,RolePermissionService; Spatie; seeders solo futuros autorizados,V001; V003; V016; V017; V020; V022; V024; V025; V027; V028; V035; V036; V038; V042; V044; V048; V054; V055; V058; V063; V064; V066; V067; V070; V071; V072; V073; V074; V075; V076; V077; V078; V079; V080; V081; V082; V083; V084; V085; V087; V088; V089; V090; V091; V092; V093; V094; V095; V096; V097; V098; V099; V100; V101; V102; V103; V104,Archivo/método necesita verificar alias; referencias en bd-estructura-estatica.json
app/Services/RoleDashboardResolver.php,roles,READ_ONLY_REFERENCES,RolePermissionService; Spatie; seeders solo futuros autorizados,V001; V003; V016; V017; V020; V022; V024; V025; V027; V028; V035; V036; V038; V042; V044; V048; V054; V055; V058; V063; V064; V066; V067; V070; V071; V072; V073; V074; V075; V076; V077; V078; V079; V080; V081; V082; V083; V084; V085; V087; V088; V089; V090; V091; V092; V093; V094; V095; V096; V097; V098; V099; V100; V101; V102; V103; V104,Archivo/método necesita verificar alias; referencias en bd-estructura-estatica.json
app/Services/RolePermissionService.php,roles,CANDIDATO_WRITER,RolePermissionService; Spatie; seeders solo futuros autorizados,V001; V003; V016; V017; V020; V022; V024; V025; V027; V028; V035; V036; V038; V042; V044; V048; V054; V055; V058; V063; V064; V066; V067; V070; V071; V072; V073; V074; V075; V076; V077; V078; V079; V080; V081; V082; V083; V084; V085; V087; V088; V089; V090; V091; V092; V093; V094; V095; V096; V097; V098; V099; V100; V101; V102; V103; V104,Archivo/método necesita verificar alias; referencias en bd-estructura-estatica.json
app/Services/RoleRequestService.php,roles,CANDIDATO_WRITER,RolePermissionService; Spatie; seeders solo futuros autorizados,V001; V003; V016; V017; V020; V022; V024; V025; V027; V028; V035; V036; V038; V042; V044; V048; V054; V055; V058; V063; V064; V066; V067; V070; V071; V072; V073; V074; V075; V076; V077; V078; V079; V080; V081; V082; V083; V084; V085; V087; V088; V089; V090; V091; V092; V093; V094; V095; V096; V097; V098; V099; V100; V101; V102; V103; V104,Archivo/método necesita verificar alias; referencias en bd-estructura-estatica.json
app/Services/Kardex/ScopedKardexRepository.php,seguimiento_academico,READ_ONLY_REFERENCES,ScopedKardexRepository lectura futura; KardexService escritura pendiente,V022; V035; V036; V038; V055; V063; V064; V066; V082; V083; V098,Archivo/método necesita verificar alias; referencias en bd-estructura-estatica.json
app/Services/AulaVirtual/CursoVirtualService.php,tarea,READ_ONLY_REFERENCES,TareaService,V007; V016; V017; V022; V023; V024; V025; V027; V028; V029; V030; V031; V032; V033; V034; V035; V036; V037; V038; V039; V040; V041; V042; V044; V051; V053; V054; V055; V058; V060; V061; V062; V063; V064; V065; V066; V067; V070; V071; V072; V073; V074; V075; V076; V077; V078; V079; V080; V081; V082; V083; V084; V085; V087; V088; V089; V090; V091; V092; V093; V094; V095; V096; V097; V098; V099; V100; V101; V102; V103; V104,Archivo/método necesita verificar alias; referencias en bd-estructura-estatica.json
app/Services/AulaVirtual/EntregaService.php,tarea,CANDIDATO_WRITER,TareaService,V007; V016; V017; V022; V023; V024; V025; V027; V028; V029; V030; V031; V032; V033; V034; V035; V036; V037; V038; V039; V040; V041; V042; V044; V051; V053; V054; V055; V058; V060; V061; V062; V063; V064; V065; V066; V067; V070; V071; V072; V073; V074; V075; V076; V077; V078; V079; V080; V081; V082; V083; V084; V085; V087; V088; V089; V090; V091; V092; V093; V094; V095; V096; V097; V098; V099; V100; V101; V102; V103; V104,Archivo/método necesita verificar alias; referencias en bd-estructura-estatica.json
app/Services/AulaVirtual/TareaService.php,tarea,CANDIDATO_WRITER,TareaService,V007; V016; V017; V022; V023; V024; V025; V027; V028; V029; V030; V031; V032; V033; V034; V035; V036; V037; V038; V039; V040; V041; V042; V044; V051; V053; V054; V055; V058; V060; V061; V062; V063; V064; V065; V066; V067; V070; V071; V072; V073; V074; V075; V076; V077; V078; V079; V080; V081; V082; V083; V084; V085; V087; V088; V089; V090; V091; V092; V093; V094; V095; V096; V097; V098; V099; V100; V101; V102; V103; V104,Archivo/método necesita verificar alias; referencias en bd-estructura-estatica.json
app/Services/CalendarService.php,tarea,READ_ONLY_REFERENCES,TareaService,V007; V016; V017; V022; V023; V024; V025; V027; V028; V029; V030; V031; V032; V033; V034; V035; V036; V037; V038; V039; V040; V041; V042; V044; V051; V053; V054; V055; V058; V060; V061; V062; V063; V064; V065; V066; V067; V070; V071; V072; V073; V074; V075; V076; V077; V078; V079; V080; V081; V082; V083; V084; V085; V087; V088; V089; V090; V091; V092; V093; V094; V095; V096; V097; V098; V099; V100; V101; V102; V103; V104,Archivo/método necesita verificar alias; referencias en bd-estructura-estatica.json
app/Services/AulaVirtual/TareaService.php,tarea_material,CANDIDATO_WRITER,MaterialService / TareaService,V016; V017; V022; V024; V025; V027; V028; V035; V036; V038; V042; V044; V054; V055; V058; V063; V064; V066; V067; V070; V071; V072; V073; V074; V075; V076; V077; V078; V079; V080; V081; V082; V083; V084; V085; V087; V088; V089; V090; V091; V092; V093; V094; V095; V096; V097; V098; V099; V100; V101; V102; V103; V104,Archivo/método necesita verificar alias; referencias en bd-estructura-estatica.json
app/Services/Reportes/DatosReporteAdministrativoService.php,tipo_vinculacion_estudiante,READ_ONLY_REFERENCES,CRUD y Supports comunitarios existentes,V001; V003; V005; V016; V017; V018; V019; V020; V022; V023; V024; V025; V027; V028; V029; V030; V031; V032; V033; V034; V035; V036; V037; V038; V039; V040; V041; V042; V044; V046; V050; V051; V053; V054; V055; V058; V060; V061; V062; V063; V064; V065; V066; V067; V070; V071; V072; V073; V074; V075; V076; V077; V078; V079; V080; V081; V082; V083; V084; V085; V087; V088; V089; V090; V091; V092; V093; V094; V095; V096; V097; V098; V099; V100; V101; V102; V103; V104,Archivo/método necesita verificar alias; referencias en bd-estructura-estatica.json
app/Services/InstitutionalQueryService.php,turno,READ_ONLY_REFERENCES,CRUD existente; TurnoInteligente actualmente también escribe,V001; V004; V005; V006; V008; V011; V012; V014; V016; V017; V019; V022; V023; V024; V025; V027; V028; V029; V030; V031; V032; V033; V034; V035; V036; V037; V038; V039; V040; V041; V042; V044; V046; V047; V051; V053; V054; V055; V058; V060; V061; V062; V063; V064; V065; V066; V067; V068; V070; V072; V073; V074; V075; V076; V077; V078; V079; V080; V081; V082; V083; V087; V089; V090; V091; V092; V093; V094; V095; V096; V098,Archivo/método necesita verificar alias; referencias en bd-estructura-estatica.json
app/Services/Reportes/DatosReporteAdministrativoService.php,turno,READ_ONLY_REFERENCES,CRUD existente; TurnoInteligente actualmente también escribe,V001; V004; V005; V006; V008; V011; V012; V014; V016; V017; V019; V022; V023; V024; V025; V027; V028; V029; V030; V031; V032; V033; V034; V035; V036; V037; V038; V039; V040; V041; V042; V044; V046; V047; V051; V053; V054; V055; V058; V060; V061; V062; V063; V064; V065; V066; V067; V068; V070; V072; V073; V074; V075; V076; V077; V078; V079; V080; V081; V082; V083; V087; V089; V090; V091; V092; V093; V094; V095; V096; V098,Archivo/método necesita verificar alias; referencias en bd-estructura-estatica.json
app/Services/AulaVirtual/UnitContentService.php,unidades_clase,READ_ONLY_REFERENCES,UnitContentService lectura; edición futura,V072; V073; V074; V075; V076; V077; V078; V079; V080; V089; V090; V091; V092; V093; V094; V095,Archivo/método necesita verificar alias; referencias en bd-estructura-estatica.json
app/Services/AcademicAccessService.php,users,READ_ONLY_REFERENCES,OperationalAccountService / Fortify / CRUD administrativo,V001; V002; V003; V004; V005; V009; V010; V012; V014; V016; V017; V019; V020; V021; V022; V023; V024; V025; V027; V028; V029; V030; V031; V032; V033; V034; V035; V036; V037; V038; V039; V040; V041; V042; V044; V045; V046; V047; V048; V051; V052; V053; V054; V055; V056; V058; V059; V060; V061; V062; V063; V064; V065; V066; V067; V068; V070; V071; V072; V073; V074; V075; V076; V077; V078; V079; V080; V081; V082; V083; V084; V085; V087; V088; V089; V090; V091; V092; V093; V094; V095; V096; V097; V098; V099; V100; V101; V102; V103; V104,Archivo/método necesita verificar alias; referencias en bd-estructura-estatica.json
app/Services/AcademicGoalService.php,users,CANDIDATO_WRITER,OperationalAccountService / Fortify / CRUD administrativo,V001; V002; V003; V004; V005; V009; V010; V012; V014; V016; V017; V019; V020; V021; V022; V023; V024; V025; V027; V028; V029; V030; V031; V032; V033; V034; V035; V036; V037; V038; V039; V040; V041; V042; V044; V045; V046; V047; V048; V051; V052; V053; V054; V055; V056; V058; V059; V060; V061; V062; V063; V064; V065; V066; V067; V068; V070; V071; V072; V073; V074; V075; V076; V077; V078; V079; V080; V081; V082; V083; V084; V085; V087; V088; V089; V090; V091; V092; V093; V094; V095; V096; V097; V098; V099; V100; V101; V102; V103; V104,Archivo/método necesita verificar alias; referencias en bd-estructura-estatica.json
app/Services/AulaVirtual/AsistenciaService.php,users,CANDIDATO_WRITER,OperationalAccountService / Fortify / CRUD administrativo,V001; V002; V003; V004; V005; V009; V010; V012; V014; V016; V017; V019; V020; V021; V022; V023; V024; V025; V027; V028; V029; V030; V031; V032; V033; V034; V035; V036; V037; V038; V039; V040; V041; V042; V044; V045; V046; V047; V048; V051; V052; V053; V054; V055; V056; V058; V059; V060; V061; V062; V063; V064; V065; V066; V067; V068; V070; V071; V072; V073; V074; V075; V076; V077; V078; V079; V080; V081; V082; V083; V084; V085; V087; V088; V089; V090; V091; V092; V093; V094; V095; V096; V097; V098; V099; V100; V101; V102; V103; V104,Archivo/método necesita verificar alias; referencias en bd-estructura-estatica.json
app/Services/AulaVirtual/CursoVirtualService.php,users,READ_ONLY_REFERENCES,OperationalAccountService / Fortify / CRUD administrativo,V001; V002; V003; V004; V005; V009; V010; V012; V014; V016; V017; V019; V020; V021; V022; V023; V024; V025; V027; V028; V029; V030; V031; V032; V033; V034; V035; V036; V037; V038; V039; V040; V041; V042; V044; V045; V046; V047; V048; V051; V052; V053; V054; V055; V056; V058; V059; V060; V061; V062; V063; V064; V065; V066; V067; V068; V070; V071; V072; V073; V074; V075; V076; V077; V078; V079; V080; V081; V082; V083; V084; V085; V087; V088; V089; V090; V091; V092; V093; V094; V095; V096; V097; V098; V099; V100; V101; V102; V103; V104,Archivo/método necesita verificar alias; referencias en bd-estructura-estatica.json
app/Services/AulaVirtual/MaterialService.php,users,CANDIDATO_WRITER,OperationalAccountService / Fortify / CRUD administrativo,V001; V002; V003; V004; V005; V009; V010; V012; V014; V016; V017; V019; V020; V021; V022; V023; V024; V025; V027; V028; V029; V030; V031; V032; V033; V034; V035; V036; V037; V038; V039; V040; V041; V042; V044; V045; V046; V047; V048; V051; V052; V053; V054; V055; V056; V058; V059; V060; V061; V062; V063; V064; V065; V066; V067; V068; V070; V071; V072; V073; V074; V075; V076; V077; V078; V079; V080; V081; V082; V083; V084; V085; V087; V088; V089; V090; V091; V092; V093; V094; V095; V096; V097; V098; V099; V100; V101; V102; V103; V104,Archivo/método necesita verificar alias; referencias en bd-estructura-estatica.json
app/Services/AulaVirtual/OrientacionService.php,users,CANDIDATO_WRITER,OperationalAccountService / Fortify / CRUD administrativo,V001; V002; V003; V004; V005; V009; V010; V012; V014; V016; V017; V019; V020; V021; V022; V023; V024; V025; V027; V028; V029; V030; V031; V032; V033; V034; V035; V036; V037; V038; V039; V040; V041; V042; V044; V045; V046; V047; V048; V051; V052; V053; V054; V055; V056; V058; V059; V060; V061; V062; V063; V064; V065; V066; V067; V068; V070; V071; V072; V073; V074; V075; V076; V077; V078; V079; V080; V081; V082; V083; V084; V085; V087; V088; V089; V090; V091; V092; V093; V094; V095; V096; V097; V098; V099; V100; V101; V102; V103; V104,Archivo/método necesita verificar alias; referencias en bd-estructura-estatica.json
app/Services/AulaVirtual/UnitContentService.php,users,READ_ONLY_REFERENCES,OperationalAccountService / Fortify / CRUD administrativo,V001; V002; V003; V004; V005; V009; V010; V012; V014; V016; V017; V019; V020; V021; V022; V023; V024; V025; V027; V028; V029; V030; V031; V032; V033; V034; V035; V036; V037; V038; V039; V040; V041; V042; V044; V045; V046; V047; V048; V051; V052; V053; V054; V055; V056; V058; V059; V060; V061; V062; V063; V064; V065; V066; V067; V068; V070; V071; V072; V073; V074; V075; V076; V077; V078; V079; V080; V081; V082; V083; V084; V085; V087; V088; V089; V090; V091; V092; V093; V094; V095; V096; V097; V098; V099; V100; V101; V102; V103; V104,Archivo/método necesita verificar alias; referencias en bd-estructura-estatica.json
app/Services/CalendarService.php,users,READ_ONLY_REFERENCES,OperationalAccountService / Fortify / CRUD administrativo,V001; V002; V003; V004; V005; V009; V010; V012; V014; V016; V017; V019; V020; V021; V022; V023; V024; V025; V027; V028; V029; V030; V031; V032; V033; V034; V035; V036; V037; V038; V039; V040; V041; V042; V044; V045; V046; V047; V048; V051; V052; V053; V054; V055; V056; V058; V059; V060; V061; V062; V063; V064; V065; V066; V067; V068; V070; V071; V072; V073; V074; V075; V076; V077; V078; V079; V080; V081; V082; V083; V084; V085; V087; V088; V089; V090; V091; V092; V093; V094; V095; V096; V097; V098; V099; V100; V101; V102; V103; V104,Archivo/método necesita verificar alias; referencias en bd-estructura-estatica.json
app/Services/GradeService.php,users,CANDIDATO_WRITER,OperationalAccountService / Fortify / CRUD administrativo,V001; V002; V003; V004; V005; V009; V010; V012; V014; V016; V017; V019; V020; V021; V022; V023; V024; V025; V027; V028; V029; V030; V031; V032; V033; V034; V035; V036; V037; V038; V039; V040; V041; V042; V044; V045; V046; V047; V048; V051; V052; V053; V054; V055; V056; V058; V059; V060; V061; V062; V063; V064; V065; V066; V067; V068; V070; V071; V072; V073; V074; V075; V076; V077; V078; V079; V080; V081; V082; V083; V084; V085; V087; V088; V089; V090; V091; V092; V093; V094; V095; V096; V097; V098; V099; V100; V101; V102; V103; V104,Archivo/método necesita verificar alias; referencias en bd-estructura-estatica.json
app/Services/HistoricalReportAccessService.php,users,READ_ONLY_REFERENCES,OperationalAccountService / Fortify / CRUD administrativo,V001; V002; V003; V004; V005; V009; V010; V012; V014; V016; V017; V019; V020; V021; V022; V023; V024; V025; V027; V028; V029; V030; V031; V032; V033; V034; V035; V036; V037; V038; V039; V040; V041; V042; V044; V045; V046; V047; V048; V051; V052; V053; V054; V055; V056; V058; V059; V060; V061; V062; V063; V064; V065; V066; V067; V068; V070; V071; V072; V073; V074; V075; V076; V077; V078; V079; V080; V081; V082; V083; V084; V085; V087; V088; V089; V090; V091; V092; V093; V094; V095; V096; V097; V098; V099; V100; V101; V102; V103; V104,Archivo/método necesita verificar alias; referencias en bd-estructura-estatica.json
app/Services/InstitutionalDashboardService.php,users,READ_ONLY_REFERENCES,OperationalAccountService / Fortify / CRUD administrativo,V001; V002; V003; V004; V005; V009; V010; V012; V014; V016; V017; V019; V020; V021; V022; V023; V024; V025; V027; V028; V029; V030; V031; V032; V033; V034; V035; V036; V037; V038; V039; V040; V041; V042; V044; V045; V046; V047; V048; V051; V052; V053; V054; V055; V056; V058; V059; V060; V061; V062; V063; V064; V065; V066; V067; V068; V070; V071; V072; V073; V074; V075; V076; V077; V078; V079; V080; V081; V082; V083; V084; V085; V087; V088; V089; V090; V091; V092; V093; V094; V095; V096; V097; V098; V099; V100; V101; V102; V103; V104,Archivo/método necesita verificar alias; referencias en bd-estructura-estatica.json
app/Services/InstitutionalQueryService.php,users,READ_ONLY_REFERENCES,OperationalAccountService / Fortify / CRUD administrativo,V001; V002; V003; V004; V005; V009; V010; V012; V014; V016; V017; V019; V020; V021; V022; V023; V024; V025; V027; V028; V029; V030; V031; V032; V033; V034; V035; V036; V037; V038; V039; V040; V041; V042; V044; V045; V046; V047; V048; V051; V052; V053; V054; V055; V056; V058; V059; V060; V061; V062; V063; V064; V065; V066; V067; V068; V070; V071; V072; V073; V074; V075; V076; V077; V078; V079; V080; V081; V082; V083; V084; V085; V087; V088; V089; V090; V091; V092; V093; V094; V095; V096; V097; V098; V099; V100; V101; V102; V103; V104,Archivo/método necesita verificar alias; referencias en bd-estructura-estatica.json
app/Services/Kardex/KardexService.php,users,CANDIDATO_WRITER,OperationalAccountService / Fortify / CRUD administrativo,V001; V002; V003; V004; V005; V009; V010; V012; V014; V016; V017; V019; V020; V021; V022; V023; V024; V025; V027; V028; V029; V030; V031; V032; V033; V034; V035; V036; V037; V038; V039; V040; V041; V042; V044; V045; V046; V047; V048; V051; V052; V053; V054; V055; V056; V058; V059; V060; V061; V062; V063; V064; V065; V066; V067; V068; V070; V071; V072; V073; V074; V075; V076; V077; V078; V079; V080; V081; V082; V083; V084; V085; V087; V088; V089; V090; V091; V092; V093; V094; V095; V096; V097; V098; V099; V100; V101; V102; V103; V104,Archivo/método necesita verificar alias; referencias en bd-estructura-estatica.json
app/Services/Kardex/ScopedKardexRepository.php,users,READ_ONLY_REFERENCES,OperationalAccountService / Fortify / CRUD administrativo,V001; V002; V003; V004; V005; V009; V010; V012; V014; V016; V017; V019; V020; V021; V022; V023; V024; V025; V027; V028; V029; V030; V031; V032; V033; V034; V035; V036; V037; V038; V039; V040; V041; V042; V044; V045; V046; V047; V048; V051; V052; V053; V054; V055; V056; V058; V059; V060; V061; V062; V063; V064; V065; V066; V067; V068; V070; V071; V072; V073; V074; V075; V076; V077; V078; V079; V080; V081; V082; V083; V084; V085; V087; V088; V089; V090; V091; V092; V093; V094; V095; V096; V097; V098; V099; V100; V101; V102; V103; V104,Archivo/método necesita verificar alias; referencias en bd-estructura-estatica.json
app/Services/Kardex/UnavailableKardexRepository.php,users,READ_ONLY_REFERENCES,OperationalAccountService / Fortify / CRUD administrativo,V001; V002; V003; V004; V005; V009; V010; V012; V014; V016; V017; V019; V020; V021; V022; V023; V024; V025; V027; V028; V029; V030; V031; V032; V033; V034; V035; V036; V037; V038; V039; V040; V041; V042; V044; V045; V046; V047; V048; V051; V052; V053; V054; V055; V056; V058; V059; V060; V061; V062; V063; V064; V065; V066; V067; V068; V070; V071; V072; V073; V074; V075; V076; V077; V078; V079; V080; V081; V082; V083; V084; V085; V087; V088; V089; V090; V091; V092; V093; V094; V095; V096; V097; V098; V099; V100; V101; V102; V103; V104,Archivo/método necesita verificar alias; referencias en bd-estructura-estatica.json
app/Services/NotificationService.php,users,CANDIDATO_WRITER,OperationalAccountService / Fortify / CRUD administrativo,V001; V002; V003; V004; V005; V009; V010; V012; V014; V016; V017; V019; V020; V021; V022; V023; V024; V025; V027; V028; V029; V030; V031; V032; V033; V034; V035; V036; V037; V038; V039; V040; V041; V042; V044; V045; V046; V047; V048; V051; V052; V053; V054; V055; V056; V058; V059; V060; V061; V062; V063; V064; V065; V066; V067; V068; V070; V071; V072; V073; V074; V075; V076; V077; V078; V079; V080; V081; V082; V083; V084; V085; V087; V088; V089; V090; V091; V092; V093; V094; V095; V096; V097; V098; V099; V100; V101; V102; V103; V104,Archivo/método necesita verificar alias; referencias en bd-estructura-estatica.json
app/Services/OperationalAccountService.php,users,CANDIDATO_WRITER,OperationalAccountService / Fortify / CRUD administrativo,V001; V002; V003; V004; V005; V009; V010; V012; V014; V016; V017; V019; V020; V021; V022; V023; V024; V025; V027; V028; V029; V030; V031; V032; V033; V034; V035; V036; V037; V038; V039; V040; V041; V042; V044; V045; V046; V047; V048; V051; V052; V053; V054; V055; V056; V058; V059; V060; V061; V062; V063; V064; V065; V066; V067; V068; V070; V071; V072; V073; V074; V075; V076; V077; V078; V079; V080; V081; V082; V083; V084; V085; V087; V088; V089; V090; V091; V092; V093; V094; V095; V096; V097; V098; V099; V100; V101; V102; V103; V104,Archivo/método necesita verificar alias; referencias en bd-estructura-estatica.json
app/Services/RegencyAccessService.php,users,CANDIDATO_WRITER,OperationalAccountService / Fortify / CRUD administrativo,V001; V002; V003; V004; V005; V009; V010; V012; V014; V016; V017; V019; V020; V021; V022; V023; V024; V025; V027; V028; V029; V030; V031; V032; V033; V034; V035; V036; V037; V038; V039; V040; V041; V042; V044; V045; V046; V047; V048; V051; V052; V053; V054; V055; V056; V058; V059; V060; V061; V062; V063; V064; V065; V066; V067; V068; V070; V071; V072; V073; V074; V075; V076; V077; V078; V079; V080; V081; V082; V083; V084; V085; V087; V088; V089; V090; V091; V092; V093; V094; V095; V096; V097; V098; V099; V100; V101; V102; V103; V104,Archivo/método necesita verificar alias; referencias en bd-estructura-estatica.json
app/Services/RegencyReportService.php,users,READ_ONLY_REFERENCES,OperationalAccountService / Fortify / CRUD administrativo,V001; V002; V003; V004; V005; V009; V010; V012; V014; V016; V017; V019; V020; V021; V022; V023; V024; V025; V027; V028; V029; V030; V031; V032; V033; V034; V035; V036; V037; V038; V039; V040; V041; V042; V044; V045; V046; V047; V048; V051; V052; V053; V054; V055; V056; V058; V059; V060; V061; V062; V063; V064; V065; V066; V067; V068; V070; V071; V072; V073; V074; V075; V076; V077; V078; V079; V080; V081; V082; V083; V084; V085; V087; V088; V089; V090; V091; V092; V093; V094; V095; V096; V097; V098; V099; V100; V101; V102; V103; V104,Archivo/método necesita verificar alias; referencias en bd-estructura-estatica.json
app/Services/ReportAccessService.php,users,READ_ONLY_REFERENCES,OperationalAccountService / Fortify / CRUD administrativo,V001; V002; V003; V004; V005; V009; V010; V012; V014; V016; V017; V019; V020; V021; V022; V023; V024; V025; V027; V028; V029; V030; V031; V032; V033; V034; V035; V036; V037; V038; V039; V040; V041; V042; V044; V045; V046; V047; V048; V051; V052; V053; V054; V055; V056; V058; V059; V060; V061; V062; V063; V064; V065; V066; V067; V068; V070; V071; V072; V073; V074; V075; V076; V077; V078; V079; V080; V081; V082; V083; V084; V085; V087; V088; V089; V090; V091; V092; V093; V094; V095; V096; V097; V098; V099; V100; V101; V102; V103; V104,Archivo/método necesita verificar alias; referencias en bd-estructura-estatica.json
app/Services/Reportes/DatosReporteAdministrativoService.php,users,READ_ONLY_REFERENCES,OperationalAccountService / Fortify / CRUD administrativo,V001; V002; V003; V004; V005; V009; V010; V012; V014; V016; V017; V019; V020; V021; V022; V023; V024; V025; V027; V028; V029; V030; V031; V032; V033; V034; V035; V036; V037; V038; V039; V040; V041; V042; V044; V045; V046; V047; V048; V051; V052; V053; V054; V055; V056; V058; V059; V060; V061; V062; V063; V064; V065; V066; V067; V068; V070; V071; V072; V073; V074; V075; V076; V077; V078; V079; V080; V081; V082; V083; V084; V085; V087; V088; V089; V090; V091; V092; V093; V094; V095; V096; V097; V098; V099; V100; V101; V102; V103; V104,Archivo/método necesita verificar alias; referencias en bd-estructura-estatica.json
app/Services/RoleDashboardResolver.php,users,READ_ONLY_REFERENCES,OperationalAccountService / Fortify / CRUD administrativo,V001; V002; V003; V004; V005; V009; V010; V012; V014; V016; V017; V019; V020; V021; V022; V023; V024; V025; V027; V028; V029; V030; V031; V032; V033; V034; V035; V036; V037; V038; V039; V040; V041; V042; V044; V045; V046; V047; V048; V051; V052; V053; V054; V055; V056; V058; V059; V060; V061; V062; V063; V064; V065; V066; V067; V068; V070; V071; V072; V073; V074; V075; V076; V077; V078; V079; V080; V081; V082; V083; V084; V085; V087; V088; V089; V090; V091; V092; V093; V094; V095; V096; V097; V098; V099; V100; V101; V102; V103; V104,Archivo/método necesita verificar alias; referencias en bd-estructura-estatica.json
app/Services/RolePermissionService.php,users,CANDIDATO_WRITER,OperationalAccountService / Fortify / CRUD administrativo,V001; V002; V003; V004; V005; V009; V010; V012; V014; V016; V017; V019; V020; V021; V022; V023; V024; V025; V027; V028; V029; V030; V031; V032; V033; V034; V035; V036; V037; V038; V039; V040; V041; V042; V044; V045; V046; V047; V048; V051; V052; V053; V054; V055; V056; V058; V059; V060; V061; V062; V063; V064; V065; V066; V067; V068; V070; V071; V072; V073; V074; V075; V076; V077; V078; V079; V080; V081; V082; V083; V084; V085; V087; V088; V089; V090; V091; V092; V093; V094; V095; V096; V097; V098; V099; V100; V101; V102; V103; V104,Archivo/método necesita verificar alias; referencias en bd-estructura-estatica.json
app/Services/RoleRequestService.php,users,CANDIDATO_WRITER,OperationalAccountService / Fortify / CRUD administrativo,V001; V002; V003; V004; V005; V009; V010; V012; V014; V016; V017; V019; V020; V021; V022; V023; V024; V025; V027; V028; V029; V030; V031; V032; V033; V034; V035; V036; V037; V038; V039; V040; V041; V042; V044; V045; V046; V047; V048; V051; V052; V053; V054; V055; V056; V058; V059; V060; V061; V062; V063; V064; V065; V066; V067; V068; V070; V071; V072; V073; V074; V075; V076; V077; V078; V079; V080; V081; V082; V083; V084; V085; V087; V088; V089; V090; V091; V092; V093; V094; V095; V096; V097; V098; V099; V100; V101; V102; V103; V104,Archivo/método necesita verificar alias; referencias en bd-estructura-estatica.json
app/Services/StudentContextService.php,users,READ_ONLY_REFERENCES,OperationalAccountService / Fortify / CRUD administrativo,V001; V002; V003; V004; V005; V009; V010; V012; V014; V016; V017; V019; V020; V021; V022; V023; V024; V025; V027; V028; V029; V030; V031; V032; V033; V034; V035; V036; V037; V038; V039; V040; V041; V042; V044; V045; V046; V047; V048; V051; V052; V053; V054; V055; V056; V058; V059; V060; V061; V062; V063; V064; V065; V066; V067; V068; V070; V071; V072; V073; V074; V075; V076; V077; V078; V079; V080; V081; V082; V083; V084; V085; V087; V088; V089; V090; V091; V092; V093; V094; V095; V096; V097; V098; V099; V100; V101; V102; V103; V104,Archivo/método necesita verificar alias; referencias en bd-estructura-estatica.json
