id,nombre,actor,ruta_actual,ruta_objetivo,sistema,objetivo,datos,filtros,acciones,modales,livewire,loading,empty,error,success,policy,service,peter3,prioridad,scope,certeza,certeza_reuso,restricciones
V001,Inicio,Administrador,/dashboard,/admin,Transversal,Priorizar trabajo del actor,Gestión; período; indicadores reales del scope,Gestión; período,Abrir pendiente; ver contexto,Sin modal,AdminDashboardController; DashboardDocente/Estudiante LMS,Skeleton local de contenido; botón wire:loading/target solo al guardar; preservar filtro y foco,Sin datos para el contexto; limpiar filtros; sin crear registro automático,Inline validation + error recuperable; 403 sin dato ajeno; sin toast de éxito,Confirmación solo tras respuesta persistida; lectura usa resultado sin toast innecesario,Resolver actor propuesto; permisos Panel_* existentes,DashboardAdministrativoInteligente; CursoVirtualService,No necesario,P0,Institucional por función; excepción pedagógica no concedida,PROPUESTA DE PETER 2,CONFIRMADO POR REPOSITORIO,Aplicar 02-actores y 08-crud; acciones genéricas se reducen por actor; ninguna URL objetivo está implementada
V002,Personas,Administrador,/admin/gestion-personas,/admin/personas,Institucional,Registrar identidad única,Persona; vínculo de User y perfiles,Texto 400ms; estado; tipo vínculo,Crear; editar; ver,Página; drawer de detalle,Admin/GestionPersonas,Skeleton local de contenido; botón wire:loading/target solo al guardar; preservar filtro y foco,Sin datos para el contexto; limpiar filtros; sin crear registro automático,Inline validation + error recuperable; 403 sin dato ajeno; sin toast de éxito,Confirmación solo tras respuesta persistida; lectura usa resultado sin toast innecesario,Autorización Registro_Personas; Policy de registro a diseñar,PersonaInteligente,No necesario,P1,Institucional por función; excepción pedagógica no concedida,PROPUESTA DE PETER 2,CONFIRMADO POR REPOSITORIO,Aplicar 02-actores y 08-crud; acciones genéricas se reducen por actor; ninguna URL objetivo está implementada
V003,Usuarios,Administrador,/admin/gestion-usuarios,/admin/usuarios,Institucional,Gestionar cuenta sin delegar actor accidentalmente,User; Persona; roles existentes,Texto 400ms; actor; estado,Crear cuenta; editar; activar/inactivar; actor separado,Modal focal; cambio actor modal crítico separado,Admin/GestionUsuarios,Skeleton local de contenido; botón wire:loading/target solo al guardar; preservar filtro y foco,Sin datos para el contexto; limpiar filtros; sin crear registro automático,Inline validation + error recuperable; 403 sin dato ajeno; sin toast de éxito,Confirmación solo tras respuesta persistida; lectura usa resultado sin toast innecesario,Gestion_Usuarios actual; separar cambio actor/roles,UsuarioInteligente,No necesario,P0,Institucional por función; excepción pedagógica no concedida,PROPUESTA DE PETER 2,CONFIRMADO POR REPOSITORIO,Aplicar 02-actores y 08-crud; acciones genéricas se reducen por actor; ninguna URL objetivo está implementada
V004,Personal institucional,Administrador,/admin/personal-institucional,/admin/personal,Institucional,Gestionar vínculo laboral,PersonalInstitucional; perfiles,Cargo; estado; persona,Crear vínculo; editar; cerrar,Página; drawer de detalle,Admin/PersonalInstitucional,Skeleton local de contenido; botón wire:loading/target solo al guardar; preservar filtro y foco,Sin datos para el contexto; limpiar filtros; sin crear registro automático,Inline validation + error recuperable; 403 sin dato ajeno; sin toast de éxito,Confirmación solo tras respuesta persistida; lectura usa resultado sin toast innecesario,Personal_Institucional actual; scope y Policy por registro,PersonalInstitucionalInteligente,No necesario,P1,Institucional por función; excepción pedagógica no concedida,PROPUESTA DE PETER 2,CONFIRMADO POR REPOSITORIO,Aplicar 02-actores y 08-crud; acciones genéricas se reducen por actor; ninguna URL objetivo está implementada
V005,Estudiantes,Administrador,/admin/gestion-estudiantes,/admin/estudiantes,Institucional,Consultar/gestionar condición estudiantil,Estudiante; Persona; inscripción vigente,Gestión; curso; paralelo; estado; texto,Ver; registrar; editar autorizado,Página; drawer de detalle,Admin/GestionEstudiantes,Skeleton local de contenido; botón wire:loading/target solo al guardar; preservar filtro y foco,Sin datos para el contexto; limpiar filtros; sin crear registro automático,Inline validation + error recuperable; 403 sin dato ajeno; sin toast de éxito,Confirmación solo tras respuesta persistida; lectura usa resultado sin toast innecesario,Estudiantes actual; scope por actor obligatorio,EstudianteInteligente,No necesario,P1,Institucional por función; excepción pedagógica no concedida,PROPUESTA DE PETER 2,CONFIRMADO POR REPOSITORIO,Aplicar 02-actores y 08-crud; acciones genéricas se reducen por actor; ninguna URL objetivo está implementada
V006,Docentes,Administrador,/admin/gestion-docentes,/admin/docentes,Institucional,Gestionar perfil y consultar carga,Docente; PersonalInstitucional; planes,Gestión; asignatura; carga; estado,Ver carga; registrar; editar autorizado,Página; drawer de detalle,Admin/GestionDocente,Skeleton local de contenido; botón wire:loading/target solo al guardar; preservar filtro y foco,Sin datos para el contexto; limpiar filtros; sin crear registro automático,Inline validation + error recuperable; 403 sin dato ajeno; sin toast de éxito,Confirmación solo tras respuesta persistida; lectura usa resultado sin toast innecesario,Docentes actual; Policy por acción/registro,DocenteInteligente,No necesario,P1,Institucional por función; excepción pedagógica no concedida,PROPUESTA DE PETER 2,CONFIRMADO POR REPOSITORIO,Aplicar 02-actores y 08-crud; acciones genéricas se reducen por actor; ninguna URL objetivo está implementada
V007,Gestión académica,Administrador,/admin/gestion-academica,/admin/gestion,Institucional,Definir fechas y ciclo académico,GestionAcademica; sesiones; respaldo,Año; estado,Crear; planificar; cerrar autorizado,Página/wizard de gestión; confirmación cierre,Admin/GestionAcademica,Skeleton local de contenido; botón wire:loading/target solo al guardar; preservar filtro y foco,Sin datos para el contexto; limpiar filtros; sin crear registro automático,Inline validation + error recuperable; 403 sin dato ajeno; sin toast de éxito,Confirmación solo tras respuesta persistida; lectura usa resultado sin toast innecesario,Gestion_Academica actual; cierre institucional VI,GestionAcademicaInteligente,No necesario,P1,Institucional por función; excepción pedagógica no concedida,PROPUESTA DE PETER 2,CONFIRMADO POR REPOSITORIO,Aplicar 02-actores y 08-crud; acciones genéricas se reducen por actor; ninguna URL objetivo está implementada
V008,Cursos,Administrador,/admin/gestion-cursos,/admin/cursos,Institucional,Gestionar oferta o leer alcance,Curso; inscripción; planes,Gestión; nivel validado; paralelo; turno,Ver; crear/editar según actor,Página; drawer de detalle,Admin/GestionCurso,Skeleton local de contenido; botón wire:loading/target solo al guardar; preservar filtro y foco,Sin datos para el contexto; limpiar filtros; sin crear registro automático,Inline validation + error recuperable; 403 sin dato ajeno; sin toast de éxito,Confirmación solo tras respuesta persistida; lectura usa resultado sin toast innecesario,Cursos actual; registro scoped,CursoInteligente,No necesario,P1,Institucional por función; excepción pedagógica no concedida,PROPUESTA DE PETER 2,CONFIRMADO POR REPOSITORIO,Aplicar 02-actores y 08-crud; acciones genéricas se reducen por actor; ninguna URL objetivo está implementada
V009,Asignaturas,Administrador,/admin/gestion-asignaturas,/admin/asignaturas,Institucional,Mantener catálogo curricular,Asignatura,Área; estado; texto,Crear; editar; consultar,Página; drawer de detalle,Admin/GestionAsignatura,Skeleton local de contenido; botón wire:loading/target solo al guardar; preservar filtro y foco,Sin datos para el contexto; limpiar filtros; sin crear registro automático,Inline validation + error recuperable; 403 sin dato ajeno; sin toast de éxito,Confirmación solo tras respuesta persistida; lectura usa resultado sin toast innecesario,Asignaturas actual; acción por actor,AsignaturaInteligente,No necesario,P1,Institucional por función; excepción pedagógica no concedida,PROPUESTA DE PETER 2,CONFIRMADO POR REPOSITORIO,Aplicar 02-actores y 08-crud; acciones genéricas se reducen por actor; ninguna URL objetivo está implementada
V010,Paralelos,Administrador,/admin/gestion-paralelos,/admin/paralelos,Institucional,Organizar oferta por paralelo,Paralelo; curso; planes,Gestión; curso; estado,Consultar; crear/editar autorizado,Página; drawer de detalle,Admin/GestionParalelo,Skeleton local de contenido; botón wire:loading/target solo al guardar; preservar filtro y foco,Sin datos para el contexto; limpiar filtros; sin crear registro automático,Inline validation + error recuperable; 403 sin dato ajeno; sin toast de éxito,Confirmación solo tras respuesta persistida; lectura usa resultado sin toast innecesario,Paralelos actual; límites por actor,ParaleloInteligente,No necesario,P1,Institucional por función; excepción pedagógica no concedida,PROPUESTA DE PETER 2,CONFIRMADO POR REPOSITORIO,Aplicar 02-actores y 08-crud; acciones genéricas se reducen por actor; ninguna URL objetivo está implementada
V011,Turnos,Administrador,/admin/gestion-turnos,/admin/turnos,Institucional,Configurar franja institucional,Turno; PlantillaHoraria,Estado; franja,Consultar; configurar autorizado,Página; drawer de detalle,Admin/GestionTurnos,Skeleton local de contenido; botón wire:loading/target solo al guardar; preservar filtro y foco,Sin datos para el contexto; limpiar filtros; sin crear registro automático,Inline validation + error recuperable; 403 sin dato ajeno; sin toast de éxito,Confirmación solo tras respuesta persistida; lectura usa resultado sin toast innecesario,Turnos actual; Policy de acción,TurnoInteligente,No necesario,P1,Institucional por función; excepción pedagógica no concedida,PROPUESTA DE PETER 2,CONFIRMADO POR REPOSITORIO,Aplicar 02-actores y 08-crud; acciones genéricas se reducen por actor; ninguna URL objetivo está implementada
V012,Inscripciones,Administrador,/admin/gestion-inscripciones,/admin/inscripciones,Institucional,Registrar pertenencia y conservar vigencia,InscripcionEstudiante; InscripcionVigencia,Gestión; curso; paralelo; turno; estado,Inscribir; revisar; anular con motivo,Página/wizard documental; modal anulación,Admin/GestionInscripciones,Skeleton local de contenido; botón wire:loading/target solo al guardar; preservar filtro y foco,Sin datos para el contexto; limpiar filtros; sin crear registro automático,Inline validation + error recuperable; 403 sin dato ajeno; sin toast de éxito,Confirmación solo tras respuesta persistida; lectura usa resultado sin toast innecesario,InscripcionEstudiantePolicy,InscripcionService; InscripcionAcademica,No necesario,P1,Institucional por función; excepción pedagógica no concedida,PROPUESTA DE PETER 2,CONFIRMADO POR REPOSITORIO,Aplicar 02-actores y 08-crud; acciones genéricas se reducen por actor; ninguna URL objetivo está implementada
V013,Especialidades,Administrador,/admin/especialidades-tecnicas,/admin/especialidades,Institucional,Mantener formación técnica,EspecialidadTecnica; PlanEspecialidad,Estado; gestión,Crear; editar; consultar,Página; drawer de detalle,Admin/EspecialidadesTecnicas,Skeleton local de contenido; botón wire:loading/target solo al guardar; preservar filtro y foco,Sin datos para el contexto; limpiar filtros; sin crear registro automático,Inline validation + error recuperable; 403 sin dato ajeno; sin toast de éxito,Confirmación solo tras respuesta persistida; lectura usa resultado sin toast innecesario,Especialidades_Tecnicas actual,EspecialidadTecnicaInteligente,No necesario,P1,Institucional por función; excepción pedagógica no concedida,PROPUESTA DE PETER 2,CONFIRMADO POR REPOSITORIO,Aplicar 02-actores y 08-crud; acciones genéricas se reducen por actor; ninguna URL objetivo está implementada
V014,Planes de asignatura,Administrador,/admin/planes-asignatura,/admin/planes,Institucional,Asignar docente y oferta para aula,PlanAsignatura; PlanEspecialidad; horario,Gestión; curso; asignatura; docente,Asignar; consultar; corregir autorizado,Página para carga/horario,Admin/PlanesAsignatura,Skeleton local de contenido; botón wire:loading/target solo al guardar; preservar filtro y foco,Sin datos para el contexto; limpiar filtros; sin crear registro automático,Inline validation + error recuperable; 403 sin dato ajeno; sin toast de éxito,Confirmación solo tras respuesta persistida; lectura usa resultado sin toast innecesario,Planes_Asignatura actual; Policy de asignación propuesta,PlanAsignaturaInteligente; AulaVirtualProvisioningService,No necesario,P1,Institucional por función; excepción pedagógica no concedida,PROPUESTA DE PETER 2,CONFIRMADO POR REPOSITORIO,Aplicar 02-actores y 08-crud; acciones genéricas se reducen por actor; ninguna URL objetivo está implementada
V015,Períodos de evaluación,Administrador,/admin/periodo-evaluacion,/admin/periodos,Institucional,Configurar corte de evaluación,PeriodoEvaluacion,Gestión; estado,Crear; editar antes de cierre,Página; drawer de detalle,Admin/PeriodoEvaluacion,Skeleton local de contenido; botón wire:loading/target solo al guardar; preservar filtro y foco,Sin datos para el contexto; limpiar filtros; sin crear registro automático,Inline validation + error recuperable; 403 sin dato ajeno; sin toast de éxito,Confirmación solo tras respuesta persistida; lectura usa resultado sin toast innecesario,Periodo_Evaluacion actual,PeriodoEvaluacionInteligente,No necesario,P1,Institucional por función; excepción pedagógica no concedida,PROPUESTA DE PETER 2,CONFIRMADO POR REPOSITORIO,Aplicar 02-actores y 08-crud; acciones genéricas se reducen por actor; ninguna URL objetivo está implementada
V016,Calendario,Administrador,/admin/calendario-academico,/admin/calendario,Transversal,Componer agenda institucional y del aula,CalendarioEvento; sesiones; fechas tarea,Gestión; curso; rango; fuente; estado,Ver; crear borrador o confirmar por función,Modal evento focal; página agenda,Admin/CalendarioAcademico,Skeleton local de contenido; botón wire:loading/target solo al guardar; preservar filtro y foco,Sin datos para el contexto; limpiar filtros; sin crear registro automático,Inline validation + error recuperable; 403 sin dato ajeno; sin toast de éxito,Confirmación solo tras respuesta persistida; lectura usa resultado sin toast innecesario,CalendarioEventoPolicy actual; lectura aula scoped propuesta,CalendarioAcademicoService,No necesario,P1,Institucional por función; excepción pedagógica no concedida,PROPUESTA DE PETER 2,CONFIRMADO POR REPOSITORIO,Aplicar 02-actores y 08-crud; acciones genéricas se reducen por actor; ninguna URL objetivo está implementada
V017,Calificaciones institucionales,Administrador,/admin/calificaciones,/admin/notas-oficiales,Institucional,Consultar notas oficiales y rectificación,Calificacion; PlanAsignatura; PeriodoEvaluacion,Gestión; curso; asignatura; período; estudiante,Consultar; registrar docente; rectificar autorizado,Página libro; modal rectificación con motivo,Admin/Calificaciones,Skeleton local de contenido; botón wire:loading/target solo al guardar; preservar filtro y foco,Sin datos para el contexto; limpiar filtros; sin crear registro automático,Inline validation + error recuperable; 403 sin dato ajeno; sin toast de éxito,Confirmación solo tras respuesta persistida; lectura usa resultado sin toast innecesario,CalificacionPolicy::registrar/rectificar,CalificacionService; CalificacionInteligente,No necesario,P1,Institucional por función; excepción pedagógica no concedida,PROPUESTA DE PETER 2,CONFIRMADO POR REPOSITORIO,Aplicar 02-actores y 08-crud; acciones genéricas se reducen por actor; ninguna URL objetivo está implementada
V018,Reportes académicos,Administrador,/admin/reportes-academicos,/admin/reportes-academicos,Transversal,Exportar evidencia autorizada,Datos académicos y ReporteGenerado,Gestión; curso; período; formato,Previsualizar; descargar,Página; confirmación datos sensibles,Admin/ReportesAcademicos,Skeleton local de contenido; botón wire:loading/target solo al guardar; preservar filtro y foco,Sin datos para el contexto; limpiar filtros; sin crear registro automático,Inline validation + error recuperable; 403 sin dato ajeno; sin toast de éxito,Confirmación solo tras respuesta persistida; lectura usa resultado sin toast innecesario,Reportes_Academicos; Policy/export scope a reforzar,DatosReporteAcademicoService; ReporteAcademicoInteligente,No necesario,P1,Institucional por función; excepción pedagógica no concedida,PROPUESTA DE PETER 2,CONFIRMADO POR REPOSITORIO,Aplicar 02-actores y 08-crud; acciones genéricas se reducen por actor; ninguna URL objetivo está implementada
V019,Reportes administrativos,Administrador,/admin/reportes-administrativos,/admin/reportes-administrativos,Institucional,Documentar operación autorizada,Inscripción; personal; ReporteGenerado,Gestión; estado; tipo; formato,Previsualizar; exportar,Página,Admin/ReportesAdministrativos,Skeleton local de contenido; botón wire:loading/target solo al guardar; preservar filtro y foco,Sin datos para el contexto; limpiar filtros; sin crear registro automático,Inline validation + error recuperable; 403 sin dato ajeno; sin toast de éxito,Confirmación solo tras respuesta persistida; lectura usa resultado sin toast innecesario,Reportes_Administrativos; scope export,DatosReporteAdministrativoService,No necesario,P1,Institucional por función; excepción pedagógica no concedida,PROPUESTA DE PETER 2,CONFIRMADO POR REPOSITORIO,Aplicar 02-actores y 08-crud; acciones genéricas se reducen por actor; ninguna URL objetivo está implementada
V020,Roles y permisos,Administrador,NO EXISTE RUTA ESPECÍFICA CONFIRMADA,/admin/roles,Seguridad,Gobernar actor y delegaciones,roles; permissions; asignaciones,Actor; complemento; vigencia,Consultar; proponer asignación; revocar autorizado,Página seguridad; modal motivo/vigencia,No componente específico confirmado,Skeleton local de contenido; botón wire:loading/target solo al guardar; preservar filtro y foco,Sin datos para el contexto; limpiar filtros; sin crear registro automático,Inline validation + error recuperable; 403 sin dato ajeno; sin toast de éxito,Confirmación solo tras respuesta persistida; lectura usa resultado sin toast innecesario,Gestion_Roles_Permisos existente; Policy crítica propuesta,UsuarioInteligente parcialmente; servicio seguridad propuesto,No necesario,P0,Institucional por función; excepción pedagógica no concedida,PROPUESTA DE PETER 2,PROPUESTA / PARCIAL; ver componente indicado,Aplicar 02-actores y 08-crud; acciones genéricas se reducen por actor; ninguna URL objetivo está implementada
V021,Bitácora,Administrador,/admin/bitacora,/admin/bitacora,Seguridad,Auditar operaciones sin exponer secretos,Bitacora; usuario; referencia,Fecha; actor; acción; módulo,Consultar; exportar autorizado,Drawer evento; página búsqueda,Admin/Bitacora,Skeleton local de contenido; botón wire:loading/target solo al guardar; preservar filtro y foco,Sin datos para el contexto; limpiar filtros; sin crear registro automático,Inline validation + error recuperable; 403 sin dato ajeno; sin toast de éxito,Confirmación solo tras respuesta persistida; lectura usa resultado sin toast innecesario,Bitacora actual; export scope separado,BitacoraService; BitacoraInteligente,No necesario,P1,Institucional por función; excepción pedagógica no concedida,PROPUESTA DE PETER 2,CONFIRMADO POR REPOSITORIO,Aplicar 02-actores y 08-crud; acciones genéricas se reducen por actor; ninguna URL objetivo está implementada
V022,Kardex parámetros/auditoría,Administrador,NO EXISTE RUTA ESPECÍFICA CONFIRMADA,/admin/kardex-parametros,Kardex,Definir catálogos y supervisar integridad,Catálogos conceptuales; revisiones; bitácora,Catálogo; gestión; estado,Parametrizar tras aprobación; auditar,Página parámetros,No componente Kardex confirmado,Skeleton local de contenido; botón wire:loading/target solo al guardar; preservar filtro y foco,Sin datos para el contexto; limpiar filtros; sin crear registro automático,Inline validation + error recuperable; 403 sin dato ajeno; sin toast de éxito,Confirmación solo tras respuesta persistida; lectura usa resultado sin toast innecesario,Policy Kardex propuesta; D1,Reusar BitacoraService; servicio Kardex propuesto,No necesario,P2,Institucional por función; excepción pedagógica no concedida,PROPUESTA DE PETER 2,PROPUESTA / PARCIAL; ver componente indicado,Aplicar 02-actores y 08-crud; acciones genéricas se reducen por actor; ninguna URL objetivo está implementada
V023,LMS institucional/supervisión,Administrador,NO EXISTE RUTA ESPECÍFICA CONFIRMADA,/admin/lms-supervision,LMS,Supervisar sin actuar como docente,ClaseVirtual; tareas; entregas agregadas,Gestión; período; curso; participación,"Supervisión/auditoría, sin acciones docente",Página agregados,No vista completa para actor confirmada,Skeleton local de contenido; botón wire:loading/target solo al guardar; preservar filtro y foco,Sin datos para el contexto; limpiar filtros; sin crear registro automático,Inline validation + error recuperable; 403 sin dato ajeno; sin toast de éxito,Confirmación solo tras respuesta persistida; lectura usa resultado sin toast innecesario,Policies de lectura institucional propuestas,CursoVirtualService; ReporteAulaVirtualService reutilizados,No necesario,P1,Institucional por función; excepción pedagógica no concedida,PROPUESTA DE PETER 2,PROPUESTA / PARCIAL; ver componente indicado,Aplicar 02-actores y 08-crud; acciones genéricas se reducen por actor; ninguna URL objetivo está implementada
V024,Configuración LMS,Administrador,NO EXISTE RUTA ESPECÍFICA CONFIRMADA,/admin/lms-configuracion,LMS,Administrar provisión e integridad de aulas,ClaseVirtual; planes; miembros,Gestión; estado; inconsistencias,Revisar provisión; auditar,Página,No pantalla específica confirmada,Skeleton local de contenido; botón wire:loading/target solo al guardar; preservar filtro y foco,Sin datos para el contexto; limpiar filtros; sin crear registro automático,Inline validation + error recuperable; 403 sin dato ajeno; sin toast de éxito,Confirmación solo tras respuesta persistida; lectura usa resultado sin toast innecesario,Policy configuración propuesta,AulaVirtualProvisioningService existente,No necesario,P1,Institucional por función; excepción pedagógica no concedida,PROPUESTA DE PETER 2,PROPUESTA / PARCIAL; ver componente indicado,Aplicar 02-actores y 08-crud; acciones genéricas se reducen por actor; ninguna URL objetivo está implementada
V025,Configuración,Administrador,NO EXISTE RUTA ESPECÍFICA CONFIRMADA,/admin/configuracion,Institucional,Mantener parámetros aprobados,Parámetros institucionales; fuente aún por decidir,Área; vigencia,Consultar; actualizar autorizado,Página,No ventana general confirmada,Skeleton local de contenido; botón wire:loading/target solo al guardar; preservar filtro y foco,Sin datos para el contexto; limpiar filtros; sin crear registro automático,Inline validation + error recuperable; 403 sin dato ajeno; sin toast de éxito,Confirmación solo tras respuesta persistida; lectura usa resultado sin toast innecesario,Policy de configuración propuesta,ConfiguracionCalendarioGestion parcial; servicio propuesto,No necesario,P1,Institucional por función; excepción pedagógica no concedida,PROPUESTA DE PETER 2,PROPUESTA / PARCIAL; ver componente indicado,Aplicar 02-actores y 08-crud; acciones genéricas se reducen por actor; ninguna URL objetivo está implementada
V026,Mi perfil,Administrador,/user/profile (vendor; no incluido en 64),/admin/perfil,Identidad,Consultar y editar datos propios permitidos,User; Persona; Jetstream seguridad,No filtro,Editar cuenta; contraseña; 2FA; sesión,Página; confirmaciones Jetstream,Jetstream profile existente,Skeleton local de contenido; botón wire:loading/target solo al guardar; preservar filtro y foco,Sin datos para el contexto; limpiar filtros; sin crear registro automático,Inline validation + error recuperable; 403 sin dato ajeno; sin toast de éxito,Confirmación solo tras respuesta persistida; lectura usa resultado sin toast innecesario,Autenticación y propiedad,Fortify/Jetstream; datos Persona sujetos a autoridad,No necesario,P1,Institucional por función; excepción pedagógica no concedida,PROPUESTA DE PETER 2,CONFIRMADO POR REPOSITORIO,Aplicar 02-actores y 08-crud; acciones genéricas se reducen por actor; ninguna URL objetivo está implementada
V027,Inicio,Director,/dashboard,/direccion,Transversal,Priorizar trabajo del actor,Gestión; período; indicadores reales del scope,Gestión; período,Abrir pendiente; ver contexto,Sin modal,AdminDashboardController; DashboardDocente/Estudiante LMS,Skeleton local de contenido; botón wire:loading/target solo al guardar; preservar filtro y foco,Sin datos para el contexto; limpiar filtros; sin crear registro automático,Inline validation + error recuperable; 403 sin dato ajeno; sin toast de éxito,Confirmación solo tras respuesta persistida; lectura usa resultado sin toast innecesario,Resolver actor propuesto; permisos Panel_* existentes,DashboardAdministrativoInteligente; CursoVirtualService,No necesario,P0,Institucional + gestión/período; lectura estratégica,PROPUESTA DE PETER 2,CONFIRMADO POR REPOSITORIO,Aplicar 02-actores y 08-crud; acciones genéricas se reducen por actor; ninguna URL objetivo está implementada
V028,Panorama institucional,Director,NO EXISTE RUTA ESPECÍFICA CONFIRMADA,/direccion/panorama,Analítica,Interpretar datos institucionales con fecha de corte,Agregados de matrícula; asistencia; notas,Gestión; período; curso; rango,Lectura/drill-down/export scope; sin crear contenido o calificar. Aprobación institucional específica VI,Página; sin modal salvo detalle,DashboardAdministrativoInteligente parcial,Skeleton local de contenido; botón wire:loading/target solo al guardar; preservar filtro y foco,Sin datos para el contexto; limpiar filtros; sin crear registro automático,Inline validation + error recuperable; 403 sin dato ajeno; sin toast de éxito,Confirmación solo tras respuesta persistida; lectura usa resultado sin toast innecesario,Lectura estratégica propuesta,Servicios de reportes reutilizados; agregador propuesto,Futuro opcional P3; fallback local,P1,Institucional + gestión/período; lectura estratégica,PROPUESTA DE PETER 2,PROPUESTA / PARCIAL; ver componente indicado,Aplicar 02-actores y 08-crud; acciones genéricas se reducen por actor; ninguna URL objetivo está implementada
V029,Gestión académica,Director,/admin/gestion-academica,/direccion/gestion,Institucional,Definir fechas y ciclo académico,GestionAcademica; sesiones; respaldo,Año; estado,Lectura/drill-down/export scope; sin crear contenido o calificar. Aprobación institucional específica VI,Página/wizard de gestión; confirmación cierre,Admin/GestionAcademica,Skeleton local de contenido; botón wire:loading/target solo al guardar; preservar filtro y foco,Sin datos para el contexto; limpiar filtros; sin crear registro automático,Inline validation + error recuperable; 403 sin dato ajeno; sin toast de éxito,Confirmación solo tras respuesta persistida; lectura usa resultado sin toast innecesario,Gestion_Academica actual; cierre institucional VI,GestionAcademicaInteligente,No necesario,P1,Institucional + gestión/período; lectura estratégica,PROPUESTA DE PETER 2,CONFIRMADO POR REPOSITORIO,Aplicar 02-actores y 08-crud; acciones genéricas se reducen por actor; ninguna URL objetivo está implementada
V030,Rendimiento,Director,NO EXISTE RUTA ESPECÍFICA CONFIRMADA,/direccion/rendimiento,Analítica,"Leer distribución y tendencia, sin ranking público",Notas oficiales; denominadores; cobertura,Gestión; período; grado validado; curso,Lectura/drill-down/export scope; sin crear contenido o calificar. Aprobación institucional específica VI,Página charts+tabla alternativa,Admin/Calificaciones parcial,Skeleton local de contenido; botón wire:loading/target solo al guardar; preservar filtro y foco,Sin datos para el contexto; limpiar filtros; sin crear registro automático,Inline validation + error recuperable; 403 sin dato ajeno; sin toast de éxito,Confirmación solo tras respuesta persistida; lectura usa resultado sin toast innecesario,CalificacionPolicy parcial; agregados scoped propuesta,CalificacionService; reportes académicos,Futuro opcional P3; fallback local,P1,Institucional + gestión/período; lectura estratégica,PROPUESTA DE PETER 2,PROPUESTA / PARCIAL; ver componente indicado,Aplicar 02-actores y 08-crud; acciones genéricas se reducen por actor; ninguna URL objetivo está implementada
V031,Cursos,Director,/admin/gestion-cursos,/direccion/cursos,Institucional,Gestionar oferta o leer alcance,Curso; inscripción; planes,Gestión; nivel validado; paralelo; turno,Lectura/drill-down/export scope; sin crear contenido o calificar. Aprobación institucional específica VI,Página; drawer de detalle,Admin/GestionCurso,Skeleton local de contenido; botón wire:loading/target solo al guardar; preservar filtro y foco,Sin datos para el contexto; limpiar filtros; sin crear registro automático,Inline validation + error recuperable; 403 sin dato ajeno; sin toast de éxito,Confirmación solo tras respuesta persistida; lectura usa resultado sin toast innecesario,Cursos actual; registro scoped,CursoInteligente,No necesario,P1,Institucional + gestión/período; lectura estratégica,PROPUESTA DE PETER 2,CONFIRMADO POR REPOSITORIO,Aplicar 02-actores y 08-crud; acciones genéricas se reducen por actor; ninguna URL objetivo está implementada
V032,Estudiantes,Director,/admin/gestion-estudiantes,/direccion/estudiantes,Institucional,Consultar/gestionar condición estudiantil,Estudiante; Persona; inscripción vigente,Gestión; curso; paralelo; estado; texto,Lectura/drill-down/export scope; sin crear contenido o calificar. Aprobación institucional específica VI,Página; drawer de detalle,Admin/GestionEstudiantes,Skeleton local de contenido; botón wire:loading/target solo al guardar; preservar filtro y foco,Sin datos para el contexto; limpiar filtros; sin crear registro automático,Inline validation + error recuperable; 403 sin dato ajeno; sin toast de éxito,Confirmación solo tras respuesta persistida; lectura usa resultado sin toast innecesario,Estudiantes actual; scope por actor obligatorio,EstudianteInteligente,No necesario,P1,Institucional + gestión/período; lectura estratégica,PROPUESTA DE PETER 2,CONFIRMADO POR REPOSITORIO,Aplicar 02-actores y 08-crud; acciones genéricas se reducen por actor; ninguna URL objetivo está implementada
V033,Docentes,Director,/admin/gestion-docentes,/direccion/docentes,Institucional,Gestionar perfil y consultar carga,Docente; PersonalInstitucional; planes,Gestión; asignatura; carga; estado,Lectura/drill-down/export scope; sin crear contenido o calificar. Aprobación institucional específica VI,Página; drawer de detalle,Admin/GestionDocente,Skeleton local de contenido; botón wire:loading/target solo al guardar; preservar filtro y foco,Sin datos para el contexto; limpiar filtros; sin crear registro automático,Inline validation + error recuperable; 403 sin dato ajeno; sin toast de éxito,Confirmación solo tras respuesta persistida; lectura usa resultado sin toast innecesario,Docentes actual; Policy por acción/registro,DocenteInteligente,No necesario,P1,Institucional + gestión/período; lectura estratégica,PROPUESTA DE PETER 2,CONFIRMADO POR REPOSITORIO,Aplicar 02-actores y 08-crud; acciones genéricas se reducen por actor; ninguna URL objetivo está implementada
V034,Asistencia del alcance,Director,NO EXISTE RUTA ESPECÍFICA CONFIRMADA,/direccion/asistencia-institucional,Institucional/LMS,Consultar asistencia institucional o grados autorizados,Sesiones; AsistenciaClase/Estudiante; denominadores,Gestión; grados asignados; curso; rango,Lectura/drill-down/export scope; sin crear contenido o calificar. Aprobación institucional específica VI,Página resumen; drawer sesión,"HistorialAsistenciaDocente parcial, sin vista regencia/director",Skeleton local de contenido; botón wire:loading/target solo al guardar; preservar filtro y foco,Sin datos para el contexto; limpiar filtros; sin crear registro automático,Inline validation + error recuperable; 403 sin dato ajeno; sin toast de éxito,Confirmación solo tras respuesta persistida; lectura usa resultado sin toast innecesario,Policy de lectura alcance propuesta,AsistenciaService; reportes,No necesario,P1,Institucional + gestión/período; lectura estratégica,PROPUESTA DE PETER 2,PROPUESTA / PARCIAL; ver componente indicado,Aplicar 02-actores y 08-crud; acciones genéricas se reducen por actor; ninguna URL objetivo está implementada
V035,Kardex,Director,NO EXISTE RUTA ESPECÍFICA CONFIRMADA,/direccion/kardex,Kardex,Registrar o consultar evidencia formativa,Observación conceptual; SeguimientoAcademico candidato; contexto,Gestión; curso; alumno; tipo; visibilidad; rango,Lectura/drill-down/export scope; sin crear contenido o calificar. Aprobación institucional específica VI,Página timeline; modal observación; drawer detalle,No componente específico confirmado,Skeleton local de contenido; botón wire:loading/target solo al guardar; preservar filtro y foco,Sin datos para el contexto; limpiar filtros; sin crear registro automático,Inline validation + error recuperable; 403 sin dato ajeno; sin toast de éxito,Confirmación solo tras respuesta persistida; lectura usa resultado sin toast innecesario,Policy Kardex propuesta; no equivale SeguimientoAcademicoPolicy,Servicio Kardex propuesto; BitacoraService reutilizado,Futuro opcional P3; fallback local,P2,Institucional + gestión/período; lectura estratégica,PROPUESTA DE PETER 2,PROPUESTA / PARCIAL; ver componente indicado,Aplicar 02-actores y 08-crud; acciones genéricas se reducen por actor; ninguna URL objetivo está implementada
V036,Prevención,Director,NO EXISTE RUTA ESPECÍFICA CONFIRMADA,/direccion/prevencion,Seguimiento,Presentar alertas revisables con evidencia,SeguimientoAcademico; Novedad; datos académicos,Gestión; estado; curso; nivel,Lectura/drill-down/export scope; sin crear contenido o calificar. Aprobación institucional específica VI,Página alertas; sin sanción automática,No pantalla completa confirmada,Skeleton local de contenido; botón wire:loading/target solo al guardar; preservar filtro y foco,Sin datos para el contexto; limpiar filtros; sin crear registro automático,Inline validation + error recuperable; 403 sin dato ajeno; sin toast de éxito,Confirmación solo tras respuesta persistida; lectura usa resultado sin toast innecesario,SeguimientoAcademicoPolicy actual requiere scope,Support preventivos existentes; agregador propuesto,No necesario,P1,Institucional + gestión/período; lectura estratégica,PROPUESTA DE PETER 2,PROPUESTA / PARCIAL; ver componente indicado,Aplicar 02-actores y 08-crud; acciones genéricas se reducen por actor; ninguna URL objetivo está implementada
V037,Orientación,Director,/aula-virtual/orientacion | /aula-virtual/orientacion/seguimiento,/direccion/orientacion,Orientación,Explorar intereses y acompañar sin determinar carrera,OrientacionActividad/Resultado/Respuesta,Gestión; estado; curso según actor,Lectura/drill-down/export scope; sin crear contenido o calificar. Aprobación institucional específica VI,Página; instrumento en wizard,OrientacionEstudiante; SeguimientoDocente,Skeleton local de contenido; botón wire:loading/target solo al guardar; preservar filtro y foco,Sin datos para el contexto; limpiar filtros; sin crear registro automático,Inline validation + error recuperable; 403 sin dato ajeno; sin toast de éxito,Confirmación solo tras respuesta persistida; lectura usa resultado sin toast innecesario,Scope propio/cursos; Policy orientación propuesta,OrientacionService,Futuro opcional P3; fallback local,P1,Institucional + gestión/período; lectura estratégica,PROPUESTA DE PETER 2,CONFIRMADO POR REPOSITORIO,Aplicar 02-actores y 08-crud; acciones genéricas se reducen por actor; ninguna URL objetivo está implementada
V038,Seguimientos,Director,NO EXISTE RUTA ESPECÍFICA CONFIRMADA,/direccion/seguimientos,Seguimiento,Acompañar caso y preservar responsable/historia,SeguimientoAcademico; NovedadEstudiante,Gestión; estado; responsable; curso; fecha,Lectura/drill-down/export scope; sin crear contenido o calificar. Aprobación institucional específica VI,Página expediente; modal cierre con motivo,Sin componente autónomo confirmado,Skeleton local de contenido; botón wire:loading/target solo al guardar; preservar filtro y foco,Sin datos para el contexto; limpiar filtros; sin crear registro automático,Inline validation + error recuperable; 403 sin dato ajeno; sin toast de éxito,Confirmación solo tras respuesta persistida; lectura usa resultado sin toast innecesario,SeguimientoAcademicoPolicy actual necesita actor/scope,Reusar modelos/support; service específico propuesto,No necesario,P1,Institucional + gestión/período; lectura estratégica,PROPUESTA DE PETER 2,PROPUESTA / PARCIAL; ver componente indicado,Aplicar 02-actores y 08-crud; acciones genéricas se reducen por actor; ninguna URL objetivo está implementada
V039,LMS institucional/supervisión,Director,NO EXISTE RUTA ESPECÍFICA CONFIRMADA,/direccion/lms-supervision,LMS,Supervisar sin actuar como docente,ClaseVirtual; tareas; entregas agregadas,Gestión; período; curso; participación,Lectura/drill-down/export scope; sin crear contenido o calificar. Aprobación institucional específica VI,Página agregados,No vista completa para actor confirmada,Skeleton local de contenido; botón wire:loading/target solo al guardar; preservar filtro y foco,Sin datos para el contexto; limpiar filtros; sin crear registro automático,Inline validation + error recuperable; 403 sin dato ajeno; sin toast de éxito,Confirmación solo tras respuesta persistida; lectura usa resultado sin toast innecesario,Policies de lectura institucional propuestas,CursoVirtualService; ReporteAulaVirtualService reutilizados,No necesario,P1,Institucional + gestión/período; lectura estratégica,PROPUESTA DE PETER 2,PROPUESTA / PARCIAL; ver componente indicado,Aplicar 02-actores y 08-crud; acciones genéricas se reducen por actor; ninguna URL objetivo está implementada
V040,Reportes académicos,Director,/admin/reportes-academicos,/direccion/reportes-academicos,Transversal,Exportar evidencia autorizada,Datos académicos y ReporteGenerado,Gestión; curso; período; formato,Lectura/drill-down/export scope; sin crear contenido o calificar. Aprobación institucional específica VI,Página; confirmación datos sensibles,Admin/ReportesAcademicos,Skeleton local de contenido; botón wire:loading/target solo al guardar; preservar filtro y foco,Sin datos para el contexto; limpiar filtros; sin crear registro automático,Inline validation + error recuperable; 403 sin dato ajeno; sin toast de éxito,Confirmación solo tras respuesta persistida; lectura usa resultado sin toast innecesario,Reportes_Academicos; Policy/export scope a reforzar,DatosReporteAcademicoService; ReporteAcademicoInteligente,No necesario,P1,Institucional + gestión/período; lectura estratégica,PROPUESTA DE PETER 2,CONFIRMADO POR REPOSITORIO,Aplicar 02-actores y 08-crud; acciones genéricas se reducen por actor; ninguna URL objetivo está implementada
V041,Reportes administrativos,Director,/admin/reportes-administrativos,/direccion/reportes-administrativos,Institucional,Documentar operación autorizada,Inscripción; personal; ReporteGenerado,Gestión; estado; tipo; formato,Lectura/drill-down/export scope; sin crear contenido o calificar. Aprobación institucional específica VI,Página,Admin/ReportesAdministrativos,Skeleton local de contenido; botón wire:loading/target solo al guardar; preservar filtro y foco,Sin datos para el contexto; limpiar filtros; sin crear registro automático,Inline validation + error recuperable; 403 sin dato ajeno; sin toast de éxito,Confirmación solo tras respuesta persistida; lectura usa resultado sin toast innecesario,Reportes_Administrativos; scope export,DatosReporteAdministrativoService,No necesario,P1,Institucional + gestión/período; lectura estratégica,PROPUESTA DE PETER 2,CONFIRMADO POR REPOSITORIO,Aplicar 02-actores y 08-crud; acciones genéricas se reducen por actor; ninguna URL objetivo está implementada
V042,Calendario,Director,/admin/calendario-academico,/direccion/calendario,Transversal,Componer agenda institucional y del aula,CalendarioEvento; sesiones; fechas tarea,Gestión; curso; rango; fuente; estado,Lectura/drill-down/export scope; sin crear contenido o calificar. Aprobación institucional específica VI,Modal evento focal; página agenda,Admin/CalendarioAcademico,Skeleton local de contenido; botón wire:loading/target solo al guardar; preservar filtro y foco,Sin datos para el contexto; limpiar filtros; sin crear registro automático,Inline validation + error recuperable; 403 sin dato ajeno; sin toast de éxito,Confirmación solo tras respuesta persistida; lectura usa resultado sin toast innecesario,CalendarioEventoPolicy actual; lectura aula scoped propuesta,CalendarioAcademicoService,No necesario,P1,Institucional + gestión/período; lectura estratégica,PROPUESTA DE PETER 2,CONFIRMADO POR REPOSITORIO,Aplicar 02-actores y 08-crud; acciones genéricas se reducen por actor; ninguna URL objetivo está implementada
V043,Mi perfil,Director,/user/profile (vendor; no incluido en 64),/direccion/perfil,Identidad,Consultar y editar datos propios permitidos,User; Persona; Jetstream seguridad,No filtro,Editar cuenta; contraseña; 2FA; sesión,Página; confirmaciones Jetstream,Jetstream profile existente,Skeleton local de contenido; botón wire:loading/target solo al guardar; preservar filtro y foco,Sin datos para el contexto; limpiar filtros; sin crear registro automático,Inline validation + error recuperable; 403 sin dato ajeno; sin toast de éxito,Confirmación solo tras respuesta persistida; lectura usa resultado sin toast innecesario,Autenticación y propiedad,Fortify/Jetstream; datos Persona sujetos a autoridad,No necesario,P1,Institucional + gestión/período; lectura estratégica,PROPUESTA DE PETER 2,CONFIRMADO POR REPOSITORIO,Aplicar 02-actores y 08-crud; acciones genéricas se reducen por actor; ninguna URL objetivo está implementada
V044,Inicio,Secretaria,/dashboard,/secretaria,Transversal,Priorizar trabajo del actor,Gestión; período; indicadores reales del scope,Gestión; período,Abrir pendiente; ver contexto,Sin modal,AdminDashboardController; DashboardDocente/Estudiante LMS,Skeleton local de contenido; botón wire:loading/target solo al guardar; preservar filtro y foco,Sin datos para el contexto; limpiar filtros; sin crear registro automático,Inline validation + error recuperable; 403 sin dato ajeno; sin toast de éxito,Confirmación solo tras respuesta persistida; lectura usa resultado sin toast innecesario,Resolver actor propuesto; permisos Panel_* existentes,DashboardAdministrativoInteligente; CursoVirtualService,No necesario,P0,Operación administrativa; datos mínimos,PROPUESTA DE PETER 2,CONFIRMADO POR REPOSITORIO,Aplicar 02-actores y 08-crud; acciones genéricas se reducen por actor; ninguna URL objetivo está implementada
V045,Personas,Secretaria,/admin/gestion-personas,/secretaria/personas,Institucional,Registrar identidad única,Persona; vínculo de User y perfiles,Texto 400ms; estado; tipo vínculo,Crear; editar; ver,Página; drawer de detalle,Admin/GestionPersonas,Skeleton local de contenido; botón wire:loading/target solo al guardar; preservar filtro y foco,Sin datos para el contexto; limpiar filtros; sin crear registro automático,Inline validation + error recuperable; 403 sin dato ajeno; sin toast de éxito,Confirmación solo tras respuesta persistida; lectura usa resultado sin toast innecesario,Autorización Registro_Personas; Policy de registro a diseñar,PersonaInteligente,No necesario,P1,Operación administrativa; datos mínimos,PROPUESTA DE PETER 2,CONFIRMADO POR REPOSITORIO,Aplicar 02-actores y 08-crud; acciones genéricas se reducen por actor; ninguna URL objetivo está implementada
V046,Estudiantes,Secretaria,/admin/gestion-estudiantes,/secretaria/estudiantes,Institucional,Consultar/gestionar condición estudiantil,Estudiante; Persona; inscripción vigente,Gestión; curso; paralelo; estado; texto,Ver; registrar; editar autorizado,Página; drawer de detalle,Admin/GestionEstudiantes,Skeleton local de contenido; botón wire:loading/target solo al guardar; preservar filtro y foco,Sin datos para el contexto; limpiar filtros; sin crear registro automático,Inline validation + error recuperable; 403 sin dato ajeno; sin toast de éxito,Confirmación solo tras respuesta persistida; lectura usa resultado sin toast innecesario,Estudiantes actual; scope por actor obligatorio,EstudianteInteligente,No necesario,P1,Operación administrativa; datos mínimos,PROPUESTA DE PETER 2,CONFIRMADO POR REPOSITORIO,Aplicar 02-actores y 08-crud; acciones genéricas se reducen por actor; ninguna URL objetivo está implementada
V047,Inscripciones,Secretaria,/admin/gestion-inscripciones,/secretaria/inscripciones,Institucional,Registrar pertenencia y conservar vigencia,InscripcionEstudiante; InscripcionVigencia,Gestión; curso; paralelo; turno; estado,Inscribir; revisar; anular con motivo,Página/wizard documental; modal anulación,Admin/GestionInscripciones,Skeleton local de contenido; botón wire:loading/target solo al guardar; preservar filtro y foco,Sin datos para el contexto; limpiar filtros; sin crear registro automático,Inline validation + error recuperable; 403 sin dato ajeno; sin toast de éxito,Confirmación solo tras respuesta persistida; lectura usa resultado sin toast innecesario,InscripcionEstudiantePolicy,InscripcionService; InscripcionAcademica,No necesario,P1,Operación administrativa; datos mínimos,PROPUESTA DE PETER 2,CONFIRMADO POR REPOSITORIO,Aplicar 02-actores y 08-crud; acciones genéricas se reducen por actor; ninguna URL objetivo está implementada
V048,Documentación,Secretaria,/admin/gestion-inscripciones,/secretaria/documentacion,Institucional,Resolver pendientes documentales,DocumentoInscripcionEstudiante; inscripción,Gestión; documento; estado,Consultar; adjuntar/revisar autorizado,Wizard inscripción; drawer documento,GestionInscripciones reutilizable,Skeleton local de contenido; botón wire:loading/target solo al guardar; preservar filtro y foco,Sin datos para el contexto; limpiar filtros; sin crear registro automático,Inline validation + error recuperable; 403 sin dato ajeno; sin toast de éxito,Confirmación solo tras respuesta persistida; lectura usa resultado sin toast innecesario,InscripcionEstudiantePolicy; descargas individuales,InscripcionService; support inscripción,No necesario,P1,Operación administrativa; datos mínimos,PROPUESTA DE PETER 2,CONFIRMADO POR REPOSITORIO,Aplicar 02-actores y 08-crud; acciones genéricas se reducen por actor; ninguna URL objetivo está implementada
V049,Institución de procedencia,Secretaria,/admin/institucion-procedencia,/secretaria/procedencia,Institucional,Mantener catálogo de procedencia,InstitucionProcedencia,Texto; estado,Crear; editar autorizado,Página; drawer de detalle,Admin/InstitucionProcedencia,Skeleton local de contenido; botón wire:loading/target solo al guardar; preservar filtro y foco,Sin datos para el contexto; limpiar filtros; sin crear registro automático,Inline validation + error recuperable; 403 sin dato ajeno; sin toast de éxito,Confirmación solo tras respuesta persistida; lectura usa resultado sin toast innecesario,Institucion_Procedencia actual,InstitucionProcedenciaInteligente,No necesario,P1,Operación administrativa; datos mínimos,PROPUESTA DE PETER 2,CONFIRMADO POR REPOSITORIO,Aplicar 02-actores y 08-crud; acciones genéricas se reducen por actor; ninguna URL objetivo está implementada
V050,Tipo de vinculación,Secretaria,/admin/tipo-vinculacion-estudiante,/secretaria/vinculacion,Institucional,Mantener condición de vínculo,TipoVinculacionEstudiante,Texto; estado,Crear; editar autorizado,Página; drawer de detalle,Admin/TipoVinculacionEstudiante,Skeleton local de contenido; botón wire:loading/target solo al guardar; preservar filtro y foco,Sin datos para el contexto; limpiar filtros; sin crear registro automático,Inline validation + error recuperable; 403 sin dato ajeno; sin toast de éxito,Confirmación solo tras respuesta persistida; lectura usa resultado sin toast innecesario,Tipo_Vinculacion_Estudiante actual,TipoVinculacionEstudianteInteligente,No necesario,P1,Operación administrativa; datos mínimos,PROPUESTA DE PETER 2,CONFIRMADO POR REPOSITORIO,Aplicar 02-actores y 08-crud; acciones genéricas se reducen por actor; ninguna URL objetivo está implementada
V051,Cursos,Secretaria,/admin/gestion-cursos,/secretaria/cursos,Institucional,Gestionar oferta o leer alcance,Curso; inscripción; planes,Gestión; nivel validado; paralelo; turno,Lectura mínima; sin edición pedagógica,Página; drawer de detalle,Admin/GestionCurso,Skeleton local de contenido; botón wire:loading/target solo al guardar; preservar filtro y foco,Sin datos para el contexto; limpiar filtros; sin crear registro automático,Inline validation + error recuperable; 403 sin dato ajeno; sin toast de éxito,Confirmación solo tras respuesta persistida; lectura usa resultado sin toast innecesario,Cursos actual; registro scoped,CursoInteligente,No necesario,P1,Operación administrativa; datos mínimos,PROPUESTA DE PETER 2,CONFIRMADO POR REPOSITORIO,Aplicar 02-actores y 08-crud; acciones genéricas se reducen por actor; ninguna URL objetivo está implementada
V052,Paralelos,Secretaria,/admin/gestion-paralelos,/secretaria/paralelos,Institucional,Organizar oferta por paralelo,Paralelo; curso; planes,Gestión; curso; estado,Consultar; crear/editar autorizado,Página; drawer de detalle,Admin/GestionParalelo,Skeleton local de contenido; botón wire:loading/target solo al guardar; preservar filtro y foco,Sin datos para el contexto; limpiar filtros; sin crear registro automático,Inline validation + error recuperable; 403 sin dato ajeno; sin toast de éxito,Confirmación solo tras respuesta persistida; lectura usa resultado sin toast innecesario,Paralelos actual; límites por actor,ParaleloInteligente,No necesario,P1,Operación administrativa; datos mínimos,PROPUESTA DE PETER 2,CONFIRMADO POR REPOSITORIO,Aplicar 02-actores y 08-crud; acciones genéricas se reducen por actor; ninguna URL objetivo está implementada
V053,Turnos,Secretaria,/admin/gestion-turnos,/secretaria/turnos,Institucional,Configurar franja institucional,Turno; PlantillaHoraria,Estado; franja,Lectura mínima; sin edición pedagógica,Página; drawer de detalle,Admin/GestionTurnos,Skeleton local de contenido; botón wire:loading/target solo al guardar; preservar filtro y foco,Sin datos para el contexto; limpiar filtros; sin crear registro automático,Inline validation + error recuperable; 403 sin dato ajeno; sin toast de éxito,Confirmación solo tras respuesta persistida; lectura usa resultado sin toast innecesario,Turnos actual; Policy de acción,TurnoInteligente,No necesario,P1,Operación administrativa; datos mínimos,PROPUESTA DE PETER 2,CONFIRMADO POR REPOSITORIO,Aplicar 02-actores y 08-crud; acciones genéricas se reducen por actor; ninguna URL objetivo está implementada
V054,Calendario,Secretaria,/admin/calendario-academico,/secretaria/calendario,Transversal,Componer agenda institucional y del aula,CalendarioEvento; sesiones; fechas tarea,Gestión; curso; rango; fuente; estado,Ver; crear borrador o confirmar por función,Modal evento focal; página agenda,Admin/CalendarioAcademico,Skeleton local de contenido; botón wire:loading/target solo al guardar; preservar filtro y foco,Sin datos para el contexto; limpiar filtros; sin crear registro automático,Inline validation + error recuperable; 403 sin dato ajeno; sin toast de éxito,Confirmación solo tras respuesta persistida; lectura usa resultado sin toast innecesario,CalendarioEventoPolicy actual; lectura aula scoped propuesta,CalendarioAcademicoService,No necesario,P1,Operación administrativa; datos mínimos,PROPUESTA DE PETER 2,CONFIRMADO POR REPOSITORIO,Aplicar 02-actores y 08-crud; acciones genéricas se reducen por actor; ninguna URL objetivo está implementada
V055,Kardex,Secretaria,NO EXISTE RUTA ESPECÍFICA CONFIRMADA,/secretaria/kardex,Kardex,Registrar o consultar evidencia formativa,Observación conceptual; SeguimientoAcademico candidato; contexto,Gestión; curso; alumno; tipo; visibilidad; rango,Lectura mínima; sin edición pedagógica,Página timeline; modal observación; drawer detalle,No componente específico confirmado,Skeleton local de contenido; botón wire:loading/target solo al guardar; preservar filtro y foco,Sin datos para el contexto; limpiar filtros; sin crear registro automático,Inline validation + error recuperable; 403 sin dato ajeno; sin toast de éxito,Confirmación solo tras respuesta persistida; lectura usa resultado sin toast innecesario,Policy Kardex propuesta; no equivale SeguimientoAcademicoPolicy,Servicio Kardex propuesto; BitacoraService reutilizado,Futuro opcional P3; fallback local,P2,Operación administrativa; datos mínimos,PROPUESTA DE PETER 2,PROPUESTA / PARCIAL; ver componente indicado,Aplicar 02-actores y 08-crud; acciones genéricas se reducen por actor; ninguna URL objetivo está implementada
V056,Reportes administrativos,Secretaria,/admin/reportes-administrativos,/secretaria/reportes-administrativos,Institucional,Documentar operación autorizada,Inscripción; personal; ReporteGenerado,Gestión; estado; tipo; formato,Previsualizar; exportar,Página,Admin/ReportesAdministrativos,Skeleton local de contenido; botón wire:loading/target solo al guardar; preservar filtro y foco,Sin datos para el contexto; limpiar filtros; sin crear registro automático,Inline validation + error recuperable; 403 sin dato ajeno; sin toast de éxito,Confirmación solo tras respuesta persistida; lectura usa resultado sin toast innecesario,Reportes_Administrativos; scope export,DatosReporteAdministrativoService,No necesario,P1,Operación administrativa; datos mínimos,PROPUESTA DE PETER 2,CONFIRMADO POR REPOSITORIO,Aplicar 02-actores y 08-crud; acciones genéricas se reducen por actor; ninguna URL objetivo está implementada
V057,Mi perfil,Secretaria,/user/profile (vendor; no incluido en 64),/secretaria/perfil,Identidad,Consultar y editar datos propios permitidos,User; Persona; Jetstream seguridad,No filtro,Editar cuenta; contraseña; 2FA; sesión,Página; confirmaciones Jetstream,Jetstream profile existente,Skeleton local de contenido; botón wire:loading/target solo al guardar; preservar filtro y foco,Sin datos para el contexto; limpiar filtros; sin crear registro automático,Inline validation + error recuperable; 403 sin dato ajeno; sin toast de éxito,Confirmación solo tras respuesta persistida; lectura usa resultado sin toast innecesario,Autenticación y propiedad,Fortify/Jetstream; datos Persona sujetos a autoridad,No necesario,P1,Operación administrativa; datos mínimos,PROPUESTA DE PETER 2,CONFIRMADO POR REPOSITORIO,Aplicar 02-actores y 08-crud; acciones genéricas se reducen por actor; ninguna URL objetivo está implementada
V058,Inicio,Regente,/dashboard,/regencia,Transversal,Priorizar trabajo del actor,Gestión; período; indicadores reales del scope,Gestión; período,Abrir pendiente; ver contexto,Sin modal,AdminDashboardController; DashboardDocente/Estudiante LMS,Skeleton local de contenido; botón wire:loading/target solo al guardar; preservar filtro y foco,Sin datos para el contexto; limpiar filtros; sin crear registro automático,Inline validation + error recuperable; 403 sin dato ajeno; sin toast de éxito,Confirmación solo tras respuesta persistida; lectura usa resultado sin toast innecesario,Resolver actor propuesto; permisos Panel_* existentes,DashboardAdministrativoInteligente; CursoVirtualService,No necesario,P0,Gestión + grados asignados; negar si falta vínculo,PROPUESTA DE PETER 2,CONFIRMADO POR REPOSITORIO,Aplicar 02-actores y 08-crud; acciones genéricas se reducen por actor; ninguna URL objetivo está implementada
V059,Mis grados,Regente,NO EXISTE RUTA ESPECÍFICA CONFIRMADA,/regencia/mis-grados,Institucional,Mostrar exclusivamente asignaciones vigentes,Regente; asignación gestión-grado conceptual,Gestión; vigencia,Lectura/drill-down/export scope; sin crear contenido o calificar. Seguimiento operativo sujeto a VI,Página; empty sin asignaciones,No componente ni relación grados confirmados,Skeleton local de contenido; botón wire:loading/target solo al guardar; preservar filtro y foco,Sin datos para el contexto; limpiar filtros; sin crear registro automático,Inline validation + error recuperable; 403 sin dato ajeno; sin toast de éxito,Confirmación solo tras respuesta persistida; lectura usa resultado sin toast innecesario,Policy asignación/lectura propuesta,Servicio scope regencia propuesto,No necesario,P1,Gestión + grados asignados; negar si falta vínculo,PROPUESTA DE PETER 2,PROPUESTA / PARCIAL; ver componente indicado,Aplicar 02-actores y 08-crud; acciones genéricas se reducen por actor; ninguna URL objetivo está implementada
V060,Cursos,Regente,/admin/gestion-cursos,/regencia/cursos,Institucional,Gestionar oferta o leer alcance,Curso; inscripción; planes,Gestión; nivel validado; paralelo; turno,Lectura/drill-down/export scope; sin crear contenido o calificar. Seguimiento operativo sujeto a VI,Página; drawer de detalle,Admin/GestionCurso,Skeleton local de contenido; botón wire:loading/target solo al guardar; preservar filtro y foco,Sin datos para el contexto; limpiar filtros; sin crear registro automático,Inline validation + error recuperable; 403 sin dato ajeno; sin toast de éxito,Confirmación solo tras respuesta persistida; lectura usa resultado sin toast innecesario,Cursos actual; registro scoped,CursoInteligente,No necesario,P1,Gestión + grados asignados; negar si falta vínculo,PROPUESTA DE PETER 2,CONFIRMADO POR REPOSITORIO,Aplicar 02-actores y 08-crud; acciones genéricas se reducen por actor; ninguna URL objetivo está implementada
V061,Estudiantes,Regente,/admin/gestion-estudiantes,/regencia/estudiantes,Institucional,Consultar/gestionar condición estudiantil,Estudiante; Persona; inscripción vigente,Gestión; curso; paralelo; estado; texto,Lectura/drill-down/export scope; sin crear contenido o calificar. Seguimiento operativo sujeto a VI,Página; drawer de detalle,Admin/GestionEstudiantes,Skeleton local de contenido; botón wire:loading/target solo al guardar; preservar filtro y foco,Sin datos para el contexto; limpiar filtros; sin crear registro automático,Inline validation + error recuperable; 403 sin dato ajeno; sin toast de éxito,Confirmación solo tras respuesta persistida; lectura usa resultado sin toast innecesario,Estudiantes actual; scope por actor obligatorio,EstudianteInteligente,No necesario,P1,Gestión + grados asignados; negar si falta vínculo,PROPUESTA DE PETER 2,CONFIRMADO POR REPOSITORIO,Aplicar 02-actores y 08-crud; acciones genéricas se reducen por actor; ninguna URL objetivo está implementada
V062,Asistencia del alcance,Regente,NO EXISTE RUTA ESPECÍFICA CONFIRMADA,/regencia/asistencia-institucional,Institucional/LMS,Consultar asistencia institucional o grados autorizados,Sesiones; AsistenciaClase/Estudiante; denominadores,Gestión; grados asignados; curso; rango,Lectura/drill-down/export scope; sin crear contenido o calificar. Seguimiento operativo sujeto a VI,Página resumen; drawer sesión,"HistorialAsistenciaDocente parcial, sin vista regencia/director",Skeleton local de contenido; botón wire:loading/target solo al guardar; preservar filtro y foco,Sin datos para el contexto; limpiar filtros; sin crear registro automático,Inline validation + error recuperable; 403 sin dato ajeno; sin toast de éxito,Confirmación solo tras respuesta persistida; lectura usa resultado sin toast innecesario,Policy de lectura alcance propuesta,AsistenciaService; reportes,No necesario,P1,Gestión + grados asignados; negar si falta vínculo,PROPUESTA DE PETER 2,PROPUESTA / PARCIAL; ver componente indicado,Aplicar 02-actores y 08-crud; acciones genéricas se reducen por actor; ninguna URL objetivo está implementada
V063,Kardex,Regente,NO EXISTE RUTA ESPECÍFICA CONFIRMADA,/regencia/kardex,Kardex,Registrar o consultar evidencia formativa,Observación conceptual; SeguimientoAcademico candidato; contexto,Gestión; curso; alumno; tipo; visibilidad; rango,Lectura/drill-down/export scope; sin crear contenido o calificar. Seguimiento operativo sujeto a VI,Página timeline; modal observación; drawer detalle,No componente específico confirmado,Skeleton local de contenido; botón wire:loading/target solo al guardar; preservar filtro y foco,Sin datos para el contexto; limpiar filtros; sin crear registro automático,Inline validation + error recuperable; 403 sin dato ajeno; sin toast de éxito,Confirmación solo tras respuesta persistida; lectura usa resultado sin toast innecesario,Policy Kardex propuesta; no equivale SeguimientoAcademicoPolicy,Servicio Kardex propuesto; BitacoraService reutilizado,Futuro opcional P3; fallback local,P2,Gestión + grados asignados; negar si falta vínculo,PROPUESTA DE PETER 2,PROPUESTA / PARCIAL; ver componente indicado,Aplicar 02-actores y 08-crud; acciones genéricas se reducen por actor; ninguna URL objetivo está implementada
V064,Seguimientos,Regente,NO EXISTE RUTA ESPECÍFICA CONFIRMADA,/regencia/seguimientos,Seguimiento,Acompañar caso y preservar responsable/historia,SeguimientoAcademico; NovedadEstudiante,Gestión; estado; responsable; curso; fecha,Lectura/drill-down/export scope; sin crear contenido o calificar. Seguimiento operativo sujeto a VI,Página expediente; modal cierre con motivo,Sin componente autónomo confirmado,Skeleton local de contenido; botón wire:loading/target solo al guardar; preservar filtro y foco,Sin datos para el contexto; limpiar filtros; sin crear registro automático,Inline validation + error recuperable; 403 sin dato ajeno; sin toast de éxito,Confirmación solo tras respuesta persistida; lectura usa resultado sin toast innecesario,SeguimientoAcademicoPolicy actual necesita actor/scope,Reusar modelos/support; service específico propuesto,No necesario,P1,Gestión + grados asignados; negar si falta vínculo,PROPUESTA DE PETER 2,PROPUESTA / PARCIAL; ver componente indicado,Aplicar 02-actores y 08-crud; acciones genéricas se reducen por actor; ninguna URL objetivo está implementada
V065,LMS institucional/supervisión,Regente,NO EXISTE RUTA ESPECÍFICA CONFIRMADA,/regencia/lms-supervision,LMS,Supervisar sin actuar como docente,ClaseVirtual; tareas; entregas agregadas,Gestión; período; curso; participación,Lectura/drill-down/export scope; sin crear contenido o calificar. Seguimiento operativo sujeto a VI,Página agregados,No vista completa para actor confirmada,Skeleton local de contenido; botón wire:loading/target solo al guardar; preservar filtro y foco,Sin datos para el contexto; limpiar filtros; sin crear registro automático,Inline validation + error recuperable; 403 sin dato ajeno; sin toast de éxito,Confirmación solo tras respuesta persistida; lectura usa resultado sin toast innecesario,Policies de lectura institucional propuestas,CursoVirtualService; ReporteAulaVirtualService reutilizados,No necesario,P1,Gestión + grados asignados; negar si falta vínculo,PROPUESTA DE PETER 2,PROPUESTA / PARCIAL; ver componente indicado,Aplicar 02-actores y 08-crud; acciones genéricas se reducen por actor; ninguna URL objetivo está implementada
V066,Alertas,Regente,NO EXISTE RUTA ESPECÍFICA CONFIRMADA,/regencia/alertas,Seguimiento,Priorizar eventos del alcance,Seguimiento; asistencia; evidencia de regla,Gestión; grado; curso; urgencia; estado,Lectura/drill-down/export scope; sin crear contenido o calificar. Seguimiento operativo sujeto a VI,Página; drawer evidencia,No componente específico confirmado,Skeleton local de contenido; botón wire:loading/target solo al guardar; preservar filtro y foco,Sin datos para el contexto; limpiar filtros; sin crear registro automático,Inline validation + error recuperable; 403 sin dato ajeno; sin toast de éxito,Confirmación solo tras respuesta persistida; lectura usa resultado sin toast innecesario,Policy/scope alertas propuesto,NotificacionInteligente parcial; support preventivo,Futuro opcional P3; fallback local,P2,Gestión + grados asignados; negar si falta vínculo,PROPUESTA DE PETER 2,PROPUESTA / PARCIAL; ver componente indicado,Aplicar 02-actores y 08-crud; acciones genéricas se reducen por actor; ninguna URL objetivo está implementada
V067,Calendario,Regente,/admin/calendario-academico,/regencia/calendario,Transversal,Componer agenda institucional y del aula,CalendarioEvento; sesiones; fechas tarea,Gestión; curso; rango; fuente; estado,Lectura/drill-down/export scope; sin crear contenido o calificar. Seguimiento operativo sujeto a VI,Modal evento focal; página agenda,Admin/CalendarioAcademico,Skeleton local de contenido; botón wire:loading/target solo al guardar; preservar filtro y foco,Sin datos para el contexto; limpiar filtros; sin crear registro automático,Inline validation + error recuperable; 403 sin dato ajeno; sin toast de éxito,Confirmación solo tras respuesta persistida; lectura usa resultado sin toast innecesario,CalendarioEventoPolicy actual; lectura aula scoped propuesta,CalendarioAcademicoService,No necesario,P1,Gestión + grados asignados; negar si falta vínculo,PROPUESTA DE PETER 2,CONFIRMADO POR REPOSITORIO,Aplicar 02-actores y 08-crud; acciones genéricas se reducen por actor; ninguna URL objetivo está implementada
V068,Reportes académicos,Regente,/admin/reportes-academicos,/regencia/reportes-academicos,Transversal,Exportar evidencia autorizada,Datos académicos y ReporteGenerado,Gestión; curso; período; formato,Lectura/drill-down/export scope; sin crear contenido o calificar. Seguimiento operativo sujeto a VI,Página; confirmación datos sensibles,Admin/ReportesAcademicos,Skeleton local de contenido; botón wire:loading/target solo al guardar; preservar filtro y foco,Sin datos para el contexto; limpiar filtros; sin crear registro automático,Inline validation + error recuperable; 403 sin dato ajeno; sin toast de éxito,Confirmación solo tras respuesta persistida; lectura usa resultado sin toast innecesario,Reportes_Academicos; Policy/export scope a reforzar,DatosReporteAcademicoService; ReporteAcademicoInteligente,No necesario,P1,Gestión + grados asignados; negar si falta vínculo,PROPUESTA DE PETER 2,CONFIRMADO POR REPOSITORIO,Aplicar 02-actores y 08-crud; acciones genéricas se reducen por actor; ninguna URL objetivo está implementada
V069,Mi perfil,Regente,/user/profile (vendor; no incluido en 64),/regencia/perfil,Identidad,Consultar y editar datos propios permitidos,User; Persona; Jetstream seguridad,No filtro,Editar cuenta; contraseña; 2FA; sesión,Página; confirmaciones Jetstream,Jetstream profile existente,Skeleton local de contenido; botón wire:loading/target solo al guardar; preservar filtro y foco,Sin datos para el contexto; limpiar filtros; sin crear registro automático,Inline validation + error recuperable; 403 sin dato ajeno; sin toast de éxito,Confirmación solo tras respuesta persistida; lectura usa resultado sin toast innecesario,Autenticación y propiedad,Fortify/Jetstream; datos Persona sujetos a autoridad,No necesario,P1,Gestión + grados asignados; negar si falta vínculo,PROPUESTA DE PETER 2,CONFIRMADO POR REPOSITORIO,Aplicar 02-actores y 08-crud; acciones genéricas se reducen por actor; ninguna URL objetivo está implementada
V070,Inicio,Docente,/dashboard,/docente,Transversal,Priorizar trabajo del actor,Gestión; período; indicadores reales del scope,Gestión; período,Abrir pendiente; ver contexto,Sin modal,AdminDashboardController; DashboardDocente/Estudiante LMS,Skeleton local de contenido; botón wire:loading/target solo al guardar; preservar filtro y foco,Sin datos para el contexto; limpiar filtros; sin crear registro automático,Inline validation + error recuperable; 403 sin dato ajeno; sin toast de éxito,Confirmación solo tras respuesta persistida; lectura usa resultado sin toast innecesario,Resolver actor propuesto; permisos Panel_* existentes,DashboardAdministrativoInteligente; CursoVirtualService,No necesario,P0,Cursos/planes asignados y estudiantes vigentes,PROPUESTA DE PETER 2,CONFIRMADO POR REPOSITORIO,Aplicar 02-actores y 08-crud; acciones genéricas se reducen por actor; ninguna URL objetivo está implementada
V071,Mis cursos/materias,Docente,/aula-virtual/mis-cursos,/docente/mis-cursos,LMS,Abrir aulas autorizadas,ClaseVirtual; planes; miembros; progreso definido,Gestión; asignatura; período; texto,Abrir curso; consultar pendientes,Página cards,MisCursosDocente / MisAsignaturasEstudiante,Skeleton local de contenido; botón wire:loading/target solo al guardar; preservar filtro y foco,Sin datos para el contexto; limpiar filtros; sin crear registro automático,Inline validation + error recuperable; 403 sin dato ajeno; sin toast de éxito,Confirmación solo tras respuesta persistida; lectura usa resultado sin toast innecesario,ClaseVirtualPolicy,CursoVirtualService,No necesario,P1,Cursos/planes asignados y estudiantes vigentes,PROPUESTA DE PETER 2,CONFIRMADO POR REPOSITORIO,Aplicar 02-actores y 08-crud; acciones genéricas se reducen por actor; ninguna URL objetivo está implementada
V072,Curso: resumen,Docente,/aula-virtual/mis-cursos/{curso},/docente/curso,LMS,Centralizar contexto de enseñanza/aprendizaje,ClaseVirtual; docente; asignatura; grado validado; período,Curso; período,Abrir tabs y actividades autorizadas,Página curso,CursoDetalleDocente / CursoDetalleEstudiante,Skeleton local de contenido; botón wire:loading/target solo al guardar; preservar filtro y foco,Sin datos para el contexto; limpiar filtros; sin crear registro automático,Inline validation + error recuperable; 403 sin dato ajeno; sin toast de éxito,Confirmación solo tras respuesta persistida; lectura usa resultado sin toast innecesario,ClaseVirtualPolicy,CursoVirtualService,No necesario,P1,Cursos/planes asignados y estudiantes vigentes,PROPUESTA DE PETER 2,CONFIRMADO POR REPOSITORIO,Aplicar 02-actores y 08-crud; acciones genéricas se reducen por actor; ninguna URL objetivo está implementada
V073,Curso: contenido/unidades,Docente,NO EXISTE RUTA ESPECÍFICA CONFIRMADA,/docente/aula/{curso}/contenido (alias opcional D1; opción A mantiene /aula-virtual),LMS,Ordenar recursos por secuencia curricular,Unidad/sección propuesta; material/tarea existentes,Curso; unidad; publicación,Docente ordenar; estudiante ver publicado,Página unidades; modal unidad focal,CursoDetalle reutilizable; unidades propuestas,Skeleton local de contenido; botón wire:loading/target solo al guardar; preservar filtro y foco,Sin datos para el contexto; limpiar filtros; sin crear registro automático,Inline validation + error recuperable; 403 sin dato ajeno; sin toast de éxito,Confirmación solo tras respuesta persistida; lectura usa resultado sin toast innecesario,ClaseVirtualPolicy + visibilidad de recursos,MaterialService; TareaService; estructura propuesta,No necesario,P2,Cursos/planes asignados y estudiantes vigentes,PROPUESTA DE PETER 2,PROPUESTA / PARCIAL; ver componente indicado,Aplicar 02-actores y 08-crud; acciones genéricas se reducen por actor; ninguna URL objetivo está implementada
V074,Curso: materiales,Docente,/aula-virtual/cursos/{curso}/materiales,/docente/aula/{curso}/materiales (alias opcional D1; opción A mantiene /aula-virtual),LMS,Compartir y consultar recursos publicados,MaterialClase; archivo/enlace; visibilidad,Curso; tipo; estado; búsqueda,Docente subir/publicar/ocultar; estudiante descargar,Modal material; drawer preview,ListaMateriales; CrearMaterial; EditarMaterial,Skeleton local de contenido; botón wire:loading/target solo al guardar; preservar filtro y foco,Sin datos para el contexto; limpiar filtros; sin crear registro automático,Inline validation + error recuperable; 403 sin dato ajeno; sin toast de éxito,Confirmación solo tras respuesta persistida; lectura usa resultado sin toast innecesario,MaterialClasePolicy; download scope,MaterialService,No necesario,P1,Cursos/planes asignados y estudiantes vigentes,PROPUESTA DE PETER 2,CONFIRMADO POR REPOSITORIO,Aplicar 02-actores y 08-crud; acciones genéricas se reducen por actor; ninguna URL objetivo está implementada
V075,Curso: actividades,Docente,/aula-virtual/mis-cursos/{curso},/docente/aula/{curso}/actividades (alias opcional D1; opción A mantiene /aula-virtual),LMS,Agrupar tipos pedagógicos sin duplicar tarea,Tarea tip_tar; fechas; puntaje,Curso; tipo; publicación; fecha,Ver; crear tipo de tarea docente,Página/tab; formulario focal,CrearTarea; EditarTarea,Skeleton local de contenido; botón wire:loading/target solo al guardar; preservar filtro y foco,Sin datos para el contexto; limpiar filtros; sin crear registro automático,Inline validation + error recuperable; 403 sin dato ajeno; sin toast de éxito,Confirmación solo tras respuesta persistida; lectura usa resultado sin toast innecesario,TareaPolicy,TareaService,No necesario,P1,Cursos/planes asignados y estudiantes vigentes,PROPUESTA DE PETER 2,CONFIRMADO POR REPOSITORIO,Aplicar 02-actores y 08-crud; acciones genéricas se reducen por actor; ninguna URL objetivo está implementada
V076,Curso: tareas,Docente,/aula-virtual/mis-cursos/{curso},/docente/aula/{curso}/tareas (alias opcional D1; opción A mantiene /aula-virtual),LMS,Gestionar plazos e instrucciones,Tarea; publicación; cierre; puntaje máximo,Curso; estado; vencimiento,Docente crear/editar/publicar; estudiante abrir/entregar,Modal focal o página tarea compleja,CrearTarea; EditarTarea; CursoDetalle,Skeleton local de contenido; botón wire:loading/target solo al guardar; preservar filtro y foco,Sin datos para el contexto; limpiar filtros; sin crear registro automático,Inline validation + error recuperable; 403 sin dato ajeno; sin toast de éxito,Confirmación solo tras respuesta persistida; lectura usa resultado sin toast innecesario,TareaPolicy,TareaService,No necesario,P1,Cursos/planes asignados y estudiantes vigentes,PROPUESTA DE PETER 2,CONFIRMADO POR REPOSITORIO,Aplicar 02-actores y 08-crud; acciones genéricas se reducen por actor; ninguna URL objetivo está implementada
V077,Curso: entregas,Docente,/aula-virtual/tareas/{tarea}/revisar,/docente/aula/{curso}/entregas (alias opcional D1; opción A mantiene /aula-virtual),LMS,Revisar y retroalimentar o enviar trabajo propio,EntregaTarea; EntregaArchivo; nota tarea,Tarea; estado; alumno autorizado; fecha,Docente revisar/devolver; estudiante enviar borrador,Página revisión/envío; modal calificar,RevisarEntregas; EntregarTarea; CalificarEntrega,Skeleton local de contenido; botón wire:loading/target solo al guardar; preservar filtro y foco,Sin datos para el contexto; limpiar filtros; sin crear registro automático,Inline validation + error recuperable; 403 sin dato ajeno; sin toast de éxito,Confirmación solo tras respuesta persistida; lectura usa resultado sin toast innecesario,EntregaTareaPolicy,EntregaService,No necesario,P1,Cursos/planes asignados y estudiantes vigentes,PROPUESTA DE PETER 2,CONFIRMADO POR REPOSITORIO,Aplicar 02-actores y 08-crud; acciones genéricas se reducen por actor; ninguna URL objetivo está implementada
V078,Curso: asistencia,Docente,/aula-virtual/mis-cursos/{curso}/asistencia/registrar,/docente/aula/{curso}/asistencia-aula (alias opcional D1; opción A mantiene /aula-virtual),LMS,Registrar clase o leer asistencia propia,AsistenciaClase; AsistenciaEstudiante; sesión,Curso; sesión; fecha; estado,Docente guardar lista; estudiante consultar propia,Página lista; confirmación corrección,RegistrarAsistencia; MiAsistenciaEstudiante; HistorialAsistenciaDocente,Skeleton local de contenido; botón wire:loading/target solo al guardar; preservar filtro y foco,Sin datos para el contexto; limpiar filtros; sin crear registro automático,Inline validation + error recuperable; 403 sin dato ajeno; sin toast de éxito,Confirmación solo tras respuesta persistida; lectura usa resultado sin toast innecesario,AsistenciaClasePolicy,AsistenciaService,No necesario,P1,Cursos/planes asignados y estudiantes vigentes,PROPUESTA DE PETER 2,CONFIRMADO POR REPOSITORIO,Aplicar 02-actores y 08-crud; acciones genéricas se reducen por actor; ninguna URL objetivo está implementada
V079,Curso: calificaciones,Docente,/aula-virtual/tareas/{tarea}/revisar,/docente/aula/{curso}/notas-aula (alias opcional D1; opción A mantiene /aula-virtual),LMS,Ver nota de actividad sin reemplazar oficial,CalificacionTarea; EntregaTarea; pun_max,Curso; tarea; alumno propio; estado,Docente calificar; estudiante ver feedback propio,Página libro propuesto; modal calificar,CalificarEntrega; CursoDetalle parcial,Skeleton local de contenido; botón wire:loading/target solo al guardar; preservar filtro y foco,Sin datos para el contexto; limpiar filtros; sin crear registro automático,Inline validation + error recuperable; 403 sin dato ajeno; sin toast de éxito,Confirmación solo tras respuesta persistida; lectura usa resultado sin toast innecesario,EntregaTareaPolicy::grade/view,EntregaService,No necesario,P1,Cursos/planes asignados y estudiantes vigentes,PROPUESTA DE PETER 2,CONFIRMADO POR REPOSITORIO,Aplicar 02-actores y 08-crud; acciones genéricas se reducen por actor; ninguna URL objetivo está implementada
V080,Curso: estudiantes,Docente,/aula-virtual/mis-cursos/{curso},/docente/aula/{curso}/alumnos-aula (alias opcional D1; opción A mantiene /aula-virtual),LMS,Consultar membresía mínima del aula,ClaseEstudiante; Estudiante; vigencia,Curso; estado; texto,Docente ver alumnos mínimos; abrir seguimiento,Página/tab; drawer mínimo,CursoDetalleDocente parcial,Skeleton local de contenido; botón wire:loading/target solo al guardar; preservar filtro y foco,Sin datos para el contexto; limpiar filtros; sin crear registro automático,Inline validation + error recuperable; 403 sin dato ajeno; sin toast de éxito,Confirmación solo tras respuesta persistida; lectura usa resultado sin toast innecesario,ClaseVirtualPolicy y proyección de datos,CursoVirtualService,No necesario,P1,Cursos/planes asignados y estudiantes vigentes,PROPUESTA DE PETER 2,CONFIRMADO POR REPOSITORIO,Aplicar 02-actores y 08-crud; acciones genéricas se reducen por actor; ninguna URL objetivo está implementada
V081,Calendario,Docente,/admin/calendario-academico,/docente/calendario,Transversal,Componer agenda institucional y del aula,CalendarioEvento; sesiones; fechas tarea,Gestión; curso; rango; fuente; estado,Ver; crear borrador o confirmar por función,Modal evento focal; página agenda,Admin/CalendarioAcademico,Skeleton local de contenido; botón wire:loading/target solo al guardar; preservar filtro y foco,Sin datos para el contexto; limpiar filtros; sin crear registro automático,Inline validation + error recuperable; 403 sin dato ajeno; sin toast de éxito,Confirmación solo tras respuesta persistida; lectura usa resultado sin toast innecesario,CalendarioEventoPolicy actual; lectura aula scoped propuesta,CalendarioAcademicoService,No necesario,P1,Cursos/planes asignados y estudiantes vigentes,PROPUESTA DE PETER 2,CONFIRMADO POR REPOSITORIO,Aplicar 02-actores y 08-crud; acciones genéricas se reducen por actor; ninguna URL objetivo está implementada
V082,Kardex,Docente,NO EXISTE RUTA ESPECÍFICA CONFIRMADA,/docente/kardex,Kardex,Registrar o consultar evidencia formativa,Observación conceptual; SeguimientoAcademico candidato; contexto,Gestión; curso; alumno; tipo; visibilidad; rango,Docente registrar; otros lectura; corrección enlazada,Página timeline; modal observación; drawer detalle,No componente específico confirmado,Skeleton local de contenido; botón wire:loading/target solo al guardar; preservar filtro y foco,Sin datos para el contexto; limpiar filtros; sin crear registro automático,Inline validation + error recuperable; 403 sin dato ajeno; sin toast de éxito,Confirmación solo tras respuesta persistida; lectura usa resultado sin toast innecesario,Policy Kardex propuesta; no equivale SeguimientoAcademicoPolicy,Servicio Kardex propuesto; BitacoraService reutilizado,Futuro opcional P3; fallback local,P2,Cursos/planes asignados y estudiantes vigentes,PROPUESTA DE PETER 2,PROPUESTA / PARCIAL; ver componente indicado,Aplicar 02-actores y 08-crud; acciones genéricas se reducen por actor; ninguna URL objetivo está implementada
V083,Seguimientos,Docente,NO EXISTE RUTA ESPECÍFICA CONFIRMADA,/docente/seguimientos,Seguimiento,Acompañar caso y preservar responsable/historia,SeguimientoAcademico; NovedadEstudiante,Gestión; estado; responsable; curso; fecha,Consultar; abrir/cerrar pedagógico si aprobado,Página expediente; modal cierre con motivo,Sin componente autónomo confirmado,Skeleton local de contenido; botón wire:loading/target solo al guardar; preservar filtro y foco,Sin datos para el contexto; limpiar filtros; sin crear registro automático,Inline validation + error recuperable; 403 sin dato ajeno; sin toast de éxito,Confirmación solo tras respuesta persistida; lectura usa resultado sin toast innecesario,SeguimientoAcademicoPolicy actual necesita actor/scope,Reusar modelos/support; service específico propuesto,No necesario,P1,Cursos/planes asignados y estudiantes vigentes,PROPUESTA DE PETER 2,PROPUESTA / PARCIAL; ver componente indicado,Aplicar 02-actores y 08-crud; acciones genéricas se reducen por actor; ninguna URL objetivo está implementada
V084,Orientación,Docente,/aula-virtual/orientacion,/docente/orientacion,Orientación,Explorar intereses y acompañar sin determinar carrera,OrientacionActividad/Resultado/Respuesta,Gestión; estado; curso según actor,Estudiante explorar; docente acompañar autorizado,Página; instrumento en wizard,OrientacionEstudiante; SeguimientoDocente,Skeleton local de contenido; botón wire:loading/target solo al guardar; preservar filtro y foco,Sin datos para el contexto; limpiar filtros; sin crear registro automático,Inline validation + error recuperable; 403 sin dato ajeno; sin toast de éxito,Confirmación solo tras respuesta persistida; lectura usa resultado sin toast innecesario,Scope propio/cursos; Policy orientación propuesta,OrientacionService,Futuro opcional P3; fallback local,P1,Cursos/planes asignados y estudiantes vigentes,PROPUESTA DE PETER 2,CONFIRMADO POR REPOSITORIO,Aplicar 02-actores y 08-crud; acciones genéricas se reducen por actor; ninguna URL objetivo está implementada
V085,Reportes académicos,Docente,/admin/reportes-academicos,/docente/reportes-academicos,Transversal,Exportar evidencia autorizada,Datos académicos y ReporteGenerado,Gestión; curso; período; formato,Previsualizar; descargar,Página; confirmación datos sensibles,Admin/ReportesAcademicos,Skeleton local de contenido; botón wire:loading/target solo al guardar; preservar filtro y foco,Sin datos para el contexto; limpiar filtros; sin crear registro automático,Inline validation + error recuperable; 403 sin dato ajeno; sin toast de éxito,Confirmación solo tras respuesta persistida; lectura usa resultado sin toast innecesario,Reportes_Academicos; Policy/export scope a reforzar,DatosReporteAcademicoService; ReporteAcademicoInteligente,No necesario,P1,Cursos/planes asignados y estudiantes vigentes,PROPUESTA DE PETER 2,CONFIRMADO POR REPOSITORIO,Aplicar 02-actores y 08-crud; acciones genéricas se reducen por actor; ninguna URL objetivo está implementada
V086,Mi perfil,Docente,/user/profile (vendor; no incluido en 64),/docente/perfil,Identidad,Consultar y editar datos propios permitidos,User; Persona; Jetstream seguridad,No filtro,Editar cuenta; contraseña; 2FA; sesión,Página; confirmaciones Jetstream,Jetstream profile existente,Skeleton local de contenido; botón wire:loading/target solo al guardar; preservar filtro y foco,Sin datos para el contexto; limpiar filtros; sin crear registro automático,Inline validation + error recuperable; 403 sin dato ajeno; sin toast de éxito,Confirmación solo tras respuesta persistida; lectura usa resultado sin toast innecesario,Autenticación y propiedad,Fortify/Jetstream; datos Persona sujetos a autoridad,No necesario,P1,Cursos/planes asignados y estudiantes vigentes,PROPUESTA DE PETER 2,CONFIRMADO POR REPOSITORIO,Aplicar 02-actores y 08-crud; acciones genéricas se reducen por actor; ninguna URL objetivo está implementada
V087,Inicio,Estudiante,/dashboard,/estudiante,Transversal,Priorizar trabajo del actor,Gestión; período; indicadores reales del scope,Gestión; período,Abrir pendiente; ver contexto,Sin modal,AdminDashboardController; DashboardDocente/Estudiante LMS,Skeleton local de contenido; botón wire:loading/target solo al guardar; preservar filtro y foco,Sin datos para el contexto; limpiar filtros; sin crear registro automático,Inline validation + error recuperable; 403 sin dato ajeno; sin toast de éxito,Confirmación solo tras respuesta persistida; lectura usa resultado sin toast innecesario,Resolver actor propuesto; permisos Panel_* existentes,DashboardAdministrativoInteligente; CursoVirtualService,No necesario,P0,Propio; inscripción/vigencia; recursos publicados,PROPUESTA DE PETER 2,CONFIRMADO POR REPOSITORIO,Aplicar 02-actores y 08-crud; acciones genéricas se reducen por actor; ninguna URL objetivo está implementada
V088,Mis cursos/materias,Estudiante,/aula-virtual/mis-asignaturas,/estudiante/mis-cursos,LMS,Abrir aulas autorizadas,ClaseVirtual; planes; miembros; progreso definido,Gestión; asignatura; período; texto,Lectura propia/publicada; abrir recurso autorizado,Página cards,MisCursosDocente / MisAsignaturasEstudiante,Skeleton local de contenido; botón wire:loading/target solo al guardar; preservar filtro y foco,Sin datos para el contexto; limpiar filtros; sin crear registro automático,Inline validation + error recuperable; 403 sin dato ajeno; sin toast de éxito,Confirmación solo tras respuesta persistida; lectura usa resultado sin toast innecesario,ClaseVirtualPolicy,CursoVirtualService,No necesario,P1,Propio; inscripción/vigencia; recursos publicados,PROPUESTA DE PETER 2,CONFIRMADO POR REPOSITORIO,Aplicar 02-actores y 08-crud; acciones genéricas se reducen por actor; ninguna URL objetivo está implementada
V089,Curso: resumen,Estudiante,/aula-virtual/mis-asignaturas/{curso},/estudiante/curso,LMS,Centralizar contexto de enseñanza/aprendizaje,ClaseVirtual; docente; asignatura; grado validado; período,Curso; período,Lectura propia/publicada; abrir recurso autorizado,Página curso,CursoDetalleDocente / CursoDetalleEstudiante,Skeleton local de contenido; botón wire:loading/target solo al guardar; preservar filtro y foco,Sin datos para el contexto; limpiar filtros; sin crear registro automático,Inline validation + error recuperable; 403 sin dato ajeno; sin toast de éxito,Confirmación solo tras respuesta persistida; lectura usa resultado sin toast innecesario,ClaseVirtualPolicy,CursoVirtualService,No necesario,P1,Propio; inscripción/vigencia; recursos publicados,PROPUESTA DE PETER 2,CONFIRMADO POR REPOSITORIO,Aplicar 02-actores y 08-crud; acciones genéricas se reducen por actor; ninguna URL objetivo está implementada
V090,Curso: contenido/unidades,Estudiante,NO EXISTE RUTA ESPECÍFICA CONFIRMADA,/estudiante/aula/{curso}/contenido (alias opcional D1; opción A mantiene /aula-virtual),LMS,Ordenar recursos por secuencia curricular,Unidad/sección propuesta; material/tarea existentes,Curso; unidad; publicación,Lectura propia/publicada; abrir recurso autorizado,Página unidades; modal unidad focal,CursoDetalle reutilizable; unidades propuestas,Skeleton local de contenido; botón wire:loading/target solo al guardar; preservar filtro y foco,Sin datos para el contexto; limpiar filtros; sin crear registro automático,Inline validation + error recuperable; 403 sin dato ajeno; sin toast de éxito,Confirmación solo tras respuesta persistida; lectura usa resultado sin toast innecesario,ClaseVirtualPolicy + visibilidad de recursos,MaterialService; TareaService; estructura propuesta,No necesario,P2,Propio; inscripción/vigencia; recursos publicados,PROPUESTA DE PETER 2,PROPUESTA / PARCIAL; ver componente indicado,Aplicar 02-actores y 08-crud; acciones genéricas se reducen por actor; ninguna URL objetivo está implementada
V091,Curso: materiales,Estudiante,/aula-virtual/cursos/{curso}/materiales,/estudiante/aula/{curso}/materiales (alias opcional D1; opción A mantiene /aula-virtual),LMS,Compartir y consultar recursos publicados,MaterialClase; archivo/enlace; visibilidad,Curso; tipo; estado; búsqueda,Lectura propia/publicada; abrir recurso autorizado,Modal material; drawer preview,ListaMateriales; CrearMaterial; EditarMaterial,Skeleton local de contenido; botón wire:loading/target solo al guardar; preservar filtro y foco,Sin datos para el contexto; limpiar filtros; sin crear registro automático,Inline validation + error recuperable; 403 sin dato ajeno; sin toast de éxito,Confirmación solo tras respuesta persistida; lectura usa resultado sin toast innecesario,MaterialClasePolicy; download scope,MaterialService,No necesario,P1,Propio; inscripción/vigencia; recursos publicados,PROPUESTA DE PETER 2,CONFIRMADO POR REPOSITORIO,Aplicar 02-actores y 08-crud; acciones genéricas se reducen por actor; ninguna URL objetivo está implementada
V092,Curso: tareas,Estudiante,/aula-virtual/mis-asignaturas/{curso},/estudiante/aula/{curso}/tareas (alias opcional D1; opción A mantiene /aula-virtual),LMS,Gestionar plazos e instrucciones,Tarea; publicación; cierre; puntaje máximo,Curso; estado; vencimiento,Lectura propia/publicada; abrir recurso autorizado,Modal focal o página tarea compleja,CrearTarea; EditarTarea; CursoDetalle,Skeleton local de contenido; botón wire:loading/target solo al guardar; preservar filtro y foco,Sin datos para el contexto; limpiar filtros; sin crear registro automático,Inline validation + error recuperable; 403 sin dato ajeno; sin toast de éxito,Confirmación solo tras respuesta persistida; lectura usa resultado sin toast innecesario,TareaPolicy,TareaService,No necesario,P1,Propio; inscripción/vigencia; recursos publicados,PROPUESTA DE PETER 2,CONFIRMADO POR REPOSITORIO,Aplicar 02-actores y 08-crud; acciones genéricas se reducen por actor; ninguna URL objetivo está implementada
V093,Curso: entregas,Estudiante,/aula-virtual/tareas/{tarea}/entregar,/estudiante/aula/{curso}/entregas (alias opcional D1; opción A mantiene /aula-virtual),LMS,Revisar y retroalimentar o enviar trabajo propio,EntregaTarea; EntregaArchivo; nota tarea,Tarea; estado; alumno autorizado; fecha,Docente revisar/devolver; estudiante enviar borrador,Página revisión/envío; modal calificar,RevisarEntregas; EntregarTarea; CalificarEntrega,Skeleton local de contenido; botón wire:loading/target solo al guardar; preservar filtro y foco,Sin datos para el contexto; limpiar filtros; sin crear registro automático,Inline validation + error recuperable; 403 sin dato ajeno; sin toast de éxito,Confirmación solo tras respuesta persistida; lectura usa resultado sin toast innecesario,EntregaTareaPolicy,EntregaService,No necesario,P1,Propio; inscripción/vigencia; recursos publicados,PROPUESTA DE PETER 2,CONFIRMADO POR REPOSITORIO,Aplicar 02-actores y 08-crud; acciones genéricas se reducen por actor; ninguna URL objetivo está implementada
V094,Curso: calificaciones,Estudiante,/aula-virtual/mis-asignaturas/{curso},/estudiante/aula/{curso}/notas-aula (alias opcional D1; opción A mantiene /aula-virtual),LMS,Ver nota de actividad sin reemplazar oficial,CalificacionTarea; EntregaTarea; pun_max,Curso; tarea; alumno propio; estado,Lectura propia/publicada; abrir recurso autorizado,Página libro propuesto; modal calificar,CalificarEntrega; CursoDetalle parcial,Skeleton local de contenido; botón wire:loading/target solo al guardar; preservar filtro y foco,Sin datos para el contexto; limpiar filtros; sin crear registro automático,Inline validation + error recuperable; 403 sin dato ajeno; sin toast de éxito,Confirmación solo tras respuesta persistida; lectura usa resultado sin toast innecesario,EntregaTareaPolicy::grade/view,EntregaService,No necesario,P1,Propio; inscripción/vigencia; recursos publicados,PROPUESTA DE PETER 2,CONFIRMADO POR REPOSITORIO,Aplicar 02-actores y 08-crud; acciones genéricas se reducen por actor; ninguna URL objetivo está implementada
V095,Curso: asistencia,Estudiante,/aula-virtual/mi-asistencia,/estudiante/aula/{curso}/asistencia-aula (alias opcional D1; opción A mantiene /aula-virtual),LMS,Registrar clase o leer asistencia propia,AsistenciaClase; AsistenciaEstudiante; sesión,Curso; sesión; fecha; estado,Lectura propia/publicada; abrir recurso autorizado,Página lista; confirmación corrección,RegistrarAsistencia; MiAsistenciaEstudiante; HistorialAsistenciaDocente,Skeleton local de contenido; botón wire:loading/target solo al guardar; preservar filtro y foco,Sin datos para el contexto; limpiar filtros; sin crear registro automático,Inline validation + error recuperable; 403 sin dato ajeno; sin toast de éxito,Confirmación solo tras respuesta persistida; lectura usa resultado sin toast innecesario,AsistenciaClasePolicy,AsistenciaService,No necesario,P1,Propio; inscripción/vigencia; recursos publicados,PROPUESTA DE PETER 2,CONFIRMADO POR REPOSITORIO,Aplicar 02-actores y 08-crud; acciones genéricas se reducen por actor; ninguna URL objetivo está implementada
V096,Calendario,Estudiante,/admin/calendario-academico,/estudiante/calendario,Transversal,Componer agenda institucional y del aula,CalendarioEvento; sesiones; fechas tarea,Gestión; curso; rango; fuente; estado,Lectura propia/publicada; abrir recurso autorizado,Modal evento focal; página agenda,Admin/CalendarioAcademico,Skeleton local de contenido; botón wire:loading/target solo al guardar; preservar filtro y foco,Sin datos para el contexto; limpiar filtros; sin crear registro automático,Inline validation + error recuperable; 403 sin dato ajeno; sin toast de éxito,Confirmación solo tras respuesta persistida; lectura usa resultado sin toast innecesario,CalendarioEventoPolicy actual; lectura aula scoped propuesta,CalendarioAcademicoService,No necesario,P1,Propio; inscripción/vigencia; recursos publicados,PROPUESTA DE PETER 2,CONFIRMADO POR REPOSITORIO,Aplicar 02-actores y 08-crud; acciones genéricas se reducen por actor; ninguna URL objetivo está implementada
V097,Mi progreso,Estudiante,NO EXISTE RUTA ESPECÍFICA CONFIRMADA,/estudiante/progreso,Analítica/LMS,Explicar avance propio con denominador visible,Tareas esperadas; entregas válidas; notas; asistencia,Gestión; período; materia,Consultar corte; abrir pendiente,Página gráficas+tabla,ProgresoCursoService actual requiere refactor,Skeleton local de contenido; botón wire:loading/target solo al guardar; preservar filtro y foco,Sin datos para el contexto; limpiar filtros; sin crear registro automático,Inline validation + error recuperable; 403 sin dato ajeno; sin toast de éxito,Confirmación solo tras respuesta persistida; lectura usa resultado sin toast innecesario,Propio; filtro cod_est servidor,CursoVirtualService; ProgresoCursoService,Futuro opcional P3; fallback local,P1,Propio; inscripción/vigencia; recursos publicados,PROPUESTA DE PETER 2,PROPUESTA / PARCIAL; ver componente indicado,Aplicar 02-actores y 08-crud; acciones genéricas se reducen por actor; ninguna URL objetivo está implementada
V098,Seguimientos,Estudiante,NO EXISTE RUTA ESPECÍFICA CONFIRMADA,/estudiante/seguimientos,Seguimiento,Acompañar caso y preservar responsable/historia,SeguimientoAcademico; NovedadEstudiante,Gestión; estado; responsable; curso; fecha,Lectura propia/publicada; abrir recurso autorizado,Página expediente; modal cierre con motivo,Sin componente autónomo confirmado,Skeleton local de contenido; botón wire:loading/target solo al guardar; preservar filtro y foco,Sin datos para el contexto; limpiar filtros; sin crear registro automático,Inline validation + error recuperable; 403 sin dato ajeno; sin toast de éxito,Confirmación solo tras respuesta persistida; lectura usa resultado sin toast innecesario,SeguimientoAcademicoPolicy actual necesita actor/scope,Reusar modelos/support; service específico propuesto,No necesario,P1,Propio; inscripción/vigencia; recursos publicados,PROPUESTA DE PETER 2,PROPUESTA / PARCIAL; ver componente indicado,Aplicar 02-actores y 08-crud; acciones genéricas se reducen por actor; ninguna URL objetivo está implementada
V099,Mis intereses,Estudiante,/aula-virtual/orientacion/explorador,/estudiante/mis-intereses,Orientación,Responder instrumento identificado,OrientacionPregunta/Respuesta; instrumento y versión pendientes,Actividad/instrumento,Responder; guardar avance; finalizar,Wizard de preguntas,ExploradorVocacional,Skeleton local de contenido; botón wire:loading/target solo al guardar; preservar filtro y foco,Sin datos para el contexto; limpiar filtros; sin crear registro automático,Inline validation + error recuperable; 403 sin dato ajeno; sin toast de éxito,Confirmación solo tras respuesta persistida; lectura usa resultado sin toast innecesario,Propio; Policy orientación propuesta,OrientacionService; mapper instrumental futuro,Futuro opcional P3; fallback local,P1,Propio; inscripción/vigencia; recursos publicados,PROPUESTA DE PETER 2,CONFIRMADO POR REPOSITORIO,Aplicar 02-actores y 08-crud; acciones genéricas se reducen por actor; ninguna URL objetivo está implementada
V100,Mi futuro académico,Estudiante,/aula-virtual/orientacion/resultados,/estudiante/futuro,Orientación,Explorar opciones con evidencia y límites,OrientacionResultado/CarreraSugerida; evidencia Peter3,Área; fuentes; fecha corte,Consultar opción; revisar evidencia,Página exploración; sin dictamen automático,ResultadoOrientacion parcial,Skeleton local de contenido; botón wire:loading/target solo al guardar; preservar filtro y foco,Sin datos para el contexto; limpiar filtros; sin crear registro automático,Inline validation + error recuperable; 403 sin dato ajeno; sin toast de éxito,Confirmación solo tras respuesta persistida; lectura usa resultado sin toast innecesario,Propio,OrientacionService actual; adapter Peter3 futuro,Futuro opcional P3; fallback local,P1,Propio; inscripción/vigencia; recursos publicados,PROPUESTA DE PETER 2,CONFIRMADO POR REPOSITORIO,Aplicar 02-actores y 08-crud; acciones genéricas se reducen por actor; ninguna URL objetivo está implementada
V101,Mi preparación,Estudiante,NO EXISTE RUTA ESPECÍFICA CONFIRMADA,/estudiante/preparacion,Orientación,Distinguir preparación académica de afinidad,Notas normalizadas; requisitos oficiales versionados,Área; período; opción,Ver evidencia; planificar refuerzo,Página; card evidencia insuficiente,No componente completo confirmado,Skeleton local de contenido; botón wire:loading/target solo al guardar; preservar filtro y foco,Sin datos para el contexto; limpiar filtros; sin crear registro automático,Inline validation + error recuperable; 403 sin dato ajeno; sin toast de éxito,Confirmación solo tras respuesta persistida; lectura usa resultado sin toast innecesario,Propio,Adapter Peter3 futuro; reportes/notas reutilizados,Futuro opcional P3; fallback local,P3,Propio; inscripción/vigencia; recursos publicados,PROPUESTA DE PETER 2,PROPUESTA / PARCIAL; ver componente indicado,Aplicar 02-actores y 08-crud; acciones genéricas se reducen por actor; ninguna URL objetivo está implementada
V102,Mi plan,Estudiante,NO EXISTE RUTA ESPECÍFICA CONFIRMADA,/estudiante/plan,Orientación,Planificar objetivos revisables propios,Objetivos/hitos conceptuales; evidencia,Horizonte; estado; área,Crear/revisar hito propio,Página; modal hito focal,No componente confirmado,Skeleton local de contenido; botón wire:loading/target solo al guardar; preservar filtro y foco,Sin datos para el contexto; limpiar filtros; sin crear registro automático,Inline validation + error recuperable; 403 sin dato ajeno; sin toast de éxito,Confirmación solo tras respuesta persistida; lectura usa resultado sin toast innecesario,Propio; Policy plan propuesta,Servicio plan conceptual,No necesario,P3,Propio; inscripción/vigencia; recursos publicados,PROPUESTA DE PETER 2,PROPUESTA / PARCIAL; ver componente indicado,Aplicar 02-actores y 08-crud; acciones genéricas se reducen por actor; ninguna URL objetivo está implementada
V103,Fuentes académicas,Estudiante,NO EXISTE RUTA ESPECÍFICA CONFIRMADA,/estudiante/fuentes,Orientación,Buscar evidencia identificable sin fuentes inventadas,Corpus externo versionado; source IDs,Texto; área; fuente; fecha,Buscar; abrir fuente validada,Página resultados; drawer fuente,No componente Laravel confirmado,Skeleton local de contenido; botón wire:loading/target solo al guardar; preservar filtro y foco,Sin datos para el contexto; limpiar filtros; sin crear registro automático,Inline validation + error recuperable; 403 sin dato ajeno; sin toast de éxito,Confirmación solo tras respuesta persistida; lectura usa resultado sin toast innecesario,Scope propio; no identidad civil,Adapter knowledge/search Peter3,Futuro opcional P3; fallback local,P3,Propio; inscripción/vigencia; recursos publicados,PROPUESTA DE PETER 2,PROPUESTA / PARCIAL; ver componente indicado,Aplicar 02-actores y 08-crud; acciones genéricas se reducen por actor; ninguna URL objetivo está implementada
V104,Asistente de estudio,Estudiante,NO EXISTE RUTA ESPECÍFICA CONFIRMADA,/estudiante/asistente,Orientación/LMS,Ayudar con contexto académico mínimo,Pregunta; asignatura; nivel; fuentes,Asignatura; nivel,Consultar; revisar fuentes y límites,Página conversación; datos mínimos,No componente Laravel confirmado,Skeleton local de contenido; botón wire:loading/target solo al guardar; preservar filtro y foco,Sin datos para el contexto; limpiar filtros; sin crear registro automático,Inline validation + error recuperable; 403 sin dato ajeno; sin toast de éxito,Confirmación solo tras respuesta persistida; lectura usa resultado sin toast innecesario,Propio/curso autorizado,Adapter tutor/query Peter3,Futuro opcional P3; fallback local,P3,Propio; inscripción/vigencia; recursos publicados,PROPUESTA DE PETER 2,PROPUESTA / PARCIAL; ver componente indicado,Aplicar 02-actores y 08-crud; acciones genéricas se reducen por actor; ninguna URL objetivo está implementada
V105,Mi perfil,Estudiante,/user/profile (vendor; no incluido en 64),/estudiante/perfil,Identidad,Consultar y editar datos propios permitidos,User; Persona; Jetstream seguridad,No filtro,Editar cuenta; contraseña; 2FA; sesión,Página; confirmaciones Jetstream,Jetstream profile existente,Skeleton local de contenido; botón wire:loading/target solo al guardar; preservar filtro y foco,Sin datos para el contexto; limpiar filtros; sin crear registro automático,Inline validation + error recuperable; 403 sin dato ajeno; sin toast de éxito,Confirmación solo tras respuesta persistida; lectura usa resultado sin toast innecesario,Autenticación y propiedad,Fortify/Jetstream; datos Persona sujetos a autoridad,No necesario,P1,Propio; inscripción/vigencia; recursos publicados,PROPUESTA DE PETER 2,CONFIRMADO POR REPOSITORIO,Aplicar 02-actores y 08-crud; acciones genéricas se reducen por actor; ninguna URL objetivo está implementada
