"Archivo","Estado","Origen","Referencias","Observaciones","SHA256"
".env.example","USED","TRACKED_MODIFIED","","Entrada/configuración o código referenciado; revisión funcional pendiente","99C374290A8E1A66BBB542144ABEFE720B98787C4E6AF7D539D3D2645DE8FCBE"
"app/Contracts/KardexRepository.php","BLOCKED","UNTRACKED","","Preparación detrás de flag false/aprobación/contrato; no acredita persistencia o integración científica terminada","2626FBEEDD5857C246E7EBAF1C586FFE5B05E366651BD4AF2B91EDE3061FAD9E"
"app/Contracts/SpecializedAcademicClient.php","USED","UNTRACKED","app\Providers\AppServiceProvider.php;app\Services\AporteIngenieril\TutorService.php;app\Services\AporteIngenieril\KnowledgeService.php;app\Services\AporteIngenieril\AporteIngenierilClient.php;app\Services\AporteIngenieril\AnalysisService.php","Referencias estáticas de símbolo; no equivalen a ejecución de todas sus ramas","337EB84B7FF756729241DF7B7D50DC33EC3A682B9190E2FF3893BCEBB123AAAA"
"app/Http/Controllers/Admin/ReportePdfController.php","USED","TRACKED_MODIFIED","routes\admin.php","Referencias estáticas de símbolo; no equivalen a ejecución de todas sus ramas","F0407B7F8F574D8C26C27B4B619180EBE8926287DB0EF38262D4DAD934E92742"
"app/Http/Controllers/AdminDashboardController.php","USED","TRACKED_MODIFIED","routes\admin.php","Referencias estáticas de símbolo; no equivalen a ejecución de todas sus ramas","D9953133F24E2D604BE13ECB1DFB5F002B728C0498D4BA1F8649F8433A7DB821"
"app/Http/Controllers/AulaVirtual/AsistenciaController.php","USED","TRACKED_MODIFIED","routes\aula_virtual.php","Referencias estáticas de símbolo; no equivalen a ejecución de todas sus ramas","C23D0F7A18238DFFA86A6FA2D66B5DA2D270521B920AA6E1D11F5C23566CEA8E"
"app/Http/Controllers/AulaVirtual/CursoVirtualController.php","USED","TRACKED_MODIFIED","routes\estudiante.php;routes\docente.php;routes\aula_virtual.php","Referencias estáticas de símbolo; no equivalen a ejecución de todas sus ramas","02FD8CC2F2F9AC8E2477429C9EB8FB5553F976D55A1A6220CC973659D1C1881C"
"app/Http/Controllers/AulaVirtual/EntregaController.php","USED","TRACKED_MODIFIED","routes\aula_virtual.php","Referencias estáticas de símbolo; no equivalen a ejecución de todas sus ramas","301EF0D3BBA3D53298019B38EB9E6107514B8B2E22E4FA1C4FD1940CF1DD65FC"
"app/Http/Controllers/AulaVirtual/MaterialController.php","USED","TRACKED_MODIFIED","routes\aula_virtual.php","Referencias estáticas de símbolo; no equivalen a ejecución de todas sus ramas","3E877A1191370471DB04CEEA0407E1CB9FE528F04ACD74DDF8A337407E85772F"
"app/Http/Controllers/AulaVirtual/OrientacionController.php","USED","TRACKED_MODIFIED","routes\aula_virtual.php","Referencias estáticas de símbolo; no equivalen a ejecución de todas sus ramas","34F389EA106804796184A3DB808038DEF96A6721FC27FBC32232B11CC2E5B8E5"
"app/Http/Controllers/AulaVirtual/ReporteAulaVirtualController.php","USED","TRACKED_MODIFIED","routes\aula_virtual.php","Referencias estáticas de símbolo; no equivalen a ejecución de todas sus ramas","387FBEDF3B46B9FE7994A8EF4307673DF3B96E2003D1F2379B27588F4844DD77"
"app/Http/Controllers/AulaVirtual/TareaController.php","USED","TRACKED_MODIFIED","routes\aula_virtual.php","Referencias estáticas de símbolo; no equivalen a ejecución de todas sus ramas","447D23C12C668A675128F81280A4AE62E7FD8EA74421C573B9B500FEF2C96C09"
"app/Http/Controllers/CalendarController.php","USED","UNTRACKED","routes\workspace_domains.php","Referencias estáticas de símbolo; no equivalen a ejecución de todas sus ramas","109023F1F85774483E301546F5A1D26D10F3252271D6392EBC740E91ED81AC26"
"app/Http/Controllers/DashboardController.php","USED","TRACKED_MODIFIED","routes\admin.php;routes\web.php;app\Http\Controllers\AdminDashboardController.php","Referencias estáticas de símbolo; no equivalen a ejecución de todas sus ramas","1D83841FB3808823939FD04545C628BEBA243125A6E7B9AAA14376E48A9812E1"
"app/Http/Controllers/DomainBoundaryController.php","USED","UNTRACKED","routes\workspace_domains.php","Referencias estáticas de símbolo; no equivalen a ejecución de todas sus ramas","37E1DB9784FD2BEDAD374DC9B9FF72493C73F46DFDC727D27D6403C66494B804"
"app/Http/Controllers/EnrollmentDocumentController.php","USED","UNTRACKED","routes\workspace_domains.php","Referencias estáticas de símbolo; no equivalen a ejecución de todas sus ramas","4DFD0576D3410FD2D47F1ECED4DD8A237548A6DBBDD3AC491A9F4C422C6B66E0"
"app/Http/Controllers/Estudiante/ExperienceController.php","USED","TRACKED_MODIFIED","routes\estudiante.php","Referencias estáticas de símbolo; no equivalen a ejecución de todas sus ramas","15BC46FB4F5E358EE28C4C352D6EB14EF20C5A596A34E193E66B269AFB6FEFDC"
"app/Http/Controllers/HistoricalReportController.php","USED","UNTRACKED","routes\web.php;routes\secretaria.php","Referencias estáticas de símbolo; no equivalen a ejecución de todas sus ramas","407BB77EC36700CFFF7427E2EC6CB239AD8663D441F9FFC911157DCBC3EFE287"
"app/Http/Controllers/InstitutionalQueryController.php","USED","TRACKED_MODIFIED","routes\admin.php;routes\secretaria.php;routes\regencia.php;routes\direccion.php","Referencias estáticas de símbolo; no equivalen a ejecución de todas sus ramas","6693200EC2C82907BF8BACF789FED36FF036B83651A110B0A3AF3626DC90E286"
"app/Http/Controllers/RegencyAssignmentsController.php","USED","UNTRACKED","routes\workspace_domains.php","Referencias estáticas de símbolo; no equivalen a ejecución de todas sus ramas","AC2990F357BE0B2CEA57661C81F4AB9288EF31928C4FC7E73B761865AD0D5493"
"app/Http/Controllers/RegencyReportController.php","USED","UNTRACKED","routes\regencia.php","Referencias estáticas de símbolo; no equivalen a ejecución de todas sus ramas","933A4F89CFE13CE60987E5CBCD988EB58A77E2C806629E77DE893E61C2647322"
"app/Http/Controllers/WorkspaceController.php","USED","TRACKED_MODIFIED","routes\secretaria.php;routes\regencia.php;routes\estudiante.php;routes\docente.php;routes\direccion.php","Referencias estáticas de símbolo; no equivalen a ejecución de todas sus ramas","12AD2242A4665318BDEFD8799CBFED1D5E12B3F33F00AC3DC9A26F37CDEDEC11"
"app/Http/Middleware/EnsureActorRole.php","USED","TRACKED_MODIFIED","bootstrap\app.php","Referencias estáticas de símbolo; no equivalen a ejecución de todas sus ramas","BBC10850B6040A02A6EC7E3D138D274DA25D582D4575EB54AFEE3407E43C0D1C"
"app/Livewire/Admin/Calificaciones.php","USED","TRACKED_MODIFIED","routes\admin.php;resources\views\admin\calificaciones.blade.php;routes\aula_virtual.php;resources\views\docente\calificaciones.blade.php;resources\views\workspaces\institucional.blade.php;app\Support\WorkspaceNavigation.php;resources\views\components\menu.blade.php;resources\views\pdf\reportes\institucional-completo.blade.php;resources\views\pdf\reportes\academico-general.blade.php;resources\views\pdf\reportes\calificaciones.blade.php;app\Http\Controllers\Admin\CalificacionController.php;app\Policies\AulaVirtualEntregaPolicy.php;resources\views\livewire\shared\student-drawer.blade.php;app\Http\Controllers\Admin\ReportePdfController.php;app\Services\HistoricalReportAccessService.php;app\Services\GradeService.php;app\Livewire\Shared\CourseWorkspace.php;app\Livewire\InstitutionalAuthorization.php;app\Support\Academico\GestionAcademicaInteligente.php;app\Services\Reportes\GeneradorZipReportesService.php;app\Services\Reportes\DatosReporteAcademicoService.php;app\Services\Reportes\GeneradorMpdfService.php;resources\views\livewire\admin\calificaciones.blade.php;resources\views\livewire\admin\gestion-academica.blade.php;resources\views\livewire\admin\gestion-asignatura.blade.php;resources\views\livewire\admin\reportes-academicos.blade.php;app\Livewire\Admin\GestionAsignatura.php;app\Livewire\Admin\PeriodoEvaluacion.php","Referencias estáticas de símbolo; no equivalen a ejecución de todas sus ramas","3F787B7F2E105E2178AFBE0091DE516B10FA6B63E64FA076A322096C58F5DC63"
"app/Livewire/Admin/GestionAcademica.php","USED","TRACKED_MODIFIED","routes\admin.php;app\Support\WorkspaceNavigation.php;resources\INFORMES\4 Creacion de los modulos.txt;resources\views\admin\gestion-academica.blade.php;app\Livewire\InstitutionalAuthorization.php;app\Models\MetaAcademica.php;app\Models\InscripcionEstudiante.php;app\Models\SeguimientoAcademico.php;app\Livewire\Admin\Calificaciones.php;app\Livewire\Admin\AsignacionesRegencia.php;app\Livewire\Admin\GestionEstudiantes.php;resources\views\components\menu.blade.php;app\Models\Horario.php;app\Models\GestionAcademica.php;app\Models\RespaldoGestionAcademica.php;app\Models\RegenteAsignacion.php;app\Models\PlanEspecialidad.php;app\Models\PlanAsignatura.php;app\Models\CalendarioEvento.php;app\Livewire\Admin\PlanesAsignatura.php;app\Livewire\Admin\PersonalInstitucional.php;app\Models\AulaVirtual\OrientacionActividad.php;app\Support\Academico\GestionAcademicaInteligente.php;resources\views\livewire\admin\gestion-academica.blade.php;app\Http\Controllers\AdminDashboardController.php;app\Services\InstitutionalDashboardService.php;app\Services\InstitutionalQueryService.php;app\Http\Controllers\Admin\GestionAcademicaController.php","Referencias estáticas de símbolo; no equivalen a ejecución de todas sus ramas","ADAEDA99FA93D6439DE87B47E22A29595E9B4434BD56E71CF77CB398ED33B69B"
"app/Livewire/Admin/GestionDocente.php","USED","TRACKED_MODIFIED","routes\admin.php;app\Support\WorkspaceNavigation.php;resources\views\admin\gestion-docentes.blade.php;resources\views\components\menu.blade.php;app\Livewire\InstitutionalAuthorization.php;app\Http\Controllers\Admin\GestionDocenteController.php;app\Http\Controllers\AdminDashboardController.php","Referencias estáticas de símbolo; no equivalen a ejecución de todas sus ramas","3BF0C2E5A69B123FBDCDD142A0326124428EA03D5B2617B86394262104B213D5"
"app/Livewire/Admin/GestionInscripciones.php","USED","TRACKED_MODIFIED","app\Support\WorkspaceNavigation.php;resources\views\workspaces\documentacion.blade.php;resources\views\components\menu.blade.php;resources\views\admin\gestion-inscripcion.blade.php;app\Livewire\InstitutionalAuthorization.php;app\Http\Controllers\AdminDashboardController.php","Referencias estáticas de símbolo; no equivalen a ejecución de todas sus ramas","CF99C94E5EEE1A867C9DB556D1DDE988B5EBE34C0707334A400BA514C806A6BC"
"app/Livewire/Admin/GestionPersonas.php","USED","TRACKED_MODIFIED","app\Livewire\InstitutionalAuthorization.php;app\Support\WorkspaceNavigation.php;resources\views\admin\gestion-personas.blade.php;app\Http\Controllers\Admin\GestionPersonaController.php;resources\views\components\menu.blade.php","Referencias estáticas de símbolo; no equivalen a ejecución de todas sus ramas","1BA3D8E45DA9F489756BE258843B65049508EFBDBC75F603D78BB68C4C90DBFB"
"app/Livewire/Admin/GestionUsuarios.php","USED","TRACKED_MODIFIED","resources\views\admin\gestion-usuarios.blade.php;app\Support\WorkspaceNavigation.php;app\Livewire\InstitutionalAuthorization.php;resources\views\components\menu.blade.php;app\Http\Controllers\AdminDashboardController.php;app\Http\Controllers\Admin\GestionUsuarioController.php","Referencias estáticas de símbolo; no equivalen a ejecución de todas sus ramas","C5AB85979565A173666A1317F4CC15A4018B39FDCF9732F70E1FF044708AB652"
"app/Livewire/Admin/RolesPermisos.php","USED","TRACKED_MODIFIED","app\Support\WorkspaceNavigation.php;resources\views\components\menu.blade.php;resources\views\admin\roles-permisos.blade.php;routes\admin.php;app\Livewire\InstitutionalAuthorization.php;resources\views\livewire\admin\roles-permisos.blade.php","Referencias estáticas de símbolo; no equivalen a ejecución de todas sus ramas","0DCA0720CB7F00C5DA1D5073527F6C6520A27681F91059445A6852312A39D4B4"
"app/Livewire/AulaVirtual/Cursos/CursoDetalleDocente.php","USED","TRACKED_MODIFIED","resources\views\aula-virtual\cursos\show-docente.blade.php","Referencias estáticas de símbolo; no equivalen a ejecución de todas sus ramas","9FC1D731D34D3A17E539FF0B8C6C67A46ACB144A3E0A8C32F05F256F4E5C12F3"
"app/Livewire/AulaVirtual/Cursos/CursoDetalleEstudiante.php","USED","TRACKED_MODIFIED","resources\views\aula-virtual\cursos\show-estudiante.blade.php;app\Livewire\InstitutionalAuthorization.php","Referencias estáticas de símbolo; no equivalen a ejecución de todas sus ramas","6A32F78A7E3BD5FFCB3C1D73B5D526F7D65E742D12BAB3C63F1164F653A734E2"
"app/Livewire/AulaVirtual/Cursos/MisAsignaturasEstudiante.php","USED","TRACKED_MODIFIED","resources\views\aula-virtual\cursos\index-estudiante.blade.php;app\Livewire\InstitutionalAuthorization.php","Referencias estáticas de símbolo; no equivalen a ejecución de todas sus ramas","58E3BC294405B544A3A4311E3FC3C05617377DC444CC24F7D5C0DFA38B17B29D"
"app/Livewire/AulaVirtual/Cursos/MisCursosDocente.php","USED","TRACKED_MODIFIED","resources\views\aula-virtual\cursos\index-docente.blade.php","Referencias estáticas de símbolo; no equivalen a ejecución de todas sus ramas","E02F89D7C7DCD8A7F56C73B35863A622CBBEF77A3D8716AD0ED3F1D157428677"
"app/Livewire/AulaVirtual/Materiales/CrearMaterial.php","USED","TRACKED_MODIFIED","resources\views\livewire\shared\course-workspace.blade.php;app\Livewire\AulaVirtual\Materiales\EditarMaterial.php","Referencias estáticas de símbolo; no equivalen a ejecución de todas sus ramas","425586753702E0F3908DA5FDE90FB0F8976EA614F8836E7BD33E89D895195378"
"app/Livewire/AulaVirtual/Materiales/EditarMaterial.php","USED","TRACKED_MODIFIED","resources\views\livewire\shared\course-workspace.blade.php","Referencias estáticas de símbolo; no equivalen a ejecución de todas sus ramas","B1BF0DFB3413B829098A6BC7EAD01416B3DF05A1491C86D2B4A4962C8BA810EA"
"app/Livewire/AulaVirtual/Orientacion/ExploradorVocacional.php","USED","TRACKED_MODIFIED","app\Livewire\InstitutionalAuthorization.php;resources\views\aula-virtual\orientacion\explorador.blade.php;resources\views\aula-virtual\orientacion\estudiante.blade.php;resources\views\aula-virtual\dashboard\estudiante.blade.php","Referencias estáticas de símbolo; no equivalen a ejecución de todas sus ramas","AD624908C6F734F26E7B5D707BBB5517E1129487FE0C0A441CA2A23365826554"
"app/Livewire/AulaVirtual/Tareas/CrearTarea.php","USED","TRACKED_MODIFIED","app\Livewire\AulaVirtual\Tareas\EditarTarea.php;resources\views\livewire\shared\course-workspace.blade.php","Referencias estáticas de símbolo; no equivalen a ejecución de todas sus ramas","E07279D36796C05C827B69F270C6B8F7D2CE5D5F37AF4B613AE551F74CD3E1DA"
"app/Livewire/AulaVirtual/Tareas/EditarTarea.php","USED","TRACKED_MODIFIED","resources\views\livewire\shared\course-workspace.blade.php","Referencias estáticas de símbolo; no equivalen a ejecución de todas sus ramas","B66F29A091D93D44D0D827491101068A88A4EDA8F6692CCE767E1C234A27DF0D"
"app/Livewire/InstitutionalAuthorization.php","USED","TRACKED_MODIFIED","app\Providers\AppServiceProvider.php","Referencias estáticas de símbolo; no equivalen a ejecución de todas sus ramas","E9641D7A07113B64E987A66BD2A3D6187864679882D5898EB08D12C22B4949C5"
"app/Livewire/Shared/AcademicPlan.php","BLOCKED","UNTRACKED","","Preparación detrás de flag false/aprobación/contrato; no acredita persistencia o integración científica terminada","171E8F7B74599DF846B2650316E342D0163FE2741C83500AC46505A7EAAF14CF"
"app/Livewire/Shared/AcademicSources.php","USED","UNTRACKED","resources\views\estudiante\area.blade.php","Referencias estáticas de símbolo; no equivalen a ejecución de todas sus ramas","E8060C6CDE7FF87410B778D627661CB81A5968D52B447CE6EE8CFA9E87780C31"
"app/Livewire/Shared/CourseContent.php","USED","UNTRACKED","resources\views\livewire\shared\course-workspace.blade.php","Referencias estáticas de símbolo; no equivalen a ejecución de todas sus ramas","8A13FD5B440FDC8387AEC8D5E024ADDB0C768961618CED30E1152009B9C1B441"
"app/Livewire/Shared/CourseList.php","USED","UNTRACKED","app\Livewire\AulaVirtual\Cursos\MisCursosDocente.php;app\Livewire\AulaVirtual\Cursos\MisAsignaturasEstudiante.php","Referencias estáticas de símbolo; no equivalen a ejecución de todas sus ramas","4C8B9506048465258359E18F86E0467BB7509B02194FE7D5DCB77A11DDD94B07"
"app/Livewire/Shared/CourseWorkspace.php","USED","UNTRACKED","app\Livewire\AulaVirtual\Cursos\CursoDetalleEstudiante.php;app\Livewire\AulaVirtual\Cursos\CursoDetalleDocente.php","Referencias estáticas de símbolo; no equivalen a ejecución de todas sus ramas","04ED1C39675E8626174C98B58A4A31372E7D14F96DC71241D0EF8CBC5E9AAA6C"
"app/Livewire/Shared/InstitutionalQuery.php","USED","UNTRACKED","routes\direccion.php;routes\admin.php;routes\secretaria.php;routes\regencia.php;app\Livewire\Shared\InstitutionalRecordDrawer.php;resources\views\workspaces\consulta.blade.php;app\Http\Controllers\InstitutionalQueryController.php;app\Services\InstitutionalQueryService.php","Referencias estáticas de símbolo; no equivalen a ejecución de todas sus ramas","A43043B06EC2F61EB197D28A57D4BFF2F487C5A2060A9D12A79FED5EAA50E730"
"app/Livewire/Shared/InstitutionalRecordDrawer.php","USED","UNTRACKED","resources\views\livewire\shared\institutional-query.blade.php","Referencias estáticas de símbolo; no equivalen a ejecución de todas sus ramas","DF19A1DFA8DB3E916B3F1BD51FA753853ABA99ADAD9092947E2C8593CD16DB54"
"app/Livewire/Shared/KardexDraft.php","USED","UNTRACKED","resources\views\workspaces\domain-boundary.blade.php","Referencias estáticas de símbolo; no equivalen a ejecución de todas sus ramas","3245A594503270183D46FD89EE6CB37241AA5D8ED35A49FD7CAAE9B05D877C5B"
"app/Livewire/Shared/ModuleSearch.php","USED","UNTRACKED","resources\views\layouts\app.blade.php","Referencias estáticas de símbolo; no equivalen a ejecución de todas sus ramas","AB0D7AA5B12419C1ABA4C6DC22D997271268D9F30CB7AA38035DFB5049CECCA4"
"app/Livewire/Shared/NotificationCenter.php","USED","UNTRACKED","resources\views\layouts\app.blade.php","Referencias estáticas de símbolo; no equivalen a ejecución de todas sus ramas","8F267C5A12DA80CA9B14EEFD45AA855EA72D890680D6227493E9D8BE3A6660D7"
"app/Livewire/Shared/StudentDrawer.php","USED","UNTRACKED","resources\views\livewire\shared\institutional-query.blade.php;resources\views\livewire\shared\course-workspace.blade.php","Referencias estáticas de símbolo; no equivalen a ejecución de todas sus ramas","C4F6EDB7E8C4D3115BA957F6B8A4918AD9D917FE5EEE0758E2E3EB58560CF3DE"
"app/Livewire/Shared/StudyAssistant.php","USED","UNTRACKED","resources\views\estudiante\area.blade.php","Referencias estáticas de símbolo; no equivalen a ejecución de todas sus ramas","DAF4493C84AE6F921512D904512921759126EDEBCAA8C4494697E5ADD70D3050"
"app/Livewire/Shared/TeacherGradeForm.php","USED","UNTRACKED","resources\views\docente\calificaciones.blade.php","Referencias estáticas de símbolo; no equivalen a ejecución de todas sus ramas","B40A456596E505E05D20C9832226C96D53557B1FD58D1558F89279FCEA996695"
"app/Models/AulaVirtual/ClaseVirtual.php","USED","TRACKED_MODIFIED","app\Policies\AulaVirtualCursoPolicy.php;app\Models\AulaVirtual\ActividadClase.php;app\Services\AulaVirtual\TareaService.php;app\Services\AulaVirtual\ReporteAulaVirtualService.php;app\Services\AulaVirtual\PublicacionService.php;app\Services\AulaVirtual\ProgresoCursoService.php;app\Services\AulaVirtual\MaterialService.php;app\Models\AulaVirtual\UnidadClase.php;app\Services\AulaVirtual\EntregaService.php;app\Services\AulaVirtual\CursoVirtualService.php;app\Models\AulaVirtual\Tarea.php;app\Services\AulaVirtual\AsistenciaService.php;app\Models\AulaVirtual\PublicacionClase.php;app\Models\AulaVirtual\MaterialClase.php;app\Providers\AppServiceProvider.php;app\Models\AulaVirtual\AsistenciaClase.php;app\Services\InstitutionalQueryService.php;app\Models\AulaVirtual\ClaseEstudiante.php","Referencias estáticas de símbolo; no equivalen a ejecución de todas sus ramas","976D8D01E2ECFA3196C5DF67B4B8556AF32EB68E8B32C80EE389E3E8FB385D2D"
"app/Models/AulaVirtual/UnidadClase.php","BLOCKED","UNTRACKED","","Preparación detrás de flag false/aprobación/contrato; no acredita persistencia o integración científica terminada","1D5AE0186FFD10CF95B4E167BA01DF32AD52CB5555F574F332539B016BAADE94"
"app/Models/CalendarioEvento.php","BLOCKED","UNTRACKED","","Preparación detrás de flag false/aprobación/contrato; no acredita persistencia o integración científica terminada","A39C653F8BAA11F67CFE750067831EEBCA7E3A5F41518C2CB02775C039834C78"
"app/Models/MetaAcademica.php","BLOCKED","UNTRACKED","","Preparación detrás de flag false/aprobación/contrato; no acredita persistencia o integración científica terminada","6F553C33439ADE6B51A32DB73924352392EC26BAC698E7B1C4CDD5BD5E849841"
"app/Models/Role.php","USED","UNTRACKED","routes\admin.php;bootstrap\app.php;resources\INFORMES\2 Creacion de Tablas.txt;config\permission.php;resources\views\admin\roles-permisos.blade.php;resources\views\profile\show.blade.php;resources\views\layouts\topbar.blade.php;resources\views\layouts\app.blade.php;resources\views\workspaces\documentacion.blade.php;app\Support\WorkspaceNavigation.php;resources\views\components\menu.blade.php;app\Support\Personas\PersonaInteligente.php;app\Support\PermissionLabel.php;resources\views\welcome.blade.php;app\Support\InstitutionalRoleGovernance.php;app\Livewire\Shared\TeacherGradeForm.php;app\Livewire\Shared\StudyAssistant.php;resources\views\admin\dashboard-administrador.blade.php;app\Livewire\Shared\StudentDrawer.php;app\Livewire\Shared\ModuleSearch.php;app\Livewire\Shared\KardexDraft.php;resources\views\components\actor-menu.blade.php;app\Models\User.php;app\Livewire\Shared\CourseWorkspace.php;app\Livewire\InstitutionalAuthorization.php;app\Models\RoleRequest.php;app\Livewire\Shared\AcademicSources.php;app\Services\AcademicGoalService.php;app\Services\AcademicAccessService.php;app\Livewire\Admin\RolesPermisos.php;app\Livewire\Admin\GestionUsuarios.php;app\Livewire\Admin\GestionTurnos.php;resources\views\livewire\admin\roles-permisos.blade.php;app\Livewire\Admin\GestionInscripciones.php;app\Policies\CursoPolicy.php;app\Policies\EstudiantePolicy.php;app\Policies\DocumentoInscripcionEstudiantePolicy.php;app\Policies\InscripcionEstudiantePolicy.php;app\Livewire\Admin\GestionAcademica.php;app\Policies\KardexPolicy.php;app\Policies\MetaAcademicaPolicy.php;app\Policies\OrientacionResultadoPolicy.php;resources\views\livewire\admin\gestion-usuarios.blade.php;app\Policies\PersonaPolicy.php;app\Services\InstitutionalDocumentAnalyzer.php;app\Services\HistoricalReportAccessService.php;app\Services\InstitutionalDashboardService.php;app\Policies\ReporteGeneradoPolicy.php;app\Services\NotificationService.php;app\Policies\UserPolicy.php;app\Services\GradeService.php;app\Livewire\Admin\Bitacora.php;app\Services\RegencyAccessService.php;app\Livewire\Admin\AsignacionesRegencia.php;app\Services\OperationalAccountService.php;app\Services\CalendarService.php;app\Services\BitacoraService.php;app\Services\Kardex\ScopedKardexRepository.php;app\Services\Kardex\KardexService.php;app\Services\InstitutionalQueryService.php;app\Services\RegencyReportService.php;app\Services\ReportAccessService.php;resources\views\aula-virtual\layouts\topbar.blade.php;app\Http\Middleware\EnsureActorRole.php;app\Services\RoleDashboardResolver.php;app\Services\RolePermissionService.php;app\Services\AulaVirtual\CursoVirtualService.php;app\Services\StudentContextService.php;app\Services\AulaVirtual\UnitContentService.php;app\Http\Controllers\AdminDashboardController.php;app\Services\RoleRequestService.php;app\Http\Controllers\Auth\GoogleAuthController.php;app\Http\Controllers\CalendarController.php;app\Http\Controllers\DashboardController.php;app\Http\Controllers\AulaVirtual\AulaVirtualController.php;app\Http\Controllers\EnrollmentDocumentController.php;app\Http\Controllers\DomainBoundaryController.php;app\Http\Controllers\AulaVirtual\ReporteAulaVirtualController.php;app\Http\Controllers\Admin\RoleRequestDocumentController.php","Referencias estáticas de símbolo; no equivalen a ejecución de todas sus ramas","84706A4488E252FCA69BCC8C56A3C1EC11AC3D738FDBE269694C946B4810D550"
"app/Models/SeguimientoAcademico.php","BLOCKED","UNTRACKED","","Preparación detrás de flag false/aprobación/contrato; no acredita persistencia o integración científica terminada","39B3F4918C0D2D75E2D8E4ABFC7C9179ADC136E389487AE2A7C85C60FB77396A"
"app/Policies/AulaVirtualAsistenciaPolicy.php","USED","TRACKED_MODIFIED","app\Providers\AppServiceProvider.php","Referencias estáticas de símbolo; no equivalen a ejecución de todas sus ramas","969FDDF08C0ECA06C3B9FA2F9C5056FFBD0F82A79EB594C129A5D72E190D3E04"
"app/Policies/AulaVirtualEntregaPolicy.php","USED","TRACKED_MODIFIED","app\Providers\AppServiceProvider.php","Referencias estáticas de símbolo; no equivalen a ejecución de todas sus ramas","F92B77762E9710690C8857EEB6B659D67D3D34CE364FBFF53CF6D6063667CD67"
"app/Policies/AulaVirtualTareaPolicy.php","USED","TRACKED_MODIFIED","app\Providers\AppServiceProvider.php","Referencias estáticas de símbolo; no equivalen a ejecución de todas sus ramas","43936834EF787F5D9AFCA92256A4A004E975C47A6405823DBBEBF216F74DA249"
"app/Policies/CursoPolicy.php","USED","TRACKED_MODIFIED","app\Providers\AppServiceProvider.php;app\Policies\AulaVirtualCursoPolicy.php","Referencias estáticas de símbolo; no equivalen a ejecución de todas sus ramas","FE527207656352BB8B034909BB1689DD2700A9C18ABE57E67151CF2959A5BDBF"
"app/Policies/DocumentoInscripcionEstudiantePolicy.php","USED","UNTRACKED","app\Providers\AppServiceProvider.php","Referencias estáticas de símbolo; no equivalen a ejecución de todas sus ramas","9AD9F8F8A806C83C0B9FA7A287C33E25D7296AE6EC49F7B7E1FE5DA66D24C11A"
"app/Policies/EstudiantePolicy.php","USED","TRACKED_MODIFIED","app\Providers\AppServiceProvider.php;app\Policies\DocumentoInscripcionEstudiantePolicy.php;app\Policies\InscripcionEstudiantePolicy.php","Referencias estáticas de símbolo; no equivalen a ejecución de todas sus ramas","E67D84721370D4A8B0FBF144A6D6BEF7F16D798D5617C77FD9E447E0E31421FA"
"app/Policies/InscripcionEstudiantePolicy.php","USED","TRACKED_MODIFIED","app\Policies\DocumentoInscripcionEstudiantePolicy.php;app\Providers\AppServiceProvider.php","Referencias estáticas de símbolo; no equivalen a ejecución de todas sus ramas","1C2D67587A9F03E01E0A9D2964119CD4E0AA67A6AFD3D12F89F5A7D0A8794A0B"
"app/Policies/KardexPolicy.php","BLOCKED","UNTRACKED","","Preparación detrás de flag false/aprobación/contrato; no acredita persistencia o integración científica terminada","BB53A6AEB3570C8CC9911805089E9E8B5CBF90E62264E7939DBD959550E839B2"
"app/Policies/MetaAcademicaPolicy.php","BLOCKED","UNTRACKED","","Preparación detrás de flag false/aprobación/contrato; no acredita persistencia o integración científica terminada","8D9ADCD5C8CB683B652DECB28BF5CFDF983017EF42D1B82F559577BC6D567F95"
"app/Policies/OrientacionResultadoPolicy.php","USED","TRACKED_MODIFIED","app\Providers\AppServiceProvider.php","Referencias estáticas de símbolo; no equivalen a ejecución de todas sus ramas","FB7FCA8EA8C87C376F062357A8076074F77EEFD9C893662076AB6451146E457D"
"app/Policies/PersonaPolicy.php","USED","UNTRACKED","app\Providers\AppServiceProvider.php","Referencias estáticas de símbolo; no equivalen a ejecución de todas sus ramas","BC83B9878647E891762BD86C13D2806127564546E61EEE6615043900E8E09698"
"app/Policies/ReporteGeneradoPolicy.php","USED","TRACKED_MODIFIED","app\Providers\AppServiceProvider.php","Referencias estáticas de símbolo; no equivalen a ejecución de todas sus ramas","B675D241BD71F15BC2E55C334C00B812D86654890E89DA0BDE2D7D42A6797421"
"app/Policies/UserPolicy.php","USED","TRACKED_MODIFIED","app\Providers\AppServiceProvider.php","Referencias estáticas de símbolo; no equivalen a ejecución de todas sus ramas","8CCAF54676774B1474A8E4654A3D534040224BDF886EDC38166CE554D0E077FF"
"app/Providers/AppServiceProvider.php","USED","TRACKED_MODIFIED","bootstrap\providers.php","Referencias estáticas de símbolo; no equivalen a ejecución de todas sus ramas","2C9082132691C166F3F2B14224F39B98476842AA91FD88F4783A19B9D2FDA10E"
"app/Services/AcademicAccessService.php","USED","TRACKED_MODIFIED","app\Policies\CalificacionPolicy.php;app\Policies\CursoPolicy.php;app\Policies\EstudiantePolicy.php;app\Policies\InscripcionEstudiantePolicy.php;app\Policies\KardexPolicy.php;app\Policies\OrientacionResultadoPolicy.php","Referencias estáticas de símbolo; no equivalen a ejecución de todas sus ramas","E670D6F72D36F79A458AFF1E63C93CD7B3A6903B58C8FB8FF514AEE39D993ABC"
"app/Services/AcademicGoalService.php","BLOCKED","UNTRACKED","","Preparación detrás de flag false/aprobación/contrato; no acredita persistencia o integración científica terminada","C90AEAD9A112BC308455D0529C5974791A27F9F593719AF133D78598E49550DB"
"app/Services/AporteIngenieril/AnalysisService.php","BLOCKED","TRACKED_MODIFIED","","Preparación detrás de flag false/aprobación/contrato; no acredita persistencia o integración científica terminada","AD55DBCDA247E10D35DD2B647A34C177EB7A0D1E5FFE13AC7B10E67F88DF804F"
"app/Services/AporteIngenieril/AporteIngenierilClient.php","USED","TRACKED_MODIFIED","app\Providers\AppServiceProvider.php","Referencias estáticas de símbolo; no equivalen a ejecución de todas sus ramas","A0726B2DDB503FE7CE1A974DCC48BC1F41AF996053F21471FEA0D3F32AFE94AE"
"app/Services/AporteIngenieril/DTO/AcademicAnalysisData.php","USED","TRACKED_MODIFIED","app\Services\AporteIngenieril\AnalysisService.php","Referencias estáticas de símbolo; no equivalen a ejecución de todas sus ramas","7BD812296E3499EFF6C6D5A952F9FFC20DE71A9427DBE82BF7B20F546DE47734"
"app/Services/AporteIngenieril/DTO/Peter3Contract.php","USED","UNTRACKED","app\Services\AporteIngenieril\AporteIngenierilClient.php","Referencias estáticas de símbolo; no equivalen a ejecución de todas sus ramas","9A7394E0767A13C8707AAA2B4DE0DE151252E9FF834DAEBBD1E758304FE5B5FC"
"app/Services/AporteIngenieril/KnowledgeService.php","USED","TRACKED_MODIFIED","app\Livewire\Shared\AcademicSources.php","Referencias estáticas de símbolo; no equivalen a ejecución de todas sus ramas","5AF5C072E501D3F6F056B9F8435C7839001112BE227977B75D871991E694FAD4"
"app/Services/AporteIngenieril/TutorService.php","USED","TRACKED_MODIFIED","app\Livewire\Shared\StudyAssistant.php","Referencias estáticas de símbolo; no equivalen a ejecución de todas sus ramas","20ADFE4FC7128673152DC205A4FEAAEB2D13E12722107D203B01254DB48B79ED"
"app/Services/AulaVirtual/AsistenciaService.php","USED","TRACKED_MODIFIED","app\Http\Controllers\AulaVirtual\AsistenciaController.php","Referencias estáticas de símbolo; no equivalen a ejecución de todas sus ramas","DAFB374CC93CE9FA4B27A8E2F1EB588F46D24BA4B6995B8806EC7395AF74DB0B"
"app/Services/AulaVirtual/CursoVirtualService.php","USED","TRACKED_MODIFIED","app\Livewire\Shared\StudyAssistant.php;app\Livewire\Shared\CourseWorkspace.php;app\Livewire\Shared\CourseList.php;app\Livewire\Shared\CourseContent.php;app\Livewire\Shared\AcademicSources.php;app\Http\Controllers\WorkspaceController.php;app\Http\Controllers\Estudiante\ExperienceController.php;app\Livewire\AulaVirtual\Tareas\CrearTarea.php;app\Policies\MetaAcademicaPolicy.php;app\Http\Controllers\Docente\CalificacionCursoController.php;app\Policies\AulaVirtualTareaPolicy.php;app\Policies\AulaVirtualMaterialPolicy.php;app\Livewire\AulaVirtual\Orientacion\ExploradorVocacional.php;app\Policies\AulaVirtualEntregaPolicy.php;app\Policies\AulaVirtualCursoPolicy.php;app\Livewire\AulaVirtual\Materiales\CrearMaterial.php;app\Livewire\AulaVirtual\DashboardEstudiante.php;app\Policies\AulaVirtualAsistenciaPolicy.php;app\Livewire\AulaVirtual\DashboardDocente.php;resources\views\aula-virtual\dashboard\estudiante.blade.php;resources\views\aula-virtual\dashboard\docente.blade.php;app\Http\Controllers\AulaVirtual\AulaVirtualController.php;app\Http\Controllers\AulaVirtual\AsistenciaController.php;app\Http\Controllers\AulaVirtual\EntregaController.php;app\Http\Controllers\AulaVirtual\CursoVirtualController.php;app\Http\Controllers\AulaVirtual\MaterialController.php;app\Http\Controllers\AulaVirtual\OrientacionController.php;app\Http\Controllers\AulaVirtual\TareaController.php;app\Http\Controllers\AulaVirtual\ReporteAulaVirtualController.php;app\Services\CalendarService.php;app\Services\AcademicAccessService.php;app\Services\StudentContextService.php;app\Services\AcademicGoalService.php;app\Services\AulaVirtual\UnitContentService.php;app\Services\GradeService.php;app\Services\AulaVirtual\TareaService.php;app\Services\AulaVirtual\ReporteAulaVirtualService.php;app\Services\AulaVirtual\EntregaService.php;app\Services\AulaVirtual\AsistenciaService.php;app\Services\AulaVirtual\OrientacionService.php;app\Services\Kardex\ScopedKardexRepository.php;app\Services\AulaVirtual\PublicacionService.php","Referencias estáticas de símbolo; no equivalen a ejecución de todas sus ramas","0D95D2224838506767F5EF44C3084EB580E50DAA0E9D1B90B0A95998B18431EA"
"app/Services/AulaVirtual/EntregaService.php","USED","TRACKED_MODIFIED","app\Http\Controllers\AulaVirtual\EntregaController.php","Referencias estáticas de símbolo; no equivalen a ejecución de todas sus ramas","46443B1D47414B2277D7D601671EFC26954A435A6453ACE674948BF090BB8808"
"app/Services/AulaVirtual/MaterialService.php","USED","TRACKED_MODIFIED","app\Livewire\AulaVirtual\Materiales\CrearMaterial.php;app\Livewire\AulaVirtual\Materiales\EditarMaterial.php;app\Http\Controllers\AulaVirtual\MaterialController.php","Referencias estáticas de símbolo; no equivalen a ejecución de todas sus ramas","14D689BAF772A0623D880CBCEA57C84E0FDF8DFE6155A1FFFAC8F80AA2A73131"
"app/Services/AulaVirtual/OrientacionService.php","USED","TRACKED_MODIFIED","resources\views\aula-virtual\orientacion\resultados.blade.php;app\Livewire\AulaVirtual\Orientacion\ExploradorVocacional.php;app\Http\Controllers\AulaVirtual\OrientacionController.php","Referencias estáticas de símbolo; no equivalen a ejecución de todas sus ramas","2A7DB46FF3561ACBC824B8B5928C60FA079CF1B9D1FD014CF069A6E5C1B53968"
"app/Services/AulaVirtual/PublicacionService.php","USED","UNTRACKED","app\Livewire\Shared\CourseContent.php","Referencias estáticas de símbolo; no equivalen a ejecución de todas sus ramas","0E4308C45E0C5E2457E3F64810332D2A4BD9A170B57B2D62823A00932E1192C1"
"app/Services/AulaVirtual/ReporteAulaVirtualService.php","USED","TRACKED_MODIFIED","app\Http\Controllers\AulaVirtual\ReporteAulaVirtualController.php","Referencias estáticas de símbolo; no equivalen a ejecución de todas sus ramas","35B6F867C6527278012E4F872B6072B336B03A74BAD7BCE7E6DC915898E2D68A"
"app/Services/AulaVirtual/TareaService.php","USED","TRACKED_MODIFIED","app\Http\Controllers\AulaVirtual\TareaController.php;app\Livewire\AulaVirtual\Tareas\CrearTarea.php;app\Livewire\AulaVirtual\Tareas\EditarTarea.php","Referencias estáticas de símbolo; no equivalen a ejecución de todas sus ramas","568B2AE854E39C28E492D0D62B8E6168D7E19BD3EEB5A87DF0CB65F889E66C18"
"app/Services/AulaVirtual/UnitContentService.php","BLOCKED","UNTRACKED","","Preparación detrás de flag false/aprobación/contrato; no acredita persistencia o integración científica terminada","57B851636FD31676AE2D7926B41DE612FD2B1F50C9B3906A12182BDDC5ED9729"
"app/Services/CalendarService.php","USED","UNTRACKED","routes\workspace_domains.php;app\Http\Controllers\CalendarController.php","Referencias estáticas de símbolo; no equivalen a ejecución de todas sus ramas","18D96550B9471B56E3CA8F1E072783CF229A7C443219D85066A44A3C3A848B3E"
"app/Services/DomainReadinessService.php","USED","UNTRACKED","app\Http\Controllers\DomainBoundaryController.php","Referencias estáticas de símbolo; no equivalen a ejecución de todas sus ramas","4B3D77948873B379C0C0F708535B6795C5B6F685EFA34E3BD76EFC323F880E71"
"app/Services/GradeService.php","USED","TRACKED_MODIFIED","app\Livewire\Shared\TeacherGradeForm.php;app\Livewire\Shared\CourseWorkspace.php;app\Livewire\Admin\Calificaciones.php;app\Services\InstitutionalQueryService.php;app\Services\RegencyReportService.php;app\Http\Controllers\Docente\CalificacionCursoController.php","Referencias estáticas de símbolo; no equivalen a ejecución de todas sus ramas","A26B2FE6231E7A84326A1644B8C71BD77A585F7E44FB057ECAD51225B1C97F40"
"app/Services/HistoricalReportAccessService.php","USED","UNTRACKED","app\Policies\ReporteGeneradoPolicy.php;app\Services\InstitutionalQueryService.php;app\Http\Controllers\HistoricalReportController.php","Referencias estáticas de símbolo; no equivalen a ejecución de todas sus ramas","AD41CD7A1E7D69F25118F9FA9EADDC517379201A5FAD1075497808C5A0DA27A3"
"app/Services/InstitutionalDashboardService.php","USED","TRACKED_MODIFIED","app\Http\Controllers\WorkspaceController.php","Referencias estáticas de símbolo; no equivalen a ejecución de todas sus ramas","0598D9E2AC4470C3D5FB88331A02ED93E5BB578B7D597D465C1D9859160B82BA"
"app/Services/InstitutionalQueryService.php","USED","UNTRACKED","app\Livewire\Shared\InstitutionalRecordDrawer.php;app\Livewire\Shared\InstitutionalQuery.php;app\Http\Controllers\InstitutionalQueryController.php","Referencias estáticas de símbolo; no equivalen a ejecución de todas sus ramas","01D8575033F8DFEB06461A848A6F7FB968D83798BD81118ED5DF824ED0C9A6AE"
"app/Services/Kardex/KardexService.php","BLOCKED","UNTRACKED","","Preparación detrás de flag false/aprobación/contrato; no acredita persistencia o integración científica terminada","C759D44310213FF16C607BF581BD127C17D2110EF03A434A9F1A88CD0651D1D1"
"app/Services/Kardex/ScopedKardexRepository.php","BLOCKED","UNTRACKED","","Preparación detrás de flag false/aprobación/contrato; no acredita persistencia o integración científica terminada","057C395BA9F0F1BD099ED5059BF5B738F2D5584B5DA47F7E0E236B67919B04B1"
"app/Services/Kardex/UnavailableKardexRepository.php","BLOCKED","UNTRACKED","","Preparación detrás de flag false/aprobación/contrato; no acredita persistencia o integración científica terminada","336F2026D685B1D05873AB536F5DCD74B3924ADD92B44CAA220803A48BA3F5C9"
"app/Services/NotificationService.php","USED","UNTRACKED","app\Livewire\Shared\NotificationCenter.php","Referencias estáticas de símbolo; no equivalen a ejecución de todas sus ramas","A2DECDCF3173DDCCFE280E47C349CC6F44A6202AFDD381E72178799E55B2A33C"
"app/Services/OperationalAccountService.php","USED","TRACKED_MODIFIED","app\Livewire\Secretaria\Cuentas.php;app\Services\RolePermissionService.php;app\Services\InstitutionalDashboardService.php","Referencias estáticas de símbolo; no equivalen a ejecución de todas sus ramas","EF1742867446C4BBB941F85CE7C928791BBDDE483F4334933948A8970E7064A5"
"app/Services/RegencyAccessService.php","USED","TRACKED_MODIFIED","app\Http\Controllers\RegencyAssignmentsController.php;app\Services\AcademicAccessService.php;app\Policies\OrientacionResultadoPolicy.php;app\Policies\InscripcionEstudiantePolicy.php;app\Services\InstitutionalDashboardService.php;app\Services\RegencyReportService.php;app\Services\InstitutionalQueryService.php;app\Services\CalendarService.php;app\Services\Kardex\ScopedKardexRepository.php;app\Services\StudentContextService.php;app\Livewire\Admin\AsignacionesRegencia.php","Referencias estáticas de símbolo; no equivalen a ejecución de todas sus ramas","ED9E1BEDEB7BC8700B2AA1B9DA6E33732F3A79E264B23D5CC18D5A57E7E985F2"
"app/Services/RegencyReportService.php","USED","UNTRACKED","app\Http\Controllers\RegencyReportController.php","Referencias estáticas de símbolo; no equivalen a ejecución de todas sus ramas","5AAFD43D9C2F1DFBAB4FD3AFB3F4B4C9D7F8A9D9449E2610204DA321844118C3"
"app/Services/ReportAccessService.php","USED","UNTRACKED","app\Http\Controllers\HistoricalReportController.php;app\Policies\ReporteGeneradoPolicy.php;app\Http\Controllers\Admin\ReportePdfController.php;app\Services\HistoricalReportAccessService.php;app\Services\InstitutionalQueryService.php;app\Services\Reportes\GeneradorSqlAcademicoService.php;app\Services\Reportes\GeneradorZipReportesService.php","Referencias estáticas de símbolo; no equivalen a ejecución de todas sus ramas","D97B6D8A0115D6764E9E4124F9FF01EBBB81AA2B9D6301D43DFDEA5AC7A25722"
"app/Services/Reportes/GeneradorSqlAcademicoService.php","USED","TRACKED_MODIFIED","app\Http\Controllers\Admin\ReportePdfController.php;app\Services\Reportes\GeneradorZipReportesService.php","Referencias estáticas de símbolo; no equivalen a ejecución de todas sus ramas","A988C566C3415A3FC3545D1EE2E4F73D444E1A40E9AC935B5415ECB41BE1D17B"
"app/Services/Reportes/GeneradorZipReportesService.php","USED","TRACKED_MODIFIED","app\Http\Controllers\Admin\ReportePdfController.php","Referencias estáticas de símbolo; no equivalen a ejecución de todas sus ramas","B6A5BC234EBF839C9DD786A9263574D075921BC09FD333FDA7B3C1B115CAE25F"
"app/Services/RoleDashboardResolver.php","USED","TRACKED_MODIFIED","resources\views\admin\dashboard-administrador.blade.php;app\Support\WorkspaceNavigation.php;resources\views\workspaces\documentacion.blade.php;app\Livewire\Shared\TeacherGradeForm.php;app\Livewire\Shared\StudyAssistant.php;app\Livewire\Shared\StudentDrawer.php;app\Livewire\Shared\ModuleSearch.php;app\Livewire\Shared\KardexDraft.php;app\Livewire\Shared\CourseWorkspace.php;app\Livewire\Shared\AcademicSources.php;app\Livewire\InstitutionalAuthorization.php;resources\views\components\actor-menu.blade.php;app\Services\AcademicAccessService.php;app\Services\AcademicGoalService.php;app\Policies\CursoPolicy.php;app\Policies\DocumentoInscripcionEstudiantePolicy.php;app\Policies\EstudiantePolicy.php;resources\views\layouts\app.blade.php;app\Services\AulaVirtual\CursoVirtualService.php;app\Policies\InscripcionEstudiantePolicy.php;app\Policies\MetaAcademicaPolicy.php;app\Policies\KardexPolicy.php;app\Livewire\Admin\GestionUsuarios.php;app\Policies\OrientacionResultadoPolicy.php;app\Policies\UserPolicy.php;app\Services\AulaVirtual\UnitContentService.php;app\Policies\ReporteGeneradoPolicy.php;app\Services\CalendarService.php;app\Policies\PersonaPolicy.php;app\Services\RegencyReportService.php;app\Services\ReportAccessService.php;app\Services\NotificationService.php;app\Services\InstitutionalQueryService.php;app\Services\InstitutionalDashboardService.php;app\Services\GradeService.php;app\Services\RegencyAccessService.php;app\Services\RolePermissionService.php;app\Services\HistoricalReportAccessService.php;app\Services\RoleRequestService.php;app\Services\StudentContextService.php;app\Http\Middleware\EnsureActorRole.php;app\Services\Kardex\KardexService.php;app\Services\Kardex\ScopedKardexRepository.php;app\Http\Controllers\AdminDashboardController.php;app\Http\Controllers\Auth\GoogleAuthController.php;app\Http\Controllers\CalendarController.php;app\Http\Controllers\DashboardController.php;app\Http\Controllers\DomainBoundaryController.php;app\Http\Controllers\EnrollmentDocumentController.php;app\Http\Controllers\AulaVirtual\ReporteAulaVirtualController.php","Referencias estáticas de símbolo; no equivalen a ejecución de todas sus ramas","E73D4EDC77805D6EA7AC6B0B6350F7FE682A73EB32A6797D89BC488A0ADA4508"
"app/Services/RolePermissionService.php","USED","TRACKED_MODIFIED","app\Livewire\Admin\RolesPermisos.php;app\Livewire\Admin\GestionUsuarios.php;app\Services\OperationalAccountService.php;app\Services\RoleRequestService.php","Referencias estáticas de símbolo; no equivalen a ejecución de todas sus ramas","E9CC47A1CD5AE20A2B2246D72BCFBB27C5485123FA0AFA2B7B35913169FD1A03"
"app/Services/RoleRequestService.php","USED","TRACKED_MODIFIED","app\Http\Controllers\Admin\RoleRequestDocumentController.php;app\Livewire\Admin\RolesPermisos.php","Referencias estáticas de símbolo; no equivalen a ejecución de todas sus ramas","E94C9C15EB4B8B87416B5CF3BA27EBAB8E0AF88FFB5075D5799E0F751011FF97"
"app/Services/StudentContextService.php","USED","UNTRACKED","app\Livewire\Shared\StudentDrawer.php","Referencias estáticas de símbolo; no equivalen a ejecución de todas sus ramas","6714C7E4C2AAD1E3FB0CD5DD4F04D495AE96ABED23B1F8C74AD9A049CAE6AB56"
"app/Support/Academico/KardexInteligente.php","USED","UNTRACKED","app\Services\Kardex\KardexService.php","Referencias estáticas de símbolo; no equivalen a ejecución de todas sus ramas","5804ADAC549E6BD8311B69654BCC1513C379FFCA8D8BDBA6CBA54FDDAEDBDFC7"
"app/Support/Comunidad/DocenteInteligente.php","USED","TRACKED_MODIFIED","app\Livewire\Admin\GestionDocente.php","Referencias estáticas de símbolo; no equivalen a ejecución de todas sus ramas","1FB965585C29678BEE4593AC6F0CB4361F3EE22048B04EC833F305509941BBC9"
"app/Support/InstitutionalRoleGovernance.php","USED","TRACKED_MODIFIED","app\Livewire\Admin\GestionUsuarios.php;app\Services\RoleRequestService.php;app\Services\RolePermissionService.php;app\Http\Controllers\AdminDashboardController.php;resources\views\livewire\admin\gestion-usuarios.blade.php","Referencias estáticas de símbolo; no equivalen a ejecución de todas sus ramas","2AC9CD0E4734500B2A64598587643487C2B6DCCDE4F825382BE1FAFC0E899409"
"app/Support/Personas/PersonaInteligente.php","USED","TRACKED_MODIFIED","app\Livewire\Admin\GestionPersonas.php","Referencias estáticas de símbolo; no equivalen a ejecución de todas sus ramas","C4938D773FF51A1EA6A970995947809C450B532BCE62A5F5AD4978A725FBA3E7"
"app/Support/PrivateFilePath.php","USED","UNTRACKED","resources\views\workspaces\documentacion.blade.php;app\Http\Controllers\EnrollmentDocumentController.php;app\Services\HistoricalReportAccessService.php;app\Http\Controllers\AulaVirtual\TareaController.php;app\Http\Controllers\AulaVirtual\EntregaController.php;app\Services\AulaVirtual\MaterialService.php","Referencias estáticas de símbolo; no equivalen a ejecución de todas sus ramas","52472F8EA9F729A8934BCF4ADA79C68CEFA215146945F23CA58B15E22256F26C"
"app/Support/WorkspaceNavigation.php","USED","UNTRACKED","resources\views\components\actor-menu.blade.php;app\Livewire\Shared\ModuleSearch.php;app\Http\Controllers\WorkspaceController.php;app\Services\NotificationService.php","Referencias estáticas de símbolo; no equivalen a ejecución de todas sus ramas","0145F60F6A2601D191418F706665AE896CE7B21986D7FF2B4723A750B1C56225"
"config/features.php","USED","UNTRACKED","","Entrada/configuración o código referenciado; revisión funcional pendiente","A08EC8A0E4C044A3E222FC02B9B1573DFAC0F98369B7293A76813DA021D5F85A"
"config/permission.php","USED","TRACKED_MODIFIED","","Entrada/configuración o código referenciado; revisión funcional pendiente","E06EB4C174027E99C1C73BC4F1F9004ED66CCF93CCFB6827EB72B04178C44E07"
"config/services.php","USED","TRACKED_MODIFIED","","Entrada/configuración o código referenciado; revisión funcional pendiente","A8BB31F99281BEDAC48F60226A22DA6F2A89C0F7D24AF19E0327BCEA36F7C724"
"database/migrations/2026_09_30_100001_prepare_kardex_seguimiento_structure.php","BLOCKED","UNTRACKED","","Propuesta física para Peter 1, sintaxis validada; NUNCA EJECUTADA","5D2AD522E3D29390DE627BDCBC51A2636AB81B8285271EC10D65B0731EAB6E55"
"database/migrations/2026_09_30_100002_prepare_lms_units_structure.php","BLOCKED","UNTRACKED","","Propuesta física para Peter 1, sintaxis validada; NUNCA EJECUTADA","059D3F07C05783B4088F395BA275F67DE58DC90A99C5788257D8F8EF320FDEE7"
"database/migrations/2026_09_30_100003_prepare_database_notifications.php","BLOCKED","UNTRACKED","","Propuesta física para Peter 1, sintaxis validada; NUNCA EJECUTADA","68D1556E93A4EEDC9421193DAE2AA6B809E4C97EA151A6932503CCA0CAF87567"
"database/migrations/2026_09_30_100004_prepare_student_academic_goals.php","BLOCKED","UNTRACKED","","Propuesta física para Peter 1, sintaxis validada; NUNCA EJECUTADA","1E3BDA0DA6EF584699CF3F6FFE7B28DEECB346CE3EF4617B4C150D4326E98929"
"database/migrations/2026_09_30_100005_prepare_institutional_calendar.php","BLOCKED","UNTRACKED","","Propuesta física para Peter 1, sintaxis validada; NUNCA EJECUTADA","7C0121E71D2FE7F3A59771E4F2AA44620FE89FAD4DD029B8E25AD9D1868D047A"
"database/migrations/2026_09_30_100006_prepare_academic_integrity_checks.php","BLOCKED","UNTRACKED","","Propuesta física para Peter 1, sintaxis validada; NUNCA EJECUTADA","590B0CD9571D8D22FB6BD351D1D69D8A7017F37B7CEF7FA671E27515A42EBBF3"
"docs/implementacion-maestra/00-ESTADO.md","DOCUMENTATION","UNTRACKED","","Documento o evidencia del checkout actual; no modifica el catálogo fuente","300B7D1107101BB16E6A7E73A4C161634DC66B2EEC8B0429FAC7A793BFA138E1"
"docs/implementacion-maestra/01-RUTAS.md","DOCUMENTATION","UNTRACKED","","Documento o evidencia del checkout actual; no modifica el catálogo fuente","A9FE9E89E478BFECEB328DB16218DF38918CAA24CB3705707B01EBD59A3A0840"
"docs/implementacion-maestra/02-WORKSPACES.md","DOCUMENTATION","UNTRACKED","","Documento o evidencia del checkout actual; no modifica el catálogo fuente","E0DC03C230A8F2B32E20D645121E6949B024FF08BB859D78801F798DB1B7ACE0"
"docs/implementacion-maestra/03-ADMIN.md","DOCUMENTATION","UNTRACKED","","Documento o evidencia del checkout actual; no modifica el catálogo fuente","E0C07CC642E6E7C2A55BD475919B72551E3F14B7A37383CDF5D5E4D9F1DD53F2"
"docs/implementacion-maestra/04-DIRECTOR.md","DOCUMENTATION","UNTRACKED","","Documento o evidencia del checkout actual; no modifica el catálogo fuente","B5F8B2020A04BC8F5E0BC37D2C791392C9FC610A4790A61C4C0EA9334A8E94B3"
"docs/implementacion-maestra/05-SECRETARIA.md","DOCUMENTATION","UNTRACKED","","Documento o evidencia del checkout actual; no modifica el catálogo fuente","3B0507637D34BBA027F812D214A9458FE32C7C399CB16555C9D7F4ED8FDFCAA5"
"docs/implementacion-maestra/06-REGENTE.md","DOCUMENTATION","UNTRACKED","","Documento o evidencia del checkout actual; no modifica el catálogo fuente","17D8F24816824A03DD2E1AEBB7FC45EAB4D3101D7FA2A9A6126F5BA86DAE7224"
"docs/implementacion-maestra/07-DOCENTE.md","DOCUMENTATION","UNTRACKED","","Documento o evidencia del checkout actual; no modifica el catálogo fuente","2FDD4999498C7002F74BA72EFFDD5D2B4E9CDFAE937543BAAD6542D4863BDCC1"
"docs/implementacion-maestra/08-ESTUDIANTE.md","DOCUMENTATION","UNTRACKED","","Documento o evidencia del checkout actual; no modifica el catálogo fuente","C6A8A917FEF428122056C59428158A2E7B48AAB98547CCC0F9FE0FCA13E8AFC0"
"docs/implementacion-maestra/09-LMS.md","DOCUMENTATION","UNTRACKED","","Documento o evidencia del checkout actual; no modifica el catálogo fuente","0CB846407277847CB53FAF398EA508E46128229315E313E266F6096652EF92BA"
"docs/implementacion-maestra/10-KARDEX.md","DOCUMENTATION","UNTRACKED","","Documento o evidencia del checkout actual; no modifica el catálogo fuente","B5ADF03116A77F1983634FA42640D90339153A2A70B90D558642CE86ABEC81BB"
"docs/implementacion-maestra/11-LIVEWIRE.md","DOCUMENTATION","UNTRACKED","","Documento o evidencia del checkout actual; no modifica el catálogo fuente","EAAD1FD1A40A53EA7F88FEDF936B3F5A81C8DA580CB1FC8C7316705D539630C7"
"docs/implementacion-maestra/12-UX-UI.md","DOCUMENTATION","UNTRACKED","","Documento o evidencia del checkout actual; no modifica el catálogo fuente","4C9BB2604F56CC6F83B03ACFAEDBC55A1703F0F5A1E8F6AE1FCA752E38A91F08"
"docs/implementacion-maestra/13-RBAC.md","DOCUMENTATION","UNTRACKED","","Documento o evidencia del checkout actual; no modifica el catálogo fuente","6F46B2DBC3C2CCA329D5724342E09CB6F7D3927BEC967CD05054172D34E6C5DF"
"docs/implementacion-maestra/14-DATOS.md","DOCUMENTATION","UNTRACKED","","Documento o evidencia del checkout actual; no modifica el catálogo fuente","D45E672D4B812F860C006F4C2560122138A20FCAC120C48877F614153540CA25"
"docs/implementacion-maestra/15-TESTS.md","DOCUMENTATION","UNTRACKED","","Documento o evidencia del checkout actual; no modifica el catálogo fuente","303B2CDA02BF5626996B13A08CCCBF5AF28CEA5DE88E9523B77BD4E7E7CE234D"
"docs/implementacion-maestra/16-PENDIENTES-PETER1.md","DOCUMENTATION","UNTRACKED","","Documento o evidencia del checkout actual; no modifica el catálogo fuente","6F9774218868C2FAF68EFE8F366FB89C206A5A9429EDE4649F43480560F5CD85"
"docs/implementacion-maestra/17-ARCHIVOS-MODIFICADOS.md","DOCUMENTATION","UNTRACKED","","Documento o evidencia del checkout actual; no modifica el catálogo fuente","425652903FD4EE546CDA63CA570B9A3F99F5B545F986B4A9C7686D91BF288BFB"
"docs/implementacion-maestra/18-CONEXIONES.md","DOCUMENTATION","UNTRACKED","","Documento o evidencia del checkout actual; no modifica el catálogo fuente","DE0E58BB7787196C94EA3B4E931FB9E65C8AA9C4555C3F0616CE9116EF6E7F9D"
"docs/implementacion-maestra/19-DARK-MODE.md","DOCUMENTATION","UNTRACKED","","Documento o evidencia del checkout actual; no modifica el catálogo fuente","9D88A9CE2C563031AB07E9365E0462A2C75862A15E84CD9013A90907C2DB9FB1"
"docs/implementacion-maestra/20-DEUDA-TECNICA.md","DOCUMENTATION","UNTRACKED","","Documento o evidencia del checkout actual; no modifica el catálogo fuente","53D3CD6665E81787DB2CFB8A4633839E3A26B4F3D50C4A379E9880C68A6B2800"
"docs/implementacion-maestra/21-CIERRE-105-VENTANAS.md","DOCUMENTATION","UNTRACKED","","Documento o evidencia del checkout actual; no modifica el catálogo fuente","339A232D7FD5DF10F17DE18DD7F5336BE6311381CEF43BA0C9EADE578D7580C3"
"docs/implementacion-maestra/22-ARQUITECTURA-FINAL.md","DOCUMENTATION","UNTRACKED","","Documento o evidencia del checkout actual; no modifica el catálogo fuente","EBE6E4968FFFF1969DEA2202AA1C4552EE4F7E288A23655BC163DD8CA0493691"
"docs/implementacion-maestra/23-CHECKLIST-FUNCIONAL.md","DOCUMENTATION","UNTRACKED","","Documento o evidencia del checkout actual; no modifica el catálogo fuente","08F51C35D633EB35F73E66EFD45B4900D207DC872D3A4E2EA72E2618F2EC4D48"
"docs/implementacion-maestra/24-BLOQUEOS-EXTERNOS.md","DOCUMENTATION","UNTRACKED","","Documento o evidencia del checkout actual; no modifica el catálogo fuente","D643B6F99BE37F219BE553D8E34406ED618DAC5B61EEC8AB6ED423473B284205"
"docs/implementacion-maestra/25-MIGRATIONS-PROPUESTAS.md","DOCUMENTATION","UNTRACKED","","Documento o evidencia del checkout actual; no modifica el catálogo fuente","7AB69C5264D753B681F333212D03276D79B01F1E2E2E9AD097461F608ACBB0A6"
"docs/implementacion-maestra/26-TESTS-SKIPPED.md","DOCUMENTATION","UNTRACKED","","Documento o evidencia del checkout actual; no modifica el catálogo fuente","4F714FAFF1ED9A2A089C35B423032772A4318C0F30F90DDA6507625B6F08EC19"
"docs/implementacion-maestra/27-NPM-VULNERABILITIES.md","DOCUMENTATION","UNTRACKED","","Documento o evidencia del checkout actual; no modifica el catálogo fuente","4B5AED4AC36E5E1CEE6A76FF2B12F2D3A68A7EE25860BF9F7F19DB9BEEB395FE"
"docs/implementacion-maestra/28-SUPPORT-INTELIGENTE.md","DOCUMENTATION","UNTRACKED","","Documento o evidencia del checkout actual; no modifica el catálogo fuente","98AF2968D53815332828E813671AF014E995F463BD97A0C4DB05CB31FD3E83D8"
"docs/implementacion-maestra/29-REGRESIONES-SUPPORT.md","DOCUMENTATION","UNTRACKED","","Documento o evidencia del checkout actual; no modifica el catálogo fuente","507BECB287066C0730ED342BECC31F4E05DA787CCD8FA9CA4E9F50C4D54E7C52"
"docs/implementacion-maestra/30-CIERRE-CORRECTIVO-SUPPORT.md","DOCUMENTATION","UNTRACKED","","Documento o evidencia del checkout actual; no modifica el catálogo fuente","2C47D5F90BF5C5617F6E6BE22136AE57A850C801D73AB7CE97A6F6BA225DC009"
"docs/implementacion-maestra/evidencia/actualizar-documentacion.ps1","DOCUMENTATION","UNTRACKED","","Documento o evidencia del checkout actual; no modifica el catálogo fuente","94122885947825996E93976CC3F8784DED0E6ABD2043C8F30F16D1035B31A983"
"docs/implementacion-maestra/evidencia/auditar-archivos.ps1","DOCUMENTATION","UNTRACKED","","Documento o evidencia del checkout actual; no modifica el catálogo fuente","191D7DA3446D08E0D3D76E2A565A7994E3A6D8F5D04E192A561DF48C0EAE3BC4"
"docs/implementacion-maestra/evidencia/auditar-support.ps1","DOCUMENTATION","UNTRACKED","","Documento o evidencia del checkout actual; no modifica el catálogo fuente","CE639778D0A72664E545591E059BDC62668AC709B2A3ED3F08A309B70F2F00F7"
"docs/implementacion-maestra/evidencia/blade-cache.txt","DOCUMENTATION","UNTRACKED","","Documento o evidencia del checkout actual; no modifica el catálogo fuente","3742C9612C6AA7327923575D3B55C2ACBCBAC9C6DF6FFA21CE9C94DCE36825FA"
"docs/implementacion-maestra/evidencia/blade-php-lint.txt","DOCUMENTATION","UNTRACKED","","Documento o evidencia del checkout actual; no modifica el catálogo fuente","4902E29FB9DB8965BE2A205E6775069726BB8873326C4D621FB9E309572536E2"
"docs/implementacion-maestra/evidencia/catalogo-original-105.csv","DOCUMENTATION","UNTRACKED","","Documento o evidencia del checkout actual; no modifica el catálogo fuente","0B0C4129FCC5414E2A975C61AD987A64813222616AC08A2076BC066611A74222"
"docs/implementacion-maestra/evidencia/cierre-baseline.csv","DOCUMENTATION","UNTRACKED","","Documento o evidencia del checkout actual; no modifica el catálogo fuente","6BC32C5722460B911C36636EC54AD04D7530E9F5492467933C6CF2D43EC81287"
"docs/implementacion-maestra/evidencia/cierre-blade-cache.txt","DOCUMENTATION","UNTRACKED","","Documento o evidencia del checkout actual; no modifica el catálogo fuente","3742C9612C6AA7327923575D3B55C2ACBCBAC9C6DF6FFA21CE9C94DCE36825FA"
"docs/implementacion-maestra/evidencia/cierre-blade-lint.txt","DOCUMENTATION","UNTRACKED","","Documento o evidencia del checkout actual; no modifica el catálogo fuente","46B7B7238027A839C2EAFFB70AE6823C6061B8EB7CD3D5736685BFF0396BBF7F"
"docs/implementacion-maestra/evidencia/cierre-composer.txt","DOCUMENTATION","UNTRACKED","","Documento o evidencia del checkout actual; no modifica el catálogo fuente","617D39E3B4752168F63039991B7E1EFACA11E54A1F5A9153D93B0D4EFE91FE05"
"docs/implementacion-maestra/evidencia/cierre-diff-check.txt","DOCUMENTATION","UNTRACKED","","Documento o evidencia del checkout actual; no modifica el catálogo fuente","872AF0EBFA3E73A14F046E34D5C882B103D20E82D12D3C50D26A342A9F385917"
"docs/implementacion-maestra/evidencia/cierre-diff-stat.txt","DOCUMENTATION","UNTRACKED","","Documento o evidencia del checkout actual; no modifica el catálogo fuente","08049380F9B48E98DEAB70A943241B88D3AC4BA0F3089018C259E511EA4DFC7F"
"docs/implementacion-maestra/evidencia/cierre-git-status.txt","DOCUMENTATION","UNTRACKED","","Documento o evidencia del checkout actual; no modifica el catálogo fuente","00FFC8A4E1AB48E96C93661146C2B49845C9E3C404A8C39100B67C90D5955899"
"docs/implementacion-maestra/evidencia/cierre-metas-recheck.txt","DOCUMENTATION","UNTRACKED","","Documento o evidencia del checkout actual; no modifica el catálogo fuente","BFE5AF81B5CD730BF52116656BB6424A1C869971D7665C17CB99D88925459B06"
"docs/implementacion-maestra/evidencia/cierre-migrations-lint.txt","DOCUMENTATION","UNTRACKED","","Documento o evidencia del checkout actual; no modifica el catálogo fuente","7BACC95262A1EF643C4A47C4F5853C002A4C1DC259DFABCB6F0E28833C48FB23"
"docs/implementacion-maestra/evidencia/cierre-modelos-relaciones.txt","DOCUMENTATION","UNTRACKED","","Documento o evidencia del checkout actual; no modifica el catálogo fuente","4FD7844EE170AC8EC6676F0E23DBCB29DEBCCEC23505C1AEB60D834F0AF47875"
"docs/implementacion-maestra/evidencia/cierre-modelos-schema.csv","DOCUMENTATION","UNTRACKED","","Documento o evidencia del checkout actual; no modifica el catálogo fuente","F3C89059855718200C28077471A9918507D13BB0A245661146B6BC8ACD54C242"
"docs/implementacion-maestra/evidencia/cierre-npm-audit-resumen.csv","DOCUMENTATION","UNTRACKED","","Documento o evidencia del checkout actual; no modifica el catálogo fuente","E2C122288AA5CA109E72C0CF1A5FD2F4A64246663B804ACA46C90852707D8F9A"
"docs/implementacion-maestra/evidencia/cierre-npm-audit.json","DOCUMENTATION","UNTRACKED","","Documento o evidencia del checkout actual; no modifica el catálogo fuente","F1BA92DED4AFE32966D82A5C612990C5819D41255DE83177BA40F0ECFA95A640"
"docs/implementacion-maestra/evidencia/cierre-npm-ci.txt","DOCUMENTATION","UNTRACKED","","Documento o evidencia del checkout actual; no modifica el catálogo fuente","A1CFA1A1FEC4507E476427EF4B3EC988672FF6D5207438F8D7C1C38AE07C21CD"
"docs/implementacion-maestra/evidencia/cierre-php-lint.txt","DOCUMENTATION","UNTRACKED","","Documento o evidencia del checkout actual; no modifica el catálogo fuente","E7F83561380E20CA25D87BE83EF61473249F87FA2BA0CF0ED2140C83BE246A9F"
"docs/implementacion-maestra/evidencia/cierre-pint.txt","DOCUMENTATION","UNTRACKED","","Documento o evidencia del checkout actual; no modifica el catálogo fuente","2D79151ED65C23295C380942074831531A97DEF3DAE9656F204CFAC94E29020E"
"docs/implementacion-maestra/evidencia/cierre-preflight.txt","DOCUMENTATION","UNTRACKED","","Documento o evidencia del checkout actual; no modifica el catálogo fuente","D0420F0F41210F477A55AE08DA51B3B5EB3284BD23C4A887DA90ADDF3B3BBF50"
"docs/implementacion-maestra/evidencia/cierre-preservacion.txt","DOCUMENTATION","UNTRACKED","","Documento o evidencia del checkout actual; no modifica el catálogo fuente","2857EEAD056606A2AD447228A3779074E3836DDB1AC1DE2CDD46161125997139"
"docs/implementacion-maestra/evidencia/cierre-routes-inicial.txt","DOCUMENTATION","UNTRACKED","","Documento o evidencia del checkout actual; no modifica el catálogo fuente","81CC348390E5FA7940087FF3588146495325457BD1F08E7474A74E350CBDD27E"
"docs/implementacion-maestra/evidencia/cierre-routes.json","DOCUMENTATION","UNTRACKED","","Documento o evidencia del checkout actual; no modifica el catálogo fuente","EDD6B6C53312B63EF02FDA0BCA162AEFB9D3DF940856D2AB468A3BA617B7219A"
"docs/implementacion-maestra/evidencia/cierre-schema-baseline.csv","DOCUMENTATION","UNTRACKED","","Documento o evidencia del checkout actual; no modifica el catálogo fuente","478BEBD9F37FC854FA8655C0E7F29E923ADC187EAB52D3495B341005F00235C9"
"docs/implementacion-maestra/evidencia/cierre-schema-referencias.txt","DOCUMENTATION","UNTRACKED","","Documento o evidencia del checkout actual; no modifica el catálogo fuente","12E84E560CBC419E792F2AF3D1BE5026227CABF00CCA98FF43B1568614162BED"
"docs/implementacion-maestra/evidencia/cierre-tests.txt","DOCUMENTATION","UNTRACKED","","Documento o evidencia del checkout actual; no modifica el catálogo fuente","B4727F83F21C6CFB8218174513E7AF56900F8B2668EA78D9376B59A8B2AA7C4A"
"docs/implementacion-maestra/evidencia/cierre-tests.xml","DOCUMENTATION","UNTRACKED","","Documento o evidencia del checkout actual; no modifica el catálogo fuente","985D5494E5B2448D67DF5E3BCC098A82B21ADFBEA06435B5574712E714B5D141"
"docs/implementacion-maestra/evidencia/cierre-unit-inicial.txt","DOCUMENTATION","UNTRACKED","","Documento o evidencia del checkout actual; no modifica el catálogo fuente","85EC7B91253068CF981E6055099357B1CA352AEFE9F826D34E851556938D4D64"
"docs/implementacion-maestra/evidencia/cierre-verificacion-rutas-blade.json","DOCUMENTATION","UNTRACKED","","Documento o evidencia del checkout actual; no modifica el catálogo fuente","F247B5ABBC8AC884953E274961E82F9AA5434D02DAC465546422B62BC5313E23"
"docs/implementacion-maestra/evidencia/cierre-vite-build.txt","DOCUMENTATION","UNTRACKED","","Documento o evidencia del checkout actual; no modifica el catálogo fuente","0991A3889360E7CFF69B84284CAD2AD225DFCAF7489FE02E2EBF7802EB4482EB"
"docs/implementacion-maestra/evidencia/composer-validate.txt","DOCUMENTATION","UNTRACKED","","Documento o evidencia del checkout actual; no modifica el catálogo fuente","617D39E3B4752168F63039991B7E1EFACA11E54A1F5A9153D93B0D4EFE91FE05"
"docs/implementacion-maestra/evidencia/conciliacion-verificacion.txt","DOCUMENTATION","UNTRACKED","","Documento o evidencia del checkout actual; no modifica el catálogo fuente","DE3A12CADC173E08C4F6004C7C47BB2CB419B4C4C4A69193882CAD6C14E1294C"
"docs/implementacion-maestra/evidencia/conciliar-catalogo.ps1","DOCUMENTATION","UNTRACKED","","Documento o evidencia del checkout actual; no modifica el catálogo fuente","747FE438052B9AC35E4D9312B92332A0CA38BEDCB6922CA7A6EEF7740DB0CEA1"
"docs/implementacion-maestra/evidencia/documentar-support.ps1","DOCUMENTATION","UNTRACKED","","Documento o evidencia del checkout actual; no modifica el catálogo fuente","5A564A6BE95F9835C45704AE663561621928AFB360227532F8EF74F3E2824F2A"
"docs/implementacion-maestra/evidencia/git-diff-check.txt","DOCUMENTATION","UNTRACKED","","Documento o evidencia del checkout actual; no modifica el catálogo fuente","872AF0EBFA3E73A14F046E34D5C882B103D20E82D12D3C50D26A342A9F385917"
"docs/implementacion-maestra/evidencia/git-diff-stat.txt","DOCUMENTATION","UNTRACKED","","Documento o evidencia del checkout actual; no modifica el catálogo fuente","4FF7EBC958A333C90C0FB6A8ABDC4C8F7A039FDE06CDC734C353E6FD89B60618"
"docs/implementacion-maestra/evidencia/git-modificados.txt","DOCUMENTATION","UNTRACKED","","Documento o evidencia del checkout actual; no modifica el catálogo fuente","8A1144FB35A990D2F5EDB030E1D60AD67C83E518BC0215465C28EA203B7AB753"
"docs/implementacion-maestra/evidencia/git-nuevos.txt","DOCUMENTATION","UNTRACKED","","Documento o evidencia del checkout actual; no modifica el catálogo fuente","A36953B462F9F623EC3C2BCFE5793C56369616A8270B02A51D93A637BBFAACE8"
"docs/implementacion-maestra/evidencia/git-preservacion.txt","DOCUMENTATION","UNTRACKED","","Documento o evidencia del checkout actual; no modifica el catálogo fuente","25181253D40DAB9A32A691AFC3E9410B4A0AA7F7D0E748AFEE4D8AF3AF3D2ADB"
"docs/implementacion-maestra/evidencia/git-status.txt","DOCUMENTATION","UNTRACKED","","Documento o evidencia del checkout actual; no modifica el catálogo fuente","ADD657E64B77271D716A68D8CFF1EEC5628375F6A51673F1D5E0CCC6E434BC61"
"docs/implementacion-maestra/evidencia/inventario-arquitectura-original.csv","DOCUMENTATION","UNTRACKED","","Documento o evidencia del checkout actual; no modifica el catálogo fuente","510C1101208CE4CCE02ABDB2F107F1B0091A967DEAB86DD04A1763B5AF787C46"
"docs/implementacion-maestra/evidencia/inventario-peter2.csv","DOCUMENTATION","UNTRACKED","","Documento o evidencia del checkout actual; no modifica el catálogo fuente","F1190CB7D56774993DC82E66958D109E4B59A79D22ECDED3A587BDE081CD086C"
"docs/implementacion-maestra/evidencia/partials-baseline.csv","DOCUMENTATION","UNTRACKED","","Documento o evidencia del checkout actual; no modifica el catálogo fuente","AEC414A9CBEF455A27185D3A98B4C6B3F0B940CD5C58F56C6DC9D00617790369"
"docs/implementacion-maestra/evidencia/partials-catalog-pint.txt","DOCUMENTATION","UNTRACKED","","Documento o evidencia del checkout actual; no modifica el catálogo fuente","97BB98987C7EA14A4689E299DA76E1F10329810BA4BEECCB8C334918E3C01CAF"
"docs/implementacion-maestra/evidencia/partials-catalog-tests.txt","DOCUMENTATION","UNTRACKED","","Documento o evidencia del checkout actual; no modifica el catálogo fuente","20AA6F3684CC3553290270FB96B9187EC4A1861CC76617552A3BD03668EE3C2D"
"docs/implementacion-maestra/evidencia/partials-goal-tests.txt","DOCUMENTATION","UNTRACKED","","Documento o evidencia del checkout actual; no modifica el catálogo fuente","C614D85AB228B6F1E45C2E67F51BC55AE4F6ECEABC2DD992A71518A30C74B9E4"
"docs/implementacion-maestra/evidencia/partials-query-tests.txt","DOCUMENTATION","UNTRACKED","","Documento o evidencia del checkout actual; no modifica el catálogo fuente","AB453702C647FFE3AE2E305B1379CDE4AD431A799504B6032BB4F29222491B56"
"docs/implementacion-maestra/evidencia/php-lint.txt","DOCUMENTATION","UNTRACKED","","Documento o evidencia del checkout actual; no modifica el catálogo fuente","9F28A1D8A10168993CAE07CAE7EEEA706C364A189F4AD0DF72B4A911D6B92207"
"docs/implementacion-maestra/evidencia/routes.json","DOCUMENTATION","UNTRACKED","","Documento o evidencia del checkout actual; no modifica el catálogo fuente","A3317E495ACD3FBD06B81FD8E94B2192CF47EDFF5E73FD700A0A0864B12E36AC"
"docs/implementacion-maestra/evidencia/support-audit.txt","DOCUMENTATION","UNTRACKED","","Documento o evidencia del checkout actual; no modifica el catálogo fuente","2516400884D5FFCAA7A2933D5417220D56BD1990DDA333CEC230D26995616809"
"docs/implementacion-maestra/evidencia/support-auditoria-archivos.txt","DOCUMENTATION","UNTRACKED","","Documento o evidencia del checkout actual; no modifica el catálogo fuente","2F16D02D4A18C4CD6A793D1A82C803CA2BB6B88667A746E34FD184861A3619DE"
"docs/implementacion-maestra/evidencia/support-blade-lint.txt","DOCUMENTATION","UNTRACKED","","Documento o evidencia del checkout actual; no modifica el catálogo fuente","3B9530BD8B949A5EEA3538DE345A533DE25E06F2D0C547B99C932EFB4469F651"
"docs/implementacion-maestra/evidencia/support-composer.txt","DOCUMENTATION","UNTRACKED","","Documento o evidencia del checkout actual; no modifica el catálogo fuente","617D39E3B4752168F63039991B7E1EFACA11E54A1F5A9153D93B0D4EFE91FE05"
"docs/implementacion-maestra/evidencia/support-conciliacion-verificacion.txt","DOCUMENTATION","UNTRACKED","","Documento o evidencia del checkout actual; no modifica el catálogo fuente","A98FBEC31FA1B6ADD8C6B8098825247B2F62126BC3A06C12A3DB100BE951ACF5"
"docs/implementacion-maestra/evidencia/support-diff-check.txt","DOCUMENTATION","UNTRACKED","","Documento o evidencia del checkout actual; no modifica el catálogo fuente","E3B0C44298FC1C149AFBF4C8996FB92427AE41E4649B934CA495991B7852B855"
"docs/implementacion-maestra/evidencia/support-diff-stat.txt","DOCUMENTATION","UNTRACKED","","Documento o evidencia del checkout actual; no modifica el catálogo fuente","46948411E52A8D2187AD04F916DE234348101245341E608578CC83C88C6E572C"
"docs/implementacion-maestra/evidencia/support-full-tests.txt","DOCUMENTATION","UNTRACKED","","Documento o evidencia del checkout actual; no modifica el catálogo fuente","69181D5BA49FA1CFBF0D0C959C49ABBDA57A489803DF51E7DF55D2041C1E3A11"
"docs/implementacion-maestra/evidencia/support-full-tests.xml","DOCUMENTATION","UNTRACKED","","Documento o evidencia del checkout actual; no modifica el catálogo fuente","2E349EB2108CB0E57805633EF0C1431A579AA489D1AED246A29C28FA996E325E"
"docs/implementacion-maestra/evidencia/support-git-status.txt","DOCUMENTATION","UNTRACKED","","Documento o evidencia del checkout actual; no modifica el catálogo fuente","8B8AFC46A034ACA78F4C36CA9E3E8CD4F105F28932236A4956868C2625C7DEED"
"docs/implementacion-maestra/evidencia/support-integration.txt","DOCUMENTATION","UNTRACKED","","Documento o evidencia del checkout actual; no modifica el catálogo fuente","F312B6D9F0AAAC036889329346496B5248CE38EDF7D0034838E6459815CDB731"
"docs/implementacion-maestra/evidencia/support-integration.xml","DOCUMENTATION","UNTRACKED","","Documento o evidencia del checkout actual; no modifica el catálogo fuente","E4D1944FE8E1710E01874F9D694E3F2C6C19A60C6DAE1C4DAA25C604B7AC2A09"
"docs/implementacion-maestra/evidencia/support-inventario.csv","DOCUMENTATION","UNTRACKED","","Documento o evidencia del checkout actual; no modifica el catálogo fuente","88E728B7E627903D84F16E3A74C932712DE6A3B13FD73C0D208C59924F8B33BB"
"docs/implementacion-maestra/evidencia/support-php-lint.txt","DOCUMENTATION","UNTRACKED","","Documento o evidencia del checkout actual; no modifica el catálogo fuente","F92091B8CB86C17694A34364F9427B0B40493FB6E18846D8389795050782BA0A"
"docs/implementacion-maestra/evidencia/support-pint.txt","DOCUMENTATION","UNTRACKED","","Documento o evidencia del checkout actual; no modifica el catálogo fuente","113950BC1700E757D97F170F81E80F5A0D5B8979DA352ED35BC004D347973D7B"
"docs/implementacion-maestra/evidencia/support-preservacion.txt","DOCUMENTATION","UNTRACKED","","Documento o evidencia del checkout actual; no modifica el catálogo fuente","C37FC4A09A9216371DBD6555698E704612B982FE735FE3D59433CD8A5248FC28"
"docs/implementacion-maestra/evidencia/support-routes.json","DOCUMENTATION","UNTRACKED","","Documento o evidencia del checkout actual; no modifica el catálogo fuente","95400CA3E961012239F8B0AA20BC7C6D04E67A244F858FC3F6BD26979A616D00"
"docs/implementacion-maestra/evidencia/support-screen-tests.txt","DOCUMENTATION","UNTRACKED","","Documento o evidencia del checkout actual; no modifica el catálogo fuente","700BF516D5724B0799A9C183936EDFAD3B5C57FCB1E0D82CC74B7D1E5A9B6398"
"docs/implementacion-maestra/evidencia/support-unit.xml","DOCUMENTATION","UNTRACKED","","Documento o evidencia del checkout actual; no modifica el catálogo fuente","67ADCBCCD2DFD75E3E7A273703FB376D983940C9CC96D28B36F0048FAEA4E669"
"docs/implementacion-maestra/evidencia/support-verificacion-rutas-blade.json","DOCUMENTATION","UNTRACKED","","Documento o evidencia del checkout actual; no modifica el catálogo fuente","DD11345F099B1F8C2A88386FF28633960EC47068F42FF2A7D5C772187E8F8CE4"
"docs/implementacion-maestra/evidencia/support-vite-build.txt","DOCUMENTATION","UNTRACKED","","Documento o evidencia del checkout actual; no modifica el catálogo fuente","08499A0974978BE3679E7B60F94E1BC2BE88171EB05E545B858E86F70A318DE1"
"docs/implementacion-maestra/evidencia/teacher-grade-pint.txt","DOCUMENTATION","UNTRACKED","","Documento o evidencia del checkout actual; no modifica el catálogo fuente","49895D2AB1ED1E4197C3F84B3AD434E6409D7CA65E4A9819E9401A50D89AA43E"
"docs/implementacion-maestra/evidencia/teacher-grade-support-tests.txt","DOCUMENTATION","UNTRACKED","","Documento o evidencia del checkout actual; no modifica el catálogo fuente","1368DDCA4E5D7FA1351F7982B6BB342F8942B47A0DDA77D2A400FE4E94C17C20"
"docs/implementacion-maestra/evidencia/tests.txt","DOCUMENTATION","UNTRACKED","","Documento o evidencia del checkout actual; no modifica el catálogo fuente","1481A4C249E43AAB678176373696F6F5AF816FADE2F39119CF55D66E17646AB2"
"docs/implementacion-maestra/evidencia/verificar-cierre.php","DOCUMENTATION","UNTRACKED","","Documento o evidencia del checkout actual; no modifica el catálogo fuente","93F6E9169B0F280DCCF1DA85D16EB927F39BCBD51566AE70718E1BF5AB1503A6"
"docs/implementacion-maestra/evidencia/vite-build.txt","DOCUMENTATION","UNTRACKED","","Documento o evidencia del checkout actual; no modifica el catálogo fuente","E8E8746F10F58595B6CDDBB5122FDD75420A8D6802BC8AE23374FAF4B00C266B"
"docs/implementacion-maestra/MATRIZ-105-VENTANAS.md","DOCUMENTATION","UNTRACKED","","Documento o evidencia del checkout actual; no modifica el catálogo fuente","ADBA4C3B37A774841B6B1075795E40B4FF194819ED4BB1258B2FF5C2874A1DD8"
"docs/implementacion-maestra/MATRIZ-CONCILIACION-105.csv","DOCUMENTATION","UNTRACKED","","Documento o evidencia del checkout actual; no modifica el catálogo fuente","2B4FCC68DD7E09559F6AC3CECFF83634CB249AB34B68E36A013CA8953455CBF5"
"PETER2_REESTRUCTURACION.patch","REMOVED_NOT_ALLOWED","UNTRACKED","","Patch preexistente conservado; no aplicado ni eliminado","35FB8DBA4CBE3B2398A39AA99D278F203DA9E4123962A69914428B1890F2738A"
"resources/js/app.js","USED","TRACKED_MODIFIED","","Entrada/configuración o código referenciado; revisión funcional pendiente","FCDE0DD414FF1C0DCD5DF84C889BCD5DD2FE6DC0F4F000FAB19FCA8340678CD8"
"resources/views/admin/dashboard-administrador.blade.php","USED","TRACKED_MODIFIED","app\Http\Controllers\AdminDashboardController.php","Vista Blade con referencias por alias/componente/layout; QA visual pendiente","83B53E866059E03FEC5ABE8D3BFA4E06FEF104554FF222B1C3EACC35008C7DB1"
"resources/views/aula-virtual/componentes/course-card.blade.php","USED","TRACKED_MODIFIED","resources\views\livewire\shared\course-list.blade.php;resources\views\aula-virtual\dashboard\estudiante.blade.php;resources\views\aula-virtual\dashboard\docente.blade.php","Vista Blade con referencias por alias/componente/layout; QA visual pendiente","85E9C4E2AAE7ACE4897924F27B832DC6DB02711CCBC7E50542EABC2682E8D4CD"
"resources/views/aula-virtual/cursos/index-docente.blade.php","USED","TRACKED_MODIFIED","app\Http\Controllers\AulaVirtual\CursoVirtualController.php","Vista Blade con referencias por alias/componente/layout; QA visual pendiente","198FFEC33998FF842AC010CF72656D964BF42F8CE42B9083D065D37D84740F47"
"resources/views/aula-virtual/cursos/index-estudiante.blade.php","USED","TRACKED_MODIFIED","app\Http\Controllers\AulaVirtual\CursoVirtualController.php","Vista Blade con referencias por alias/componente/layout; QA visual pendiente","AB7B85F2B78F4F5968E7FDD008CB8726F58E11479B2C4176F7EC45E614DE4E6C"
"resources/views/aula-virtual/cursos/show-docente.blade.php","USED","TRACKED_MODIFIED","app\Http\Controllers\AulaVirtual\CursoVirtualController.php","Vista Blade con referencias por alias/componente/layout; QA visual pendiente","7BE635D7F3F2A1A9DC20B840DF955D4A8CF06A637EA5D53C63EAE37010EC1052"
"resources/views/aula-virtual/cursos/show-estudiante.blade.php","USED","TRACKED_MODIFIED","app\Http\Controllers\AulaVirtual\CursoVirtualController.php","Vista Blade con referencias por alias/componente/layout; QA visual pendiente","30FE4E99427AD9F69CFD87E662A324E3027BE51C9DC8A5B38AE4945A46F89333"
"resources/views/aula-virtual/dashboard/docente.blade.php","USED","TRACKED_MODIFIED","routes\workspace_domains.php;routes\admin.php;routes\actors.php;routes\aula_virtual.php;routes\docente.php;resources\views\aula-virtual\tareas\revisar.blade.php;resources\INFORMES\4 Creacion de los modulos.txt;resources\views\docente\calificaciones.blade.php;resources\INFORMES\2 Creacion de Tablas.txt;resources\views\admin\gestion-academica.blade.php;resources\views\aula-virtual\tareas\entregar.blade.php;resources\views\aula-virtual\dashboard\index.blade.php;app\Support\WorkspaceNavigation.php;resources\views\workspaces\institucional.blade.php;resources\views\admin\gestion-docentes.blade.php;resources\views\aula-virtual\reportes\index.blade.php;resources\views\workspaces\calendario.blade.php;resources\views\welcome.blade.php;resources\views\aula-virtual\componentes\course-card.blade.php;resources\views\aula-virtual\auth\login.blade.php;app\Support\Personas\PersonaInteligente.php;resources\views\aula-virtual\orientacion\seguimiento-docente.blade.php;resources\views\aula-virtual\orientacion\resultados.blade.php;app\Support\InstitutionalRoleGovernance.php;resources\views\aula-virtual\cursos\show-docente.blade.php;resources\views\aula-virtual\asistencia\registrar.blade.php;resources\views\aula-virtual\asistencia\mi-asistencia.blade.php;resources\views\aula-virtual\cursos\index-docente.blade.php;resources\views\admin\gestion-personal-institucional.blade.php;resources\views\components\welcome.blade.php;resources\views\profile\two-factor-authentication-form.blade.php;resources\views\components\menu.blade.php;app\Models\PlanEspecialidad.php;app\Models\PlanAsignatura.php;app\Models\PersonalInstitucional.php;resources\views\pdf\reportes\administrativo.blade.php;app\Support\Academico\ParaleloInteligente.php;resources\views\pdf\reportes\curso-aula.blade.php;app\Models\Docente.php;resources\views\pdf\reportes\institucional-completo.blade.php;app\Models\Calificacion.php;app\Support\Academico\GestionAcademicaInteligente.php;app\Services\AcademicAccessService.php;app\Services\AulaVirtual\TareaService.php;app\Services\AulaVirtual\EntregaService.php;app\Services\AulaVirtual\OrientacionService.php;app\Services\AulaVirtual\CursoVirtualService.php;app\Services\AulaVirtual\AsistenciaService.php;app\Services\GradeService.php;app\Services\DomainReadinessService.php;app\Services\InstitutionalDashboardService.php;app\Services\InstitutionalQueryService.php;app\Services\RoleDashboardResolver.php;app\Livewire\Shared\TeacherGradeForm.php;app\Services\OperationalAccountService.php;resources\views\livewire\shared\course-workspace.blade.php;app\Models\AulaVirtual\AsistenciaClase.php;app\Livewire\Shared\StudyAssistant.php;app\Models\AulaVirtual\Tarea.php;resources\views\livewire\shared\course-list.blade.php;app\Services\Reportes\DatosReporteAdministrativoService.php;app\Models\AulaVirtual\CalificacionTarea.php;resources\views\livewire\secretaria\cuentas.blade.php;app\Livewire\Admin\Bitacora.php;app\Livewire\AulaVirtual\Asistencia\HistorialAsistenciaDocente.php;resources\views\livewire\admin\gestion-curso.blade.php;app\Livewire\Admin\GestionCurso.php;resources\views\livewire\admin\gestion-docente.blade.php;app\Livewire\Admin\GestionDocente.php;app\Livewire\AulaVirtual\DashboardDocente.php;app\Livewire\AulaVirtual\Tareas\CrearTarea.php;resources\views\livewire\admin\gestion-paralelo.blade.php;app\Livewire\AulaVirtual\Orientacion\SeguimientoDocente.php;app\Livewire\Admin\PersonalInstitucional.php;app\Livewire\Admin\PlanesAsignatura.php;resources\views\livewire\admin\personal-institucional.blade.php;app\Http\Controllers\WorkspaceController.php;resources\views\livewire\admin\planes-asignatura.blade.php;app\Http\Controllers\AulaVirtual\EntregaController.php;resources\views\livewire\aula-virtual\orientacion\seguimiento-docente.blade.php;app\Http\Controllers\AdminDashboardController.php;app\Http\Controllers\AulaVirtual\AulaVirtualController.php;app\Http\Controllers\AulaVirtual\AsistenciaController.php;app\Http\Controllers\AulaVirtual\OrientacionController.php;app\Http\Controllers\Docente\CalificacionCursoController.php;app\Http\Controllers\AulaVirtual\CursoVirtualController.php;app\Http\Controllers\AulaVirtual\TareaController.php;app\Http\Controllers\Admin\GestionDocenteController.php","Vista Blade con referencias por alias/componente/layout; QA visual pendiente","CC81CB8AC3BBF6EA7F761FC6C6FE9D4AA8CD0865D1756DEBDAC2479EC849D510"
"resources/views/aula-virtual/dashboard/estudiante.blade.php","USED","TRACKED_MODIFIED","routes\aula_virtual.php;routes\workspace_domains.php;routes\admin.php;routes\actors.php;routes\secretaria.php;routes\regencia.php;routes\estudiante.php;resources\views\aula-virtual\asistencia\registrar.blade.php;resources\INFORMES\4 Creacion de los modulos.txt;resources\INFORMES\2 Creacion de Tablas.txt;resources\views\admin\dashboard-administrador.blade.php;resources\views\aula-virtual\tareas\revisar.blade.php;resources\views\docente\calificaciones.blade.php;resources\views\aula-virtual\tareas\entregar.blade.php;resources\views\admin\gestion-estudiantes.blade.php;app\Support\WorkspaceNavigation.php;resources\views\workspaces\mis-grados.blade.php;resources\views\aula-virtual\reportes\index.blade.php;resources\views\aula-virtual\dashboard\index.blade.php;resources\views\admin\tipo-vinculacion-estudiante.blade.php;resources\views\workspaces\institucional.blade.php;resources\views\aula-virtual\dashboard\docente.blade.php;app\Support\Personas\PersonaInteligente.php;resources\views\aula-virtual\auth\login.blade.php;resources\views\workspaces\documentacion.blade.php;resources\views\aula-virtual\orientacion\seguimiento-docente.blade.php;app\Support\InstitutionalRoleGovernance.php;resources\views\workspaces\calendario.blade.php;resources\views\welcome.blade.php;app\Support\Evaluacion\CalificacionInteligente.php;resources\views\estudiante\area.blade.php;resources\views\aula-virtual\cursos\show-estudiante.blade.php;resources\views\aula-virtual\cursos\index-estudiante.blade.php;resources\views\livewire\secretaria\cuentas.blade.php;resources\views\livewire\shared\course-list.blade.php;resources\views\livewire\shared\institutional-query.blade.php;app\Models\TipoVinculacionEstudiante.php;resources\views\livewire\shared\course-workspace.blade.php;app\Models\SeguimientoAcademico.php;resources\views\livewire\shared\kardex-draft.blade.php;resources\views\pdf\reportes\calificaciones.blade.php;resources\views\livewire\shared\teacher-grade-form.blade.php;resources\views\livewire\shared\study-assistant.blade.php;resources\views\pdf\reportes\administrativo.blade.php;resources\views\pdf\reportes\vocacional-riasec.blade.php;resources\views\components\menu.blade.php;resources\views\pdf\reportes\academico-general.blade.php;resources\views\pdf\reportes\institucional-completo.blade.php;resources\views\pdf\reportes\curso-aula.blade.php;resources\views\livewire\shared\student-drawer.blade.php;resources\views\pdf\reportes\estudiantes-riesgo.blade.php;resources\views\pdf\reportes\compatibilidad-carreras.blade.php;app\Models\DocumentoInscripcionEstudiante.php;app\Support\Academico\ParaleloInteligente.php;app\Models\MetaAcademica.php;app\Models\Calificacion.php;app\Models\InstitucionProcedencia.php;app\Support\Academico\InscripcionAcademica.php;app\Models\InscripcionEstudiante.php;app\Support\Academico\GestionAcademicaInteligente.php;app\Services\AcademicAccessService.php;resources\views\livewire\admin\gestion-inscripciones.blade.php;app\Models\Estudiante.php;resources\views\livewire\admin\gestion-estudiantes.blade.php;app\Models\EspecialidadTecnica.php;app\Http\Controllers\AdminDashboardController.php;resources\views\livewire\admin\gestion-curso.blade.php;resources\views\livewire\admin\calificaciones.blade.php;resources\views\livewire\admin\bitacora.blade.php;resources\views\livewire\admin\reportes-academicos.blade.php;resources\views\livewire\admin\gestion-academica.blade.php;resources\views\livewire\admin\gestion-paralelo.blade.php;app\Http\Controllers\EnrollmentDocumentController.php;app\Models\AulaVirtual\OrientacionResultado.php;app\Http\Controllers\AulaVirtual\TareaController.php;app\Http\Controllers\DomainBoundaryController.php;app\Http\Controllers\Admin\GestionEstudiantesController.php;app\Services\StudentContextService.php;app\Http\Controllers\WorkspaceController.php;app\Models\AulaVirtual\OrientacionRespuesta.php;app\Services\RoleDashboardResolver.php;app\Http\Controllers\AulaVirtual\AulaVirtualController.php;app\Http\Controllers\AulaVirtual\AsistenciaController.php;app\Models\AulaVirtual\CalificacionTarea.php;app\Models\AulaVirtual\OrientacionActividad.php;app\Services\AulaVirtual\ReporteAulaVirtualService.php;app\Models\AulaVirtual\AsistenciaEstudiante.php;app\Models\AulaVirtual\AsistenciaClase.php;app\Models\AulaVirtual\EntregaTarea.php;app\Models\AulaVirtual\ActividadClase.php;app\Http\Controllers\AulaVirtual\OrientacionController.php;app\Http\Controllers\Estudiante\ExperienceController.php;app\Models\AulaVirtual\ClaseVirtual.php;app\Services\AulaVirtual\OrientacionService.php;app\Models\AulaVirtual\ClaseEstudiante.php;app\Http\Controllers\AulaVirtual\EntregaController.php;app\Policies\AulaVirtualEntregaPolicy.php;app\Http\Controllers\AulaVirtual\CursoVirtualController.php;app\Services\AulaVirtual\EntregaService.php;app\Services\AulaVirtual\CursoVirtualService.php;app\Services\Reportes\GeneradorZipReportesService.php;app\Policies\MetaAcademicaPolicy.php;app\Policies\InscripcionEstudiantePolicy.php;app\Policies\OrientacionResultadoPolicy.php;app\Services\Reportes\GeneradorSqlAcademicoService.php;app\Policies\EstudiantePolicy.php;app\Services\AulaVirtual\AsistenciaService.php;app\Services\AcademicGoalService.php;app\Livewire\Admin\Bitacora.php;app\Services\Reportes\GeneradorMpdfService.php;app\Services\RegencyAccessService.php;app\Livewire\Admin\Calificaciones.php;app\Services\RegencyReportService.php;app\Services\OperationalAccountService.php;app\Services\Reportes\DatosReporteVocacionalService.php;app\Services\Reportes\DatosReporteAcademicoService.php;app\Services\Reportes\DatosReporteAdministrativoService.php;app\Http\Controllers\Admin\TipoVinculacionEstudianteController.php;app\Http\Controllers\Admin\ReportePdfController.php;app\Livewire\Admin\GestionAcademica.php;app\Livewire\Admin\EspecialidadesTecnicas.php;app\Livewire\AulaVirtual\Asistencia\MiAsistenciaEstudiante.php;app\Livewire\Admin\GestionCurso.php;app\Services\Kardex\ScopedKardexRepository.php;app\Livewire\Admin\GestionEstudiantes.php;app\Livewire\Shared\AcademicSources.php;app\Services\InstitutionalQueryService.php;app\Livewire\Admin\GestionInscripciones.php;app\Livewire\AulaVirtual\DashboardEstudiante.php;app\Livewire\Admin\GestionParalelo.php;app\Livewire\Shared\CourseWorkspace.php;app\Livewire\Shared\CourseList.php;app\Services\InstitutionalDashboardService.php;app\Livewire\Shared\InstitutionalQuery.php;app\Livewire\Admin\InstitucionProcedencia.php;app\Livewire\AulaVirtual\Orientacion\OrientacionEstudiante.php;app\Livewire\AulaVirtual\Orientacion\ExploradorVocacional.php;app\Services\GradeService.php;app\Livewire\Shared\StudyAssistant.php;app\Livewire\Admin\ReportesAcademicos.php;app\Livewire\Admin\TipoVinculacionEstudiante.php","Vista Blade con referencias por alias/componente/layout; QA visual pendiente","C5D3BFFD9F3DA4C02446D2FCA694185958B0D4C7B53B65111B8A2484E5FDE784"
"resources/views/aula-virtual/layouts/app.blade.php","USED","TRACKED_MODIFIED","resources\css\app.css;app\View\Components\AppLayout.php;resources\js\app.js;resources\markdown\terms.md;resources\markdown\policy.md;resources\views\admin\dashboard-administrador.blade.php;resources\views\admin\calificaciones.blade.php;resources\views\docente\calificaciones.blade.php;resources\views\admin\bitacora.blade.php;resources\INFORMES\4 Creacion de los modulos.txt;resources\views\layouts\guest.blade.php;resources\views\estudiante\area.blade.php;resources\views\layouts\app.blade.php;resources\views\admin\asignaciones-regencia.blade.php;resources\views\aula-virtual\tareas\revisar.blade.php;resources\views\admin\gestion-cursos.blade.php;app\Support\WorkspaceNavigation.php;resources\INFORMES\1 Primer Informe.txt;resources\views\admin\gestion-asignatura.blade.php;resources\views\aula-virtual\tareas\entregar.blade.php;resources\views\admin\especialidades-tecnicas.blade.php;resources\views\admin\gestion-academica.blade.php;resources\views\admin\gestion-inscripcion.blade.php;resources\views\admin\gestion-personal-institucional.blade.php;resources\views\admin\gestion-estudiantes.blade.php;resources\views\components\actor-menu.blade.php;resources\views\admin\gestion-paralelo.blade.php;resources\views\workspaces\reportes.blade.php;resources\views\admin\gestion-turnos.blade.php;resources\views\admin\gestion-docentes.blade.php;resources\views\aula-virtual\reportes\index.blade.php;resources\views\workspaces\reportes-regencia.blade.php;resources\views\admin\gestion-personas.blade.php;app\Support\Reportes\ReporteAcademicoInteligente.php;resources\views\admin\gestion-usuarios.blade.php;resources\views\workspaces\mis-grados.blade.php;resources\views\admin\institucion-procedencia.blade.php;resources\views\admin\periodo-evaluacion.blade.php;resources\views\workspaces\institucional.blade.php;resources\views\admin\planes-asignatura.blade.php;resources\views\workspaces\domain-boundary.blade.php;resources\views\admin\reportes-academicos.blade.php;resources\views\admin\reportes-administrativos.blade.php;resources\views\workspaces\documentacion.blade.php;resources\views\admin\roles-permisos.blade.php;resources\views\aula-virtual\orientacion\seguimiento-docente.blade.php;resources\views\workspaces\consulta.blade.php;resources\views\admin\tipo-vinculacion-estudiante.blade.php;resources\views\aula-virtual\orientacion\resultados.blade.php;resources\views\workspaces\calendario.blade.php;resources\views\aula-virtual\orientacion\explorador.blade.php;resources\views\aula-virtual\orientacion\estudiante.blade.php;resources\views\aula-virtual\materiales\index.blade.php;resources\views\welcome.blade.php;resources\views\pdf\reportes\calificaciones.blade.php;resources\views\profile\show.blade.php;resources\views\aula-virtual\cursos\show-estudiante.blade.php;resources\views\pdf\reportes\vocacional-riasec.blade.php;resources\views\pdf\reportes\academico-general.blade.php;resources\views\pdf\reportes\bitacora.blade.php;resources\views\navigation-menu.blade.php;resources\views\pdf\reportes\administrativo.blade.php;resources\views\aula-virtual\cursos\show-docente.blade.php;resources\views\pdf\reportes\institucional-completo.blade.php;resources\views\aula-virtual\cursos\index-estudiante.blade.php;resources\views\pdf\reportes\estudiantes-riesgo.blade.php;resources\views\aula-virtual\cursos\index-docente.blade.php;resources\views\pdf\reportes\compatibilidad-carreras.blade.php;resources\views\secretaria\cuentas.blade.php;resources\views\components\welcome.blade.php;app\Services\StudentContextService.php;resources\views\aula-virtual\dashboard\index.blade.php;app\Services\RoleRequestService.php;resources\views\aula-virtual\dashboard\estudiante.blade.php;app\Services\AcademicAccessService.php;app\Services\AporteIngenieril\AporteIngenierilClient.php;app\Services\RolePermissionService.php;resources\views\aula-virtual\dashboard\docente.blade.php;app\Services\AcademicGoalService.php;app\Http\Middleware\EnsureActorRole.php;app\Services\InstitutionalDashboardService.php;app\Services\HistoricalReportAccessService.php;app\Providers\JetstreamServiceProvider.php;app\Services\GradeService.php;app\Providers\FortifyServiceProvider.php;app\Services\DomainReadinessService.php;resources\views\vendor\mail\html\layout.blade.php;app\Services\CalendarService.php;app\Services\Reportes\GeneradorZipReportesService.php;resources\views\vendor\mail\text\message.blade.php;resources\views\vendor\mail\html\header.blade.php;app\Services\Reportes\GeneradorSqlAcademicoService.php;app\Providers\AppServiceProvider.php;resources\views\vendor\mail\html\themes\default.css;resources\views\vendor\mail\html\message.blade.php;app\Http\Controllers\CalendarController.php;app\Http\Controllers\Auth\GoogleAuthController.php;app\Http\Controllers\EnrollmentDocumentController.php;app\Services\RegencyReportService.php;app\Livewire\Shared\TeacherGradeForm.php;app\Http\Controllers\DomainBoundaryController.php;app\Services\RegencyAccessService.php;app\Http\Controllers\WorkspaceController.php;app\Livewire\Shared\StudyAssistant.php;app\Services\AulaVirtual\UnitContentService.php;app\Livewire\Shared\StudentDrawer.php;app\Services\OperationalAccountService.php;app\Http\Controllers\RegencyReportController.php;app\Services\NotificationService.php;app\Livewire\Shared\NotificationCenter.php;app\Services\AulaVirtual\TareaService.php;resources\views\aula-virtual\asistencia\registrar.blade.php;app\Livewire\Shared\ModuleSearch.php;app\Services\AulaVirtual\ReporteAulaVirtualService.php;resources\views\aula-virtual\asistencia\mi-asistencia.blade.php;app\Livewire\Shared\KardexDraft.php;app\Services\AulaVirtual\PublicacionService.php;app\Http\Controllers\HistoricalReportController.php;app\Livewire\Shared\InstitutionalRecordDrawer.php;app\Livewire\Shared\AcademicPlan.php;app\Livewire\Shared\InstitutionalQuery.php;resources\views\api\index.blade.php;app\Livewire\Shared\CourseWorkspace.php;resources\views\api\api-token-manager.blade.php;app\Models\User.php;app\Services\Kardex\ScopedKardexRepository.php;app\Http\Controllers\AulaVirtual\ReporteAulaVirtualController.php;app\Services\Kardex\KardexService.php;app\Services\AulaVirtual\EntregaService.php;app\Livewire\Shared\CourseContent.php;app\Policies\UserPolicy.php;app\Services\InstitutionalQueryService.php;app\Policies\ReporteGeneradoPolicy.php;app\Services\AulaVirtual\CursoVirtualService.php;app\Livewire\Shared\AcademicSources.php;app\Services\AulaVirtual\AsistenciaService.php;app\Policies\PersonaPolicy.php;app\Policies\CursoPolicy.php;app\Livewire\InstitutionalAuthorization.php;app\Policies\OrientacionResultadoPolicy.php;app\Policies\CalificacionPolicy.php;app\Policies\MetaAcademicaPolicy.php;app\Policies\AulaVirtualEntregaPolicy.php;app\Policies\AulaVirtualTareaPolicy.php;app\Http\Controllers\AdminDashboardController.php;app\Policies\AulaVirtualCursoPolicy.php;app\Policies\AulaVirtualMaterialPolicy.php;app\Policies\AulaVirtualAsistenciaPolicy.php;app\Policies\KardexPolicy.php;app\Policies\EstudiantePolicy.php;app\Policies\DocumentoInscripcionEstudiantePolicy.php;app\Policies\InscripcionEstudiantePolicy.php;resources\views\livewire\admin\gestion-academica.blade.php;app\Livewire\AulaVirtual\Tareas\EditarTarea.php;app\Livewire\AulaVirtual\Tareas\CrearTarea.php;resources\views\livewire\admin\gestion-curso.blade.php;resources\views\livewire\admin\gestion-turnos.blade.php;resources\views\livewire\admin\gestion-personas.blade.php;resources\views\livewire\admin\gestion-usuarios.blade.php;resources\views\livewire\admin\gestion-inscripciones.blade.php;resources\views\livewire\admin\personal-institucional.blade.php;app\Livewire\Admin\Calificaciones.php;app\Livewire\AulaVirtual\Materiales\EditarMaterial.php;app\Livewire\AulaVirtual\Materiales\CrearMaterial.php;app\Livewire\Admin\EspecialidadesTecnicas.php;app\Livewire\Admin\GestionDocente.php;resources\views\livewire\admin\roles-permisos.blade.php;app\Livewire\Admin\GestionAcademica.php;app\Livewire\Admin\GestionCurso.php;app\Livewire\Admin\GestionInscripciones.php;app\Livewire\AulaVirtual\Orientacion\ExploradorVocacional.php;app\Livewire\Admin\GestionPersonas.php;app\Http\Controllers\Admin\ReportePdfController.php;app\Http\Controllers\Admin\RoleRequestDocumentController.php;app\Livewire\Admin\GestionUsuarios.php;app\Livewire\Admin\InstitucionProcedencia.php;app\Livewire\Admin\PeriodoEvaluacion.php;app\Livewire\Admin\PlanesAsignatura.php;app\Livewire\Admin\ReportesAcademicos.php;app\Livewire\Admin\ReportesAdministrativos.php;app\Livewire\Admin\RolesPermisos.php;app\Livewire\Admin\TipoVinculacionEstudiante.php","Vista Blade con referencias por alias/componente/layout; QA visual pendiente","1CFD42D1AC65CF42BB32FDE42BA06B10F81BEFA211F61C7713956F15D0BA8A77"
"resources/views/aula-virtual/layouts/sidebar.blade.php","USED","TRACKED_MODIFIED","resources\css\app.css;resources\views\layouts\app.blade.php;resources\views\components\welcome.blade.php;resources\views\components\menu.blade.php;resources\views\components\actor-menu.blade.php","Vista Blade con referencias por alias/componente/layout; QA visual pendiente","BA2B00636BD30A41CFE02A7A01889727ECC4365CAFEB0B0810A70EC202577430"
"resources/views/aula-virtual/orientacion/seguimiento-docente.blade.php","USED","TRACKED_MODIFIED","app\Http\Controllers\AulaVirtual\OrientacionController.php;app\Livewire\AulaVirtual\Orientacion\SeguimientoDocente.php","Vista Blade con referencias por alias/componente/layout; QA visual pendiente","F68D766D9A94C0362A605C7872BD61AC3E6D9D6DB4672E0C07D150EF5CC83048"
"resources/views/aula-virtual/reportes/index.blade.php","USED","TRACKED_MODIFIED","routes\aula_virtual.php;routes\admin.php;routes\workspace_domains.php;routes\secretaria.php;routes\regencia.php;routes\docente.php;routes\direccion.php;resources\INFORMES\4 Creacion de los modulos.txt;app\Http\Controllers\RegencyReportController.php;app\Http\Controllers\InstitutionalQueryController.php;app\Http\Controllers\Docente\CalificacionCursoController.php;resources\views\workspaces\reportes.blade.php;app\Http\Controllers\EnrollmentDocumentController.php;resources\views\workspaces\reportes-regencia.blade.php;resources\views\workspaces\documentacion.blade.php;resources\views\workspaces\calendario.blade.php;resources\views\welcome.blade.php;resources\views\aula-virtual\auth\login.blade.php;app\Http\Controllers\AulaVirtual\ReporteAulaVirtualController.php;app\Http\Controllers\AulaVirtual\MaterialController.php;app\Http\Controllers\AulaVirtual\CursoVirtualController.php;app\Http\Controllers\AulaVirtual\AulaVirtualController.php;app\Http\Controllers\AdminDashboardController.php;resources\views\navigation-menu.blade.php;resources\views\docente\calificaciones.blade.php;resources\views\layouts\guest.blade.php;app\Http\Controllers\Admin\TipoVinculacionEstudianteController.php;app\Http\Controllers\Admin\ReporteAdministrativoController.php;app\Http\Controllers\Admin\ReporteAcademicoController.php;app\Http\Controllers\Admin\GestionInscripcionController.php;resources\views\livewire\shared\academic-sources.blade.php;app\Http\Controllers\Admin\PlanesAsignaturaController.php;app\Http\Controllers\Admin\GestionEstudiantesController.php;app\Http\Controllers\Admin\PeriodoEvaluacionController.php;app\Http\Controllers\Admin\InstitucionProcedenciaController.php;app\Http\Controllers\Admin\GestionDocenteController.php;resources\views\livewire\shared\student-drawer.blade.php;app\Http\Controllers\Admin\GestionCursosController.php;app\Http\Controllers\Admin\GestionAsignaturaController.php;app\Http\Controllers\Admin\GestionUsuarioController.php;app\Http\Controllers\Admin\GestionTurnoController.php;app\Http\Controllers\Admin\GestionAcademicaController.php;resources\views\livewire\shared\institutional-record-drawer.blade.php;app\Http\Controllers\Admin\GestionPersonalInstitucional.php;app\Http\Controllers\Admin\EspecialidadesTecnicasController.php;resources\views\livewire\shared\institutional-query.blade.php;app\Http\Controllers\Admin\CalificacionController.php;app\Http\Controllers\Admin\GestionPersonaController.php;resources\views\livewire\shared\course-workspace.blade.php;app\Http\Controllers\Admin\GestionParaleloController.php;app\Http\Controllers\Admin\BitacoraController.php;resources\views\auth\forgot-password.blade.php;resources\views\auth\login.blade.php;resources\views\auth\two-factor-challenge.blade.php;resources\views\auth\reset-password.blade.php;resources\views\livewire\admin\bitacora.blade.php;resources\views\livewire\admin\gestion-inscripciones.blade.php;resources\views\livewire\admin\gestion-turnos.blade.php","Vista Blade con referencias por alias/componente/layout; QA visual pendiente","E97121300AA2F062A4043DEA9276390826095EC5675ECE4C310EA4736A0F88BE"
"resources/views/aula-virtual/tareas/entregar.blade.php","USED","TRACKED_MODIFIED","routes\aula_virtual.php;resources\views\aula-virtual\dashboard\estudiante.blade.php;resources\views\livewire\shared\course-workspace.blade.php;resources\views\aula-virtual\componentes\icon-action-button.blade.php;app\Http\Controllers\AulaVirtual\TareaController.php;app\Livewire\AulaVirtual\Tareas\EntregarTarea.php","Vista Blade con referencias por alias/componente/layout; QA visual pendiente","AF2FBEE03EA4689AF01FF5B92A1BCB3385B0C57AE7C7C29D985E04F550E0BB95"
"resources/views/aula-virtual/tareas/revisar.blade.php","USED","TRACKED_MODIFIED","resources\INFORMES\4 Creacion de los modulos.txt;routes\aula_virtual.php;resources\views\workspaces\mis-grados.blade.php;app\Support\Personas\PersonaInteligente.php;resources\views\livewire\shared\course-workspace.blade.php;resources\views\pdf\reportes\institucional-completo.blade.php;resources\views\livewire\shared\course-list.blade.php;resources\views\livewire\shared\kardex-draft.blade.php;resources\views\aula-virtual\dashboard\index.blade.php;resources\views\aula-virtual\dashboard\docente.blade.php;resources\views\livewire\admin\roles-permisos.blade.php;resources\views\livewire\admin\personal-institucional.blade.php;resources\views\components\welcome.blade.php;app\Services\GradeService.php;app\Support\Academico\GestionAcademicaInteligente.php;resources\views\livewire\admin\gestion-turnos.blade.php;app\Support\Academico\TurnoInteligente.php;resources\views\livewire\admin\gestion-personas.blade.php;app\Support\Academico\AsignaturaInteligente.php;resources\views\livewire\admin\gestion-paralelo.blade.php;resources\views\livewire\admin\gestion-inscripciones.blade.php;app\Support\Academico\InscripcionAcademica.php;resources\views\aula-virtual\componentes\icon-action-button.blade.php;app\Services\AulaVirtual\CursoVirtualService.php;app\Livewire\AulaVirtual\Tareas\RevisarEntregas.php;app\Livewire\Admin\GestionAcademica.php;app\Http\Controllers\AulaVirtual\TareaController.php;app\Livewire\Admin\GestionParalelo.php","Vista Blade con referencias por alias/componente/layout; QA visual pendiente","7B2C4AD717FAB782639446EA8E8A490F4B4DF7EAABE839A589EC0BD77F115870"
"resources/views/components/actor-menu.blade.php","USED","TRACKED_MODIFIED","resources\views\aula-virtual\layouts\sidebar.blade.php;resources\views\layouts\sidebar.blade.php","Vista Blade con referencias por alias/componente/layout; QA visual pendiente","457D109E9553745E5996402DD7E0CD87C52AD33859046D2A69803BFDCBE9D4BB"
"resources/views/components/asistencia-inteligente.blade.php","USED","UNTRACKED","resources\views\livewire\shared\teacher-grade-form.blade.php;resources\views\livewire\shared\kardex-draft.blade.php;resources\views\livewire\admin\calificaciones.blade.php;resources\views\livewire\admin\partials\catalogo-institucional.blade.php","Vista Blade con referencias por alias/componente/layout; QA visual pendiente","8146701E8FC3A924FEB8F01C61B84020033EB32481EC1606BA61820B59F0CE0A"
"resources/views/docente/calificaciones.blade.php","USED","TRACKED_MODIFIED","resources\views\admin\calificaciones.blade.php;routes\docente.php;routes\admin.php;app\Support\WorkspaceNavigation.php;resources\views\workspaces\institucional.blade.php;app\Support\PermissionLabel.php;app\Support\InstitutionalRoleGovernance.php;resources\views\pdf\reportes\academico-general.blade.php;resources\views\livewire\shared\institutional-query.blade.php;resources\views\livewire\admin\reportes-academicos.blade.php;resources\views\livewire\shared\course-workspace.blade.php;app\Livewire\Shared\TeacherGradeForm.php;resources\views\components\menu.blade.php;resources\views\pdf\reportes\curso-aula.blade.php;resources\views\pdf\reportes\compatibilidad-carreras.blade.php;resources\views\pdf\reportes\vocacional-riasec.blade.php;resources\views\pdf\reportes\calificaciones.blade.php;app\Support\Academico\GestionAcademicaInteligente.php;resources\views\pdf\reportes\estudiantes-riesgo.blade.php;resources\views\pdf\reportes\regencia.blade.php;app\Livewire\Shared\CourseWorkspace.php;app\Support\Academico\AsignaturaInteligente.php;resources\views\pdf\reportes\institucional-completo.blade.php;app\Http\Controllers\WorkspaceController.php;resources\views\livewire\admin\gestion-asignatura.blade.php;resources\views\aula-virtual\dashboard\estudiante.blade.php;app\Models\Asignatura.php;app\Http\Controllers\Docente\CalificacionCursoController.php;resources\views\livewire\admin\gestion-academica.blade.php;resources\views\livewire\admin\calificaciones.blade.php;app\Http\Controllers\Estudiante\ExperienceController.php;app\Livewire\Admin\Calificaciones.php;app\Models\AulaVirtual\Tarea.php;app\Livewire\Admin\GestionAcademica.php;app\Http\Controllers\Admin\ReportePdfController.php;app\Livewire\Admin\GestionAsignatura.php;app\Http\Controllers\Admin\CalificacionController.php;app\Livewire\Admin\GestionEstudiantes.php;app\Livewire\Admin\PeriodoEvaluacion.php;app\Livewire\Admin\ReportesAcademicos.php;app\Models\Estudiante.php;app\Services\Reportes\GeneradorZipReportesService.php;app\Models\PeriodoEvaluacion.php;app\Services\InstitutionalDashboardService.php;app\Services\GradeService.php;app\Services\InstitutionalQueryService.php;app\Services\Reportes\GeneradorMpdfService.php;app\Services\RegencyReportService.php;app\Services\Reportes\DatosReporteAcademicoService.php;app\Services\AcademicAccessService.php;app\Services\Reportes\DatosReporteVocacionalService.php;resources\views\aula-virtual\auth\login.blade.php;app\Services\AulaVirtual\CursoVirtualService.php","Vista Blade con referencias por alias/componente/layout; QA visual pendiente","B5160D31674FCE176683DB89C70D6465ED9A4376C2CA26CC581CBE4C0C398F8B"
"resources/views/estudiante/area.blade.php","USED","TRACKED_MODIFIED","routes\admin.php;routes\direccion.php;routes\aula_virtual.php;routes\estudiante.php;resources\css\app.css;routes\secretaria.php;routes\regencia.php;resources\views\aula-virtual\tareas\revisar.blade.php;resources\views\aula-virtual\tareas\entregar.blade.php;resources\views\aula-virtual\reportes\index.blade.php;resources\views\aula-virtual\dashboard\estudiante.blade.php;resources\views\aula-virtual\dashboard\docente.blade.php;resources\views\aula-virtual\orientacion\resultados.blade.php;app\Support\WorkspaceNavigation.php;app\Http\Controllers\Estudiante\ExperienceController.php;app\Http\Controllers\InstitutionalQueryController.php;resources\views\workspaces\reportes-regencia.blade.php;resources\views\workspaces\mis-grados.blade.php;app\Policies\AulaVirtualTareaPolicy.php;resources\views\workspaces\consulta.blade.php;app\Http\Controllers\AulaVirtual\TareaController.php;resources\views\workspaces\calendario.blade.php;app\Policies\AulaVirtualEntregaPolicy.php;resources\views\profile\update-profile-information-form.blade.php;resources\views\aula-virtual\componentes\icon-action-button.blade.php;app\Support\InstitutionalRoleGovernance.php;app\Http\Controllers\AulaVirtual\EntregaController.php;resources\views\docente\calificaciones.blade.php;resources\views\aula-virtual\componentes\course-card.blade.php;resources\views\livewire\shared\academic-plan.blade.php;resources\views\livewire\shared\study-assistant.blade.php;resources\views\livewire\shared\student-drawer.blade.php;resources\views\livewire\shared\kardex-draft.blade.php;resources\views\livewire\shared\institutional-record-drawer.blade.php;resources\views\livewire\admin\calificaciones.blade.php;resources\views\livewire\admin\gestion-academica.blade.php;resources\views\livewire\shared\institutional-query.blade.php;resources\views\livewire\admin\gestion-asignatura.blade.php;resources\views\livewire\shared\course-workspace.blade.php;resources\views\livewire\shared\course-content.blade.php;resources\views\pdf\reportes\academico-general.blade.php;resources\views\livewire\admin\gestion-curso.blade.php;resources\views\livewire\admin\gestion-inscripciones.blade.php;resources\views\pdf\reportes\curso-aula.blade.php;resources\views\livewire\aula-virtual\tareas\entregar-tarea.blade.php;resources\views\pdf\reportes\compatibilidad-carreras.blade.php;resources\views\livewire\aula-virtual\tareas\editar-tarea.blade.php;resources\views\pdf\reportes\institucional-completo.blade.php;resources\views\pdf\reportes\regencia.blade.php;resources\views\livewire\aula-virtual\tareas\crear-tarea.blade.php;app\Support\Academico\GestionAcademicaInteligente.php;app\Support\Academico\EspecialidadTecnicaInteligente.php;app\Support\Academico\AsignaturaInteligente.php;app\Models\AulaVirtual\ActividadClase.php;resources\views\livewire\admin\partials\catalogo-institucional.blade.php;resources\views\livewire\admin\roles-permisos.blade.php;resources\views\livewire\aula-virtual\orientacion\explorador-vocacional.blade.php;resources\views\livewire\admin\reportes-academicos.blade.php;resources\views\livewire\admin\gestion-turnos.blade.php;app\Livewire\InstitutionalAuthorization.php;app\Models\AulaVirtual\EntregaTarea.php;app\Models\AulaVirtual\UnidadClase.php;app\Models\AulaVirtual\EntregaArchivo.php;app\Models\AulaVirtual\TareaMaterial.php;app\Livewire\Admin\GestionAcademica.php;app\Models\AulaVirtual\OrientacionCarreraSugerida.php;app\Models\AulaVirtual\Tarea.php;app\Models\AulaVirtual\ClaseVirtual.php;app\Livewire\AulaVirtual\Tareas\CalificarEntrega.php;app\Livewire\AulaVirtual\Tareas\RevisarEntregas.php;app\Livewire\AulaVirtual\Tareas\EntregarTarea.php;app\Livewire\AulaVirtual\Tareas\EditarTarea.php;app\Livewire\AulaVirtual\Tareas\CrearTarea.php;app\Services\DomainReadinessService.php;app\Models\AulaVirtual\CalificacionTarea.php;app\Livewire\Shared\InstitutionalQuery.php;app\Services\CalendarService.php;app\Livewire\Shared\CourseWorkspace.php;app\Services\InstitutionalQueryService.php;app\Livewire\Admin\ReportesAcademicos.php;app\Livewire\Shared\InstitutionalRecordDrawer.php;app\Providers\AppServiceProvider.php;app\Services\AulaVirtual\CursoVirtualService.php;app\Services\AulaVirtual\EntregaService.php;app\Services\StudentContextService.php;app\Services\AulaVirtual\ProgresoCursoService.php;app\Services\Reportes\DatosReporteAcademicoService.php;app\Services\Reportes\DatosReporteVocacionalService.php;app\Services\AulaVirtual\ReporteAulaVirtualService.php;app\Services\AporteIngenieril\DTO\Peter3Contract.php;app\Services\AulaVirtual\UnitContentService.php;app\Services\AulaVirtual\TareaService.php","Vista Blade con referencias por alias/componente/layout; QA visual pendiente","B6E3854F43995CEC6611652D41609FE49BA8D2CE3CFD78B531414EA493B50EE1"
"resources/views/layouts/app.blade.php","USED","TRACKED_MODIFIED","resources\css\app.css;resources\INFORMES\1 Primer Informe.txt;resources\js\app.js;resources\INFORMES\4 Creacion de los modulos.txt;resources\views\api\api-token-manager.blade.php;resources\markdown\terms.md;resources\markdown\policy.md;resources\views\api\index.blade.php;resources\views\components\actor-menu.blade.php;resources\views\docente\calificaciones.blade.php;resources\views\estudiante\area.blade.php;resources\views\admin\especialidades-tecnicas.blade.php;resources\views\admin\dashboard-administrador.blade.php;resources\views\navigation-menu.blade.php;resources\views\admin\calificaciones.blade.php;resources\views\admin\bitacora.blade.php;resources\views\admin\asignaciones-regencia.blade.php;resources\views\secretaria\cuentas.blade.php;app\View\Components\AppLayout.php;resources\views\layouts\guest.blade.php;resources\views\livewire\admin\gestion-academica.blade.php;resources\views\workspaces\reportes.blade.php;resources\views\workspaces\reportes-regencia.blade.php;resources\views\workspaces\mis-grados.blade.php;resources\views\workspaces\institucional.blade.php;resources\views\livewire\admin\gestion-inscripciones.blade.php;resources\views\workspaces\domain-boundary.blade.php;resources\views\pdf\reportes\vocacional-riasec.blade.php;resources\views\workspaces\documentacion.blade.php;resources\views\workspaces\consulta.blade.php;app\Support\WorkspaceNavigation.php;resources\views\workspaces\calendario.blade.php;resources\views\pdf\reportes\institucional-completo.blade.php;resources\views\livewire\admin\gestion-curso.blade.php;resources\views\welcome.blade.php;resources\views\admin\tipo-vinculacion-estudiante.blade.php;resources\views\pdf\reportes\estudiantes-riesgo.blade.php;resources\views\livewire\admin\gestion-turnos.blade.php;resources\views\aula-virtual\tareas\revisar.blade.php;resources\views\admin\roles-permisos.blade.php;resources\views\livewire\admin\gestion-personas.blade.php;resources\views\admin\reportes-administrativos.blade.php;resources\views\pdf\reportes\compatibilidad-carreras.blade.php;resources\views\aula-virtual\tareas\entregar.blade.php;resources\views\admin\reportes-academicos.blade.php;app\Support\Reportes\ReporteAcademicoInteligente.php;resources\views\pdf\reportes\calificaciones.blade.php;resources\views\pdf\reportes\bitacora.blade.php;resources\views\components\welcome.blade.php;resources\views\admin\planes-asignatura.blade.php;resources\views\admin\periodo-evaluacion.blade.php;resources\views\livewire\admin\roles-permisos.blade.php;resources\views\pdf\reportes\administrativo.blade.php;resources\views\admin\institucion-procedencia.blade.php;resources\views\livewire\admin\gestion-usuarios.blade.php;resources\views\admin\gestion-usuarios.blade.php;resources\views\pdf\reportes\academico-general.blade.php;resources\views\livewire\admin\personal-institucional.blade.php;resources\views\aula-virtual\reportes\index.blade.php;resources\views\admin\gestion-turnos.blade.php;resources\views\admin\gestion-personas.blade.php;resources\views\admin\gestion-personal-institucional.blade.php;resources\views\admin\gestion-paralelo.blade.php;resources\views\admin\gestion-asignatura.blade.php;resources\views\admin\gestion-academica.blade.php;resources\views\admin\gestion-cursos.blade.php;resources\views\admin\gestion-inscripcion.blade.php;resources\views\admin\gestion-estudiantes.blade.php;resources\views\admin\gestion-docentes.blade.php;resources\views\aula-virtual\orientacion\seguimiento-docente.blade.php;resources\views\aula-virtual\orientacion\resultados.blade.php;resources\views\profile\show.blade.php;resources\views\aula-virtual\orientacion\explorador.blade.php;resources\views\aula-virtual\orientacion\estudiante.blade.php;resources\views\vendor\mail\text\message.blade.php;resources\views\vendor\mail\html\header.blade.php;resources\views\aula-virtual\materiales\index.blade.php;resources\views\vendor\mail\html\layout.blade.php;app\Models\User.php;resources\views\vendor\mail\html\message.blade.php;resources\views\vendor\mail\html\themes\default.css;app\Providers\AppServiceProvider.php;app\Providers\FortifyServiceProvider.php;app\Services\AcademicGoalService.php;app\Policies\AulaVirtualAsistenciaPolicy.php;app\Policies\AulaVirtualCursoPolicy.php;app\Providers\JetstreamServiceProvider.php;resources\views\aula-virtual\layouts\app.blade.php;app\Policies\AulaVirtualEntregaPolicy.php;app\Policies\AulaVirtualMaterialPolicy.php;app\Services\AcademicAccessService.php;app\Services\CalendarService.php;app\Policies\AulaVirtualTareaPolicy.php;app\Services\AulaVirtual\AsistenciaService.php;app\Policies\CalificacionPolicy.php;app\Policies\CursoPolicy.php;app\Services\AporteIngenieril\AporteIngenierilClient.php;app\Policies\DocumentoInscripcionEstudiantePolicy.php;resources\views\aula-virtual\asistencia\mi-asistencia.blade.php;resources\views\aula-virtual\dashboard\index.blade.php;app\Policies\EstudiantePolicy.php;app\Policies\InscripcionEstudiantePolicy.php;resources\views\aula-virtual\asistencia\registrar.blade.php;resources\views\aula-virtual\dashboard\estudiante.blade.php;app\Services\AulaVirtual\EntregaService.php;resources\views\aula-virtual\dashboard\docente.blade.php;app\Services\AulaVirtual\CursoVirtualService.php;app\Policies\KardexPolicy.php;app\Policies\MetaAcademicaPolicy.php;app\Services\HistoricalReportAccessService.php;app\Services\DomainReadinessService.php;app\Services\GradeService.php;app\Services\AulaVirtual\PublicacionService.php;app\Services\AulaVirtual\ReporteAulaVirtualService.php;app\Services\InstitutionalQueryService.php;app\Services\InstitutionalDashboardService.php;app\Policies\UserPolicy.php;app\Services\AulaVirtual\TareaService.php;app\Policies\OrientacionResultadoPolicy.php;app\Services\NotificationService.php;app\Services\OperationalAccountService.php;app\Policies\ReporteGeneradoPolicy.php;app\Policies\PersonaPolicy.php;app\Services\AulaVirtual\UnitContentService.php;resources\views\aula-virtual\cursos\index-docente.blade.php;app\Services\RegencyReportService.php;resources\views\aula-virtual\cursos\show-estudiante.blade.php;app\Services\RegencyAccessService.php;resources\views\aula-virtual\cursos\index-estudiante.blade.php;resources\views\aula-virtual\cursos\show-docente.blade.php;app\Services\RoleRequestService.php;app\Services\RolePermissionService.php;app\Services\Kardex\ScopedKardexRepository.php;app\Services\StudentContextService.php;app\Services\Kardex\KardexService.php;app\Livewire\InstitutionalAuthorization.php;app\Livewire\Admin\Calificaciones.php;app\Livewire\Admin\EspecialidadesTecnicas.php;app\Http\Middleware\EnsureActorRole.php;app\Livewire\Admin\GestionAcademica.php;app\Livewire\Admin\GestionCurso.php;app\Services\Reportes\GeneradorZipReportesService.php;app\Livewire\Shared\AcademicSources.php;app\Livewire\Admin\GestionDocente.php;app\Services\Reportes\GeneradorSqlAcademicoService.php;app\Livewire\Shared\AcademicPlan.php;app\Livewire\Shared\InstitutionalQuery.php;app\Livewire\Shared\CourseWorkspace.php;app\Livewire\Shared\CourseContent.php;app\Livewire\Admin\GestionInscripciones.php;app\Livewire\Admin\GestionPersonas.php;app\Livewire\Shared\KardexDraft.php;app\Livewire\Admin\GestionUsuarios.php;app\Livewire\Shared\InstitutionalRecordDrawer.php;app\Livewire\Admin\InstitucionProcedencia.php;app\Livewire\Shared\NotificationCenter.php;app\Livewire\Shared\ModuleSearch.php;app\Livewire\AulaVirtual\Materiales\CrearMaterial.php;app\Livewire\AulaVirtual\Materiales\EditarMaterial.php;app\Livewire\Admin\PeriodoEvaluacion.php;app\Livewire\AulaVirtual\Tareas\CrearTarea.php;app\Http\Controllers\CalendarController.php;app\Livewire\Shared\StudentDrawer.php;app\Http\Controllers\AdminDashboardController.php;app\Livewire\AulaVirtual\Tareas\EditarTarea.php;app\Livewire\Shared\TeacherGradeForm.php;app\Livewire\Admin\PlanesAsignatura.php;app\Livewire\Admin\ReportesAcademicos.php;app\Livewire\Shared\StudyAssistant.php;app\Http\Controllers\EnrollmentDocumentController.php;app\Livewire\Admin\ReportesAdministrativos.php;app\Livewire\Admin\RolesPermisos.php;app\Http\Controllers\Auth\GoogleAuthController.php;app\Http\Controllers\DomainBoundaryController.php;app\Livewire\Admin\TipoVinculacionEstudiante.php;app\Http\Controllers\WorkspaceController.php;app\Http\Controllers\HistoricalReportController.php;app\Livewire\AulaVirtual\Orientacion\ExploradorVocacional.php;app\Http\Controllers\RegencyReportController.php;app\Http\Controllers\AulaVirtual\ReporteAulaVirtualController.php;app\Http\Controllers\Admin\RoleRequestDocumentController.php;app\Http\Controllers\Admin\ReportePdfController.php","Vista Blade con referencias por alias/componente/layout; QA visual pendiente","9147344D90A4A720CEF369E40F6A665730F0210EBCCDC6B1BFF9037C8A0A16A4"
"resources/views/layouts/sidebar.blade.php","USED","TRACKED_MODIFIED","resources\css\app.css;resources\views\components\actor-menu.blade.php;resources\views\layouts\app.blade.php;resources\views\components\menu.blade.php;resources\views\components\welcome.blade.php","Vista Blade con referencias por alias/componente/layout; QA visual pendiente","CE9202CF4E744503DA0EB4A06E4DF3A9B97F656B281CD0703EEB0282519CE0D4"
"resources/views/livewire/admin/calificaciones.blade.php","USED","TRACKED_MODIFIED","routes\admin.php;routes\docente.php;app\Models\Asignatura.php;app\Models\Estudiante.php;app\Livewire\Shared\TeacherGradeForm.php;app\Http\Controllers\WorkspaceController.php;app\Http\Controllers\Estudiante\ExperienceController.php;app\Http\Controllers\Docente\CalificacionCursoController.php;app\Models\PeriodoEvaluacion.php;app\Livewire\Shared\CourseWorkspace.php;resources\views\admin\calificaciones.blade.php;resources\views\docente\calificaciones.blade.php;resources\views\workspaces\institucional.blade.php;app\Livewire\Admin\ReportesAcademicos.php;app\Livewire\Admin\PeriodoEvaluacion.php;resources\views\pdf\reportes\vocacional-riasec.blade.php;resources\views\pdf\reportes\regencia.blade.php;app\Livewire\Admin\GestionEstudiantes.php;resources\views\pdf\reportes\institucional-completo.blade.php;app\Http\Controllers\Admin\ReportePdfController.php;resources\views\pdf\reportes\estudiantes-riesgo.blade.php;app\Livewire\Admin\GestionAsignatura.php;resources\views\pdf\reportes\curso-aula.blade.php;resources\views\pdf\reportes\compatibilidad-carreras.blade.php;resources\views\pdf\reportes\calificaciones.blade.php;app\Livewire\Admin\GestionAcademica.php;app\Models\AulaVirtual\Tarea.php;app\Livewire\Admin\Calificaciones.php;app\Support\WorkspaceNavigation.php;resources\views\pdf\reportes\academico-general.blade.php;app\Services\InstitutionalDashboardService.php;resources\views\components\menu.blade.php;app\Http\Controllers\Admin\CalificacionController.php;app\Services\GradeService.php;app\Services\RegencyReportService.php;resources\views\aula-virtual\dashboard\estudiante.blade.php;app\Services\Reportes\GeneradorZipReportesService.php;app\Support\PermissionLabel.php;app\Support\InstitutionalRoleGovernance.php;app\Services\Reportes\GeneradorMpdfService.php;app\Services\Reportes\DatosReporteVocacionalService.php;app\Services\AulaVirtual\CursoVirtualService.php;app\Services\Reportes\DatosReporteAcademicoService.php;app\Services\InstitutionalQueryService.php;resources\views\livewire\shared\institutional-query.blade.php;resources\views\livewire\shared\course-workspace.blade.php;app\Services\AcademicAccessService.php;app\Support\Academico\AsignaturaInteligente.php;resources\views\aula-virtual\auth\login.blade.php;app\Support\Academico\GestionAcademicaInteligente.php;resources\views\livewire\admin\reportes-academicos.blade.php;resources\views\livewire\admin\gestion-asignatura.blade.php;resources\views\livewire\admin\gestion-academica.blade.php","Vista Blade con referencias por alias/componente/layout; QA visual pendiente","B4C2D84C7A94E9C59856D7708C21BFC2A6FD79C299A6B1CA8BC793CDC5C8629E"
"resources/views/livewire/admin/gestion-academica.blade.php","USED","TRACKED_MODIFIED","routes\admin.php;resources\INFORMES\4 Creacion de los modulos.txt;resources\views\admin\gestion-academica.blade.php;app\Support\WorkspaceNavigation.php;resources\views\components\menu.blade.php;routes\secretaria.php;app\Services\Reportes\GeneradorZipReportesService.php;app\Http\Controllers\Admin\GestionAcademicaController.php;app\Livewire\Admin\GestionAcademica.php","Vista Blade con referencias por alias/componente/layout; QA visual pendiente","06846AEABBF6174EEE88CAD19AFBF337429A1AEE4EE22C992A060DB27DC5E711"
"resources/views/livewire/admin/gestion-docente.blade.php","USED","TRACKED_MODIFIED","routes\admin.php;app\Support\WorkspaceNavigation.php;resources\views\admin\gestion-docentes.blade.php;app\Livewire\Admin\GestionDocente.php;resources\views\components\menu.blade.php;app\Http\Controllers\AdminDashboardController.php;app\Http\Controllers\Admin\GestionDocenteController.php","Vista Blade con referencias por alias/componente/layout; QA visual pendiente","11E40EB8448985C4242A9795DC4A7C60C4EAFB6C9CA3369051614D9F574483C0"
"resources/views/livewire/admin/gestion-usuarios.blade.php","USED","TRACKED_MODIFIED","routes\admin.php;resources\views\admin\gestion-usuarios.blade.php;resources\views\components\menu.blade.php;app\Support\WorkspaceNavigation.php;app\Http\Controllers\AdminDashboardController.php;app\Http\Controllers\Admin\GestionUsuarioController.php;app\Livewire\Admin\GestionUsuarios.php","Vista Blade con referencias por alias/componente/layout; QA visual pendiente","86B2A9BF9756912509101B220ACDDC51BD37FE855C762311AEC4392A98A6E318"
"resources/views/livewire/admin/partials/catalogo-institucional.blade.php","USED","TRACKED_MODIFIED","resources\views\livewire\admin\especialidades-tecnicas.blade.php;resources\views\livewire\admin\institucion-procedencia.blade.php;resources\views\livewire\admin\periodo-evaluacion.blade.php;resources\views\livewire\admin\tipo-vinculacion-estudiante.blade.php","Vista Blade con referencias por alias/componente/layout; QA visual pendiente","4BC2CE5ECF4862F37A8AE0C18FAE4A9A1F2B78D8BFCF109CA63E26032A3D9C26"
"resources/views/livewire/aula-virtual/materiales/crear-material.blade.php","USED","TRACKED_MODIFIED","app\Livewire\AulaVirtual\Materiales\CrearMaterial.php;resources\views\livewire\shared\course-workspace.blade.php;resources\views\aula-virtual\dashboard\docente.blade.php;resources\views\aula-virtual\componentes\icon-action-button.blade.php","Vista Blade con referencias por alias/componente/layout; QA visual pendiente","1A79435E1C3BF1212D1D3F9EBA8B3B3E82E2C002255542EDA7829798FC2F79FF"
"resources/views/livewire/aula-virtual/orientacion/explorador-vocacional.blade.php","USED","TRACKED_MODIFIED","resources\views\aula-virtual\dashboard\estudiante.blade.php;resources\views\aula-virtual\orientacion\estudiante.blade.php;resources\views\aula-virtual\orientacion\explorador.blade.php;app\Livewire\AulaVirtual\Orientacion\ExploradorVocacional.php","Vista Blade con referencias por alias/componente/layout; QA visual pendiente","10247E33DFA0ACAF25C7F803D09DEE94E2CD77C688F6EA8CB82D22485B3C9E17"
"resources/views/livewire/aula-virtual/tareas/crear-tarea.blade.php","USED","TRACKED_MODIFIED","resources\views\livewire\shared\course-workspace.blade.php;resources\views\aula-virtual\dashboard\docente.blade.php;app\Livewire\AulaVirtual\Tareas\CrearTarea.php;resources\views\aula-virtual\componentes\icon-action-button.blade.php","Vista Blade con referencias por alias/componente/layout; QA visual pendiente","B6EE5A9818BA9B4B80AA0E386ABFEF41CA25ABA41B899B8177C98415E94C586B"
"resources/views/livewire/secretaria/cuentas.blade.php","USED","TRACKED_MODIFIED","routes\secretaria.php;app\Support\WorkspaceNavigation.php;resources\views\workspaces\institucional.blade.php;app\Support\InstitutionalRoleGovernance.php;app\Http\Controllers\WorkspaceController.php;resources\views\secretaria\cuentas.blade.php;app\Services\InstitutionalDashboardService.php;resources\views\profile\two-factor-authentication-form.blade.php;app\Services\OperationalAccountService.php;app\Http\Controllers\AdminDashboardController.php;app\Livewire\Secretaria\Cuentas.php;app\Livewire\Admin\Bitacora.php;app\Livewire\Admin\GestionUsuarios.php;resources\views\livewire\admin\roles-permisos.blade.php","Vista Blade con referencias por alias/componente/layout; QA visual pendiente","1BB7BB65EC094CE1C280D2D21AE81CA8C7E5FA342486374F87E00FFD6AA4A3B4"
"resources/views/livewire/shared/academic-plan.blade.php","BLOCKED","UNTRACKED","","Preparación detrás de flag false/aprobación/contrato; no acredita persistencia o integración científica terminada","279A0896A4A48DB543BA7C6A79AE51307835BCBB840C6E9F2090F164DF39C89B"
"resources/views/livewire/shared/academic-sources.blade.php","USED","UNTRACKED","resources\views\estudiante\area.blade.php;app\Livewire\Shared\AcademicSources.php","Vista Blade con referencias por alias/componente/layout; QA visual pendiente","7692D78E595EA4DADFE67246068A0754157E840294B1EE5EB33E69D2AE9956ED"
"resources/views/livewire/shared/course-content.blade.php","USED","UNTRACKED","resources\views\livewire\shared\course-workspace.blade.php;app\Livewire\Shared\CourseContent.php","Vista Blade con referencias por alias/componente/layout; QA visual pendiente","7EC14730D02CB3AFCBCBE39946BA94665F7AF03BCD193B57F0533978C79166AC"
"resources/views/livewire/shared/course-list.blade.php","USED","UNTRACKED","app\Livewire\Shared\CourseList.php","Vista Blade con referencias por alias/componente/layout; QA visual pendiente","25F4917362C37E82971864EC871A204B81754054C86BD931AF1E71D5C88C364E"
"resources/views/livewire/shared/course-workspace.blade.php","USED","UNTRACKED","app\Livewire\Shared\CourseWorkspace.php","Vista Blade con referencias por alias/componente/layout; QA visual pendiente","717015931796E80C75120FE078AF5E2127F95CDD156F94BA1A60EE72F256392C"
"resources/views/livewire/shared/institutional-query.blade.php","USED","UNTRACKED","resources\views\workspaces\consulta.blade.php;app\Livewire\Shared\InstitutionalQuery.php","Vista Blade con referencias por alias/componente/layout; QA visual pendiente","BD27C2E9E14B52A6C872D18B248F8BC613C98BF91D233C18CCCD284078B3125C"
"resources/views/livewire/shared/institutional-record-drawer.blade.php","USED","UNTRACKED","resources\views\livewire\shared\institutional-query.blade.php;app\Livewire\Shared\InstitutionalRecordDrawer.php","Vista Blade con referencias por alias/componente/layout; QA visual pendiente","5D8C72A5C0D5E18431E1DEEE821D6BB3B45BEC2D7E0BE35EEBD4767EDF639A18"
"resources/views/livewire/shared/kardex-draft.blade.php","USED","UNTRACKED","resources\views\workspaces\domain-boundary.blade.php;app\Livewire\Shared\KardexDraft.php","Vista Blade con referencias por alias/componente/layout; QA visual pendiente","A078B2D9CC5DA42E3A5A816E134E5C8B609AB0D28B9EE06E5576AC7D09E71A71"
"resources/views/livewire/shared/module-search.blade.php","USED","UNTRACKED","resources\views\layouts\app.blade.php;app\Livewire\Shared\ModuleSearch.php","Vista Blade con referencias por alias/componente/layout; QA visual pendiente","EB6C810F62310F03677E674FAFD96AC6879DBF625346135345EB9D9177AEED4A"
"resources/views/livewire/shared/notification-center.blade.php","USED","UNTRACKED","app\Livewire\Shared\NotificationCenter.php;resources\views\layouts\app.blade.php","Vista Blade con referencias por alias/componente/layout; QA visual pendiente","D0E50D66F44A6BE8F9AD907510C89C88D4CC24B0DA86F8857425D646E3335DD2"
"resources/views/livewire/shared/student-drawer.blade.php","USED","UNTRACKED","resources\views\livewire\shared\course-workspace.blade.php;resources\views\livewire\shared\institutional-query.blade.php;app\Livewire\Shared\StudentDrawer.php","Vista Blade con referencias por alias/componente/layout; QA visual pendiente","5BB5F98344527A1E8BC8D15FCB25F6F48C56483188CC61EB54E4C2B47BE997F8"
"resources/views/livewire/shared/study-assistant.blade.php","USED","UNTRACKED","app\Livewire\Shared\StudyAssistant.php;resources\views\estudiante\area.blade.php","Vista Blade con referencias por alias/componente/layout; QA visual pendiente","77A877A4044560F4A6118B456DFB383041D46F9C633BDF2916B94D9B4738F3B2"
"resources/views/livewire/shared/teacher-grade-form.blade.php","USED","UNTRACKED","resources\views\docente\calificaciones.blade.php;app\Livewire\Shared\TeacherGradeForm.php","Vista Blade con referencias por alias/componente/layout; QA visual pendiente","67EBD835FC8E972B6707832C586216A974D096E6E9D67B5F2DA295529CF55293"
"resources/views/pdf/reportes/curso-aula.blade.php","USED","UNTRACKED","app\Http\Controllers\AulaVirtual\ReporteAulaVirtualController.php","Vista Blade con referencias por alias/componente/layout; QA visual pendiente","149C2A096F718CC14D58A8E8EBDD593C8148481AE0D3521927DD0984119F3016"
"resources/views/pdf/reportes/regencia.blade.php","USED","UNTRACKED","routes\actors.php;routes\admin.php;routes\workspace_domains.php;routes\regencia.php;resources\views\admin\asignaciones-regencia.blade.php;app\Support\WorkspaceNavigation.php;resources\views\workspaces\reportes-regencia.blade.php;resources\views\workspaces\mis-grados.blade.php;app\Support\InstitutionalRoleGovernance.php;app\Http\Controllers\WorkspaceController.php;app\Http\Controllers\RegencyReportController.php;app\Services\InstitutionalQueryService.php;app\Services\RegencyAccessService.php;app\Services\RoleDashboardResolver.php;app\Livewire\InstitutionalAuthorization.php;app\Livewire\Admin\AsignacionesRegencia.php","Vista Blade con referencias por alias/componente/layout; QA visual pendiente","322210B2DFCDF291EDDA192CAEDAE71141ED6F727DDABCA34445525395C97888"
"resources/views/workspaces/calendario.blade.php","USED","UNTRACKED","routes\workspace_domains.php;app\Support\WorkspaceNavigation.php;resources\views\welcome.blade.php;resources\views\components\menu.blade.php;app\Models\CalendarioEvento.php;resources\views\livewire\shared\course-workspace.blade.php;resources\views\livewire\admin\gestion-academica.blade.php;app\Support\Academico\GestionAcademicaInteligente.php;app\Services\CalendarService.php;app\Livewire\Shared\CourseWorkspace.php;app\Http\Controllers\CalendarController.php","Vista Blade con referencias por alias/componente/layout; QA visual pendiente","E3DF199C89B734223CDA92CAD9E53844DF40B9214653C74C158DE3FCF1C438D2"
"resources/views/workspaces/consulta.blade.php","USED","TRACKED_MODIFIED","routes\regencia.php;routes\admin.php;routes\direccion.php;resources\views\livewire\admin\bitacora.blade.php;resources\views\pdf\reportes\curso-aula.blade.php;resources\views\livewire\admin\asignaciones-regencia.blade.php;app\Support\WorkspaceNavigation.php;resources\views\workspaces\mis-grados.blade.php;resources\views\livewire\admin\gestion-curso.blade.php;resources\views\workspaces\institucional.blade.php;resources\views\pdf\reportes\regencia.blade.php;resources\views\workspaces\domain-boundary.blade.php;resources\views\livewire\admin\gestion-inscripciones.blade.php;resources\views\livewire\shared\course-workspace.blade.php;resources\views\livewire\shared\institutional-query.blade.php;resources\views\workspaces\calendario.blade.php;resources\views\livewire\shared\notification-center.blade.php;app\Support\Personas\PersonaInteligente.php;resources\views\components\welcome.blade.php;app\Livewire\Shared\StudyAssistant.php;app\Support\Academico\AsignaturaInteligente.php;app\Livewire\Shared\AcademicSources.php;app\Models\HorarioBloque.php;app\Models\Horario.php;app\Http\Controllers\InstitutionalQueryController.php;app\Livewire\Admin\GestionInscripciones.php;app\Livewire\Admin\GestionEstudiantes.php;app\Livewire\Admin\GestionCurso.php;app\Livewire\Admin\CatalogoInstitucional.php;resources\views\admin\bitacora.blade.php;app\Services\Kardex\KardexService.php;resources\views\aula-virtual\orientacion\seguimiento-docente.blade.php","Vista Blade con referencias por alias/componente/layout; QA visual pendiente","47D15B57FFE9635804A13AB154B6AA310F785BAD0AD788D9180635458F4FA40C"
"resources/views/workspaces/documentacion.blade.php","USED","UNTRACKED","routes\workspace_domains.php;app\Support\WorkspaceNavigation.php;app\Http\Controllers\EnrollmentDocumentController.php","Vista Blade con referencias por alias/componente/layout; QA visual pendiente","6BB5A2417D71A4FD2EC61423D2F10D2329F825AA66DF0FBA91322919EC7CB194"
"resources/views/workspaces/domain-boundary.blade.php","USED","UNTRACKED","app\Http\Controllers\DomainBoundaryController.php","Vista Blade con referencias por alias/componente/layout; QA visual pendiente","353D2E1642BAA44DA3ED39DABD5030B43115140D72AF6A9187FEEAE56D5E8066"
"resources/views/workspaces/institucional.blade.php","USED","TRACKED_MODIFIED","routes\workspace_domains.php;routes\secretaria.php;resources\INFORMES\4 Creacion de los modulos.txt;resources\INFORMES\2 Creacion de Tablas.txt;routes\admin.php;resources\js\app.js;resources\views\aula-virtual\auth\login.blade.php;resources\views\aula-virtual\dashboard\index.blade.php;resources\views\aula-virtual\dashboard\estudiante.blade.php;resources\views\auth\two-factor-challenge.blade.php;resources\views\auth\reset-password.blade.php;resources\views\auth\login.blade.php;resources\views\auth\forgot-password.blade.php;resources\views\auth\confirm-password.blade.php;app\Support\WorkspaceNavigation.php;app\Policies\OrientacionResultadoPolicy.php;app\Policies\EstudiantePolicy.php;app\Policies\KardexPolicy.php;app\Policies\InscripcionEstudiantePolicy.php;resources\views\aula-virtual\componentes\modal-cuenta-no-registrada.blade.php;resources\views\aula-virtual\layouts\app.blade.php;app\Models\AulaVirtual\EstadoAsistencia.php;resources\views\admin\gestion-personas.blade.php;resources\views\admin\gestion-personal-institucional.blade.php;app\Support\Personas\PersonaInteligente.php;app\Models\SecretariaGeneral.php;app\Models\Administrador.php;resources\views\welcome.blade.php;app\Support\PermissionLabel.php;resources\views\workspaces\calendario.blade.php;app\Support\InstitutionalRoleGovernance.php;app\Models\Regente.php;resources\views\admin\dashboard-administrador.blade.php;app\Models\PersonalInstitucional.php;resources\views\profile\update-profile-information-form.blade.php;resources\views\profile\update-password-form.blade.php;app\Models\Docente.php;resources\views\profile\two-factor-authentication-form.blade.php;app\Livewire\Secretaria\Cuentas.php;app\Support\Comunidad\InstitucionProcedenciaInteligente.php;app\Models\Director.php;app\Livewire\InstitutionalAuthorization.php;resources\views\profile\delete-user-form.blade.php;resources\views\profile\show.blade.php;resources\views\profile\logout-other-browser-sessions-form.blade.php;resources\views\livewire\shared\notification-center.blade.php;resources\views\livewire\shared\academic-plan.blade.php;app\Support\Academico\TurnoInteligente.php;app\Support\Academico\ParaleloInteligente.php;app\Support\Academico\KardexInteligente.php;resources\views\pdf\reportes\vocacional-riasec.blade.php;app\Support\Academico\InscripcionAcademica.php;resources\views\livewire\secretaria\cuentas.blade.php;resources\views\livewire\shared\institutional-query.blade.php;app\Support\Academico\GestionAcademicaInteligente.php;resources\views\pdf\reportes\institucional-completo.blade.php;app\Support\Academico\CursoInteligente.php;app\Http\Controllers\WorkspaceController.php;app\Services\StudentContextService.php;resources\views\pdf\reportes\compatibilidad-carreras.blade.php;app\Services\RoleRequestService.php;app\Services\RolePermissionService.php;resources\views\pdf\reportes\bitacora.blade.php;resources\views\aula-virtual\orientacion\explorador.blade.php;resources\views\pdf\reportes\administrativo.blade.php;resources\views\pdf\reportes\academico-general.blade.php;app\Support\Academico\AsignaturaInteligente.php;app\Services\Reportes\GeneradorZipReportesService.php;app\Services\Reportes\GeneradorSqlAcademicoService.php;app\Services\Reportes\GeneradorMpdfService.php;app\Services\Reportes\DatosReporteVocacionalService.php;app\Http\Controllers\DomainBoundaryController.php;resources\views\aula-virtual\reportes\index.blade.php;resources\views\components\menu.blade.php;resources\views\components\welcome.blade.php;app\Http\Controllers\DashboardController.php;app\Services\RegencyReportService.php;app\Services\RegencyAccessService.php;app\Services\OperationalAccountService.php;app\Services\NotificationService.php;resources\views\livewire\aula-virtual\orientacion\explorador-vocacional.blade.php;app\Livewire\Admin\TipoVinculacionEstudiante.php;app\Livewire\Admin\RolesPermisos.php;app\Http\Controllers\AdminDashboardController.php;app\Livewire\Admin\GestionCurso.php;app\Livewire\Admin\GestionAsignatura.php;app\Livewire\Admin\GestionAcademica.php;app\Http\Controllers\Admin\ReportePdfController.php;app\Services\Kardex\UnavailableKardexRepository.php;app\Livewire\Admin\GestionPersonas.php;app\Livewire\Admin\PersonalInstitucional.php;app\Livewire\Admin\GestionParalelo.php;app\Services\Kardex\KardexService.php;app\Livewire\Admin\GestionInscripciones.php;app\Livewire\Admin\CatalogoInstitucional.php;app\Livewire\Admin\GestionEstudiantes.php;resources\views\vendor\mail\html\footer.blade.php;app\Livewire\Admin\GestionTurnos.php;app\Services\InstitutionalQueryService.php;app\Services\GradeService.php;app\Services\InstitutionalDashboardService.php;app\Services\DomainReadinessService.php;app\Services\CalendarService.php;app\Services\InstitutionalAuthorityService.php;app\Livewire\Admin\GestionUsuarios.php;app\Http\Controllers\Admin\GestionPersonalInstitucional.php;app\Livewire\Admin\Bitacora.php;app\Services\AcademicGoalService.php;app\Services\AcademicAccessService.php;resources\views\livewire\admin\bitacora.blade.php;resources\views\livewire\admin\especialidades-tecnicas.blade.php;resources\views\livewire\admin\gestion-academica.blade.php;resources\views\livewire\admin\gestion-asignatura.blade.php;resources\views\livewire\admin\gestion-curso.blade.php;resources\views\layouts\topbar.blade.php;resources\views\livewire\admin\gestion-docente.blade.php;resources\views\livewire\admin\gestion-estudiantes.blade.php;resources\views\livewire\admin\gestion-personas.blade.php;resources\views\livewire\admin\gestion-inscripciones.blade.php;resources\views\livewire\admin\gestion-turnos.blade.php;resources\views\livewire\admin\gestion-usuarios.blade.php;resources\views\livewire\admin\gestion-paralelo.blade.php;resources\views\livewire\admin\institucion-procedencia.blade.php;resources\views\livewire\admin\partials\catalogo-institucional.blade.php;resources\views\livewire\admin\planes-asignatura.blade.php;resources\views\livewire\admin\personal-institucional.blade.php;resources\views\livewire\admin\reportes-academicos.blade.php;resources\views\livewire\admin\reportes-administrativos.blade.php;resources\views\livewire\admin\roles-permisos.blade.php;resources\views\livewire\admin\tipo-vinculacion-estudiante.blade.php;resources\views\livewire\admin\periodo-evaluacion.blade.php","Vista Blade con referencias por alias/componente/layout; QA visual pendiente","1C231939603F898F9390437E1E6E299DF599857706B6C06915759DF24D9E61F0"
"resources/views/workspaces/mis-grados.blade.php","USED","UNTRACKED","routes\workspace_domains.php;app\Http\Controllers\RegencyAssignmentsController.php","Vista Blade con referencias por alias/componente/layout; QA visual pendiente","42862F91A55C8F098AC0EE5A36413FB22FDBCA574DCF51879B163EAC3C145596"
"resources/views/workspaces/reportes-regencia.blade.php","USED","UNTRACKED","app\Http\Controllers\RegencyReportController.php","Vista Blade con referencias por alias/componente/layout; QA visual pendiente","4AF0B512614AD0E208C896752137FDF718B526D3E4EFF6E784E1715D82A81AFF"
"resources/views/workspaces/reportes.blade.php","USED","UNTRACKED","routes\admin.php;routes\web.php;routes\secretaria.php;routes\regencia.php;routes\aula_virtual.php;app\Support\WorkspaceNavigation.php;resources\views\admin\reportes-administrativos.blade.php;resources\views\aula-virtual\reportes\index.blade.php;resources\views\admin\reportes-academicos.blade.php;resources\views\workspaces\reportes-regencia.blade.php;resources\views\aula-virtual\dashboard\docente.blade.php;app\Support\InstitutionalRoleGovernance.php;resources\views\components\menu.blade.php;resources\views\components\welcome.blade.php;resources\views\livewire\admin\gestion-curso.blade.php;resources\views\livewire\admin\gestion-academica.blade.php;resources\views\livewire\admin\gestion-inscripciones.blade.php;resources\views\pdf\reportes\calificaciones.blade.php;resources\views\livewire\shared\institutional-query.blade.php;resources\views\pdf\reportes\institucional-completo.blade.php;app\Models\ReporteGenerado.php;app\Support\Academico\GestionAcademicaInteligente.php;app\Support\Academico\InscripcionAcademica.php;resources\views\livewire\admin\reportes-academicos.blade.php;resources\views\livewire\admin\reportes-administrativos.blade.php;app\Services\InstitutionalQueryService.php;app\Services\HistoricalReportAccessService.php;app\Services\RegencyReportService.php;app\Http\Controllers\RegencyReportController.php;app\Livewire\Admin\GestionAcademica.php;app\Services\Reportes\DatosReporteAcademicoService.php;app\Services\Reportes\DatosReporteAdministrativoService.php;app\Services\Reportes\GeneradorMpdfService.php;app\Livewire\Admin\GestionInscripciones.php;app\Http\Controllers\AulaVirtual\ReporteAulaVirtualController.php;app\Http\Controllers\HistoricalReportController.php;app\Services\Reportes\GeneradorZipReportesService.php;app\Services\Reportes\GeneradorSpatiePdfService.php;app\Livewire\Admin\ReportesAdministrativos.php;app\Livewire\Admin\ReportesAcademicos.php;app\Services\Reportes\GeneradorSqlAcademicoService.php;app\Http\Controllers\Admin\ReporteAcademicoController.php;app\Http\Controllers\Admin\ReporteAdministrativoController.php","Vista Blade con referencias por alias/componente/layout; QA visual pendiente","5213F80815C9C4D2409D03F5ADDE46630219454E36521C7B035FF4CF5377B223"
"routes/actors.php","USED","TRACKED_MODIFIED","","Entrada/configuración o código referenciado; revisión funcional pendiente","31CE8EFD5104B1959EF6E95F54D27912533D8406A7CD5CFC579C1DBD32CF46B8"
"routes/admin.php","USED","TRACKED_MODIFIED","","Entrada/configuración o código referenciado; revisión funcional pendiente","D1E9F1309DBEC6DC09F4A03D070D24198B8314C2F9B53A65FCAD88DB5D40DCD6"
"routes/aula_virtual.php","USED","TRACKED_MODIFIED","","Entrada/configuración o código referenciado; revisión funcional pendiente","8A73E19A2ED725F828C60D35D281EF7E3302E780CCF75193549BAA0CC0F229AF"
"routes/direccion.php","USED","UNTRACKED","","Entrada/configuración o código referenciado; revisión funcional pendiente","CCA773F6992F40CF58B727C492F36EC97AD865495DBF34D1C250144F289BCD43"
"routes/docente.php","USED","UNTRACKED","","Entrada/configuración o código referenciado; revisión funcional pendiente","47F424745489EA2A8AC4DFD8E3912078AE7DAE2576AE6E6D16A272B39C68BC29"
"routes/estudiante.php","USED","UNTRACKED","","Entrada/configuración o código referenciado; revisión funcional pendiente","D420BF640FDBB84DD9DF474FA8DCF38A912DBDDCDAA543B6958350F50F8EB932"
"routes/regencia.php","USED","UNTRACKED","","Entrada/configuración o código referenciado; revisión funcional pendiente","23AEF9D7009EFFD87564E2F06EB7A7A3D9BFEDD24D5AA999A1D129D886E59680"
"routes/secretaria.php","USED","UNTRACKED","","Entrada/configuración o código referenciado; revisión funcional pendiente","A789F0BE08A5A6E23A0019DA21814A5281ACF5EC1CE06657EF180338BE9BE864"
"routes/web.php","USED","TRACKED_MODIFIED","","Entrada/configuración o código referenciado; revisión funcional pendiente","9234CE863B87854D27845FCAC3D400393D7C6E0A420FD23AFDE387C15EAE7173"
"routes/workspace_domains.php","USED","UNTRACKED","","Entrada/configuración o código referenciado; revisión funcional pendiente","840089D4486EB2C6054F09B4CC7A5EB7639CB09CE592AC624FA8843938C82CCD"
"tests/Feature/AcademicGoalDraftTest.php","TEST","UNTRACKED","","Prueba/guardia de entorno seguro; ninguna suite autoriza PostgreSQL institucional","91388EE2E24690900F438043335AAE8D8FF01B77AD6DBBD653679107F0CA45B6"
"tests/Feature/AuthenticationPersistenceTest.php","TEST","UNTRACKED","","Prueba/guardia de entorno seguro; ninguna suite autoriza PostgreSQL institucional","BF5425DA8AEA62B956219B12B8321B8327907FF7D42CA0CA3AC0D8F8195D753D"
"tests/Feature/AuthenticationTest.php","TEST","TRACKED_MODIFIED","","Prueba/guardia de entorno seguro; ninguna suite autoriza PostgreSQL institucional","86968A45CAC5AF399C859859D8EEA2B863F451D5622881FA5839A8E4387B406B"
"tests/Feature/Authorization/WorkspaceAuthorizationTest.php","TEST","TRACKED_MODIFIED","","Prueba/guardia de entorno seguro; ninguna suite autoriza PostgreSQL institucional","BB2012A18FED6419A4245A25D1E69CCC809166405FAEFAC7E76D79991A7F343F"
"tests/Feature/FortifyScreenTest.php","TEST","UNTRACKED","","Prueba/guardia de entorno seguro; ninguna suite autoriza PostgreSQL institucional","F7A4800F06A4284030B13335A0B2D3B130674BFD70EF0FEAFB813825239A6CE7"
"tests/Feature/InstitutionalQueryInteractionTest.php","TEST","UNTRACKED","","Prueba/guardia de entorno seguro; ninguna suite autoriza PostgreSQL institucional","2FB8EB493F95FCE152BAE199E3299A2313BD831AB8F82818D853C19E90910CCA"
"tests/Feature/KardexPreventiveDraftTest.php","TEST","UNTRACKED","","Prueba/guardia de entorno seguro; ninguna suite autoriza PostgreSQL institucional","828DDEF59EE142FC9382C6BEB8BAEEAAA046FDF68B0FB29BF207ADF87122BA62"
"tests/Feature/PasswordConfirmationTest.php","TEST","TRACKED_MODIFIED","","Prueba/guardia de entorno seguro; ninguna suite autoriza PostgreSQL institucional","B959AC647428240FCC707B10712C71B4466119901F827E3A6C918E0EB338AD2D"
"tests/Feature/PasswordResetTest.php","TEST","TRACKED_MODIFIED","","Prueba/guardia de entorno seguro; ninguna suite autoriza PostgreSQL institucional","DD06973F7AFE96DBA0A5378FE0C86E88A56A27D0C84E991AC069C105B24CA62F"
"tests/Feature/RegistrationPersistenceTest.php","TEST","UNTRACKED","","Prueba/guardia de entorno seguro; ninguna suite autoriza PostgreSQL institucional","CB171F8507A47F68FEB259725FDFDFA7171829881A93DDF28B1BB3BA9DF8453E"
"tests/Feature/RegistrationTest.php","TEST","TRACKED_MODIFIED","","Prueba/guardia de entorno seguro; ninguna suite autoriza PostgreSQL institucional","C2A0863D26D4D48A9E37A6950C1861101F899CAEB761DE81A8632B36B405C97E"
"tests/Feature/SecretaryCatalogDetailTest.php","TEST","UNTRACKED","","Prueba/guardia de entorno seguro; ninguna suite autoriza PostgreSQL institucional","DC64C990D3C62937DA1652FC9F3B17D4934D6B1D5B9353D34108748BC9E761D8"
"tests/Feature/SpecializedSupportBoundaryTest.php","TEST","UNTRACKED","","Prueba/guardia de entorno seguro; ninguna suite autoriza PostgreSQL institucional","1F7E8CFE4B7A8F354847475DF7496CD462BC940EE5A83546DBD1B4ECFB84FE72"
"tests/Feature/SupportLivewireIntegrationTest.php","TEST","UNTRACKED","","Prueba/guardia de entorno seguro; ninguna suite autoriza PostgreSQL institucional","37E62D77127F1753BD307612B72C73E2C3777E9E83E536F7AF5905D26171E0A4"
"tests/Feature/TeacherGradeSupportTest.php","TEST","UNTRACKED","","Prueba/guardia de entorno seguro; ninguna suite autoriza PostgreSQL institucional","9341D41976FF28A0973853F8282F62E116D44E3D14A747DBAAA91D925B200F94"
"tests/Feature/TeacherReportPdfTest.php","TEST","UNTRACKED","","Prueba/guardia de entorno seguro; ninguna suite autoriza PostgreSQL institucional","BC61F6330B7DA6151ED60514944157DCD5CD4D58D0ACFD768B752B5D28F0764F"
"tests/Feature/WorkspaceHttpBoundaryTest.php","TEST","UNTRACKED","","Prueba/guardia de entorno seguro; ninguna suite autoriza PostgreSQL institucional","7D192F196613E1BF4C2AA5B70E4A8BD441D014E2506D9592020909D53BB87CA4"
"tests/Fixtures/views/persona-form.blade.php","TEST","UNTRACKED","","Prueba/guardia de entorno seguro; ninguna suite autoriza PostgreSQL institucional","5078389077F6AA2F8A1F7285408AB6B9561F5268E5D6195CC5141CD42A03730F"
"tests/TestCase.php","TEST","TRACKED_MODIFIED","","Prueba/guardia de entorno seguro; ninguna suite autoriza PostgreSQL institucional","33C3742F3BEB2D18F5AD6CF132C552C6D241E3B71E2C593723B776D2677D5DBF"
"tests/Unit/AcademicPeriodPresentationTest.php","TEST","UNTRACKED","","Prueba/guardia de entorno seguro; ninguna suite autoriza PostgreSQL institucional","D512472F976941199A64EB5D2C8678B413B25DE8EBE3B8DF19B9E5981F2A61C4"
"tests/Unit/AcademicSecurityTest.php","TEST","TRACKED_MODIFIED","","Prueba/guardia de entorno seguro; ninguna suite autoriza PostgreSQL institucional","396F25B0CB8A2CC5FE6D745C1E68602C4DA2B2B9825C783FB40F67CB382C1EAB"
"tests/Unit/AporteIngenierilClientTest.php","TEST","TRACKED_MODIFIED","","Prueba/guardia de entorno seguro; ninguna suite autoriza PostgreSQL institucional","FD9FD5939EC486FA8DDA672D8A7D2CD8F4E7149516D8B29A2B1AD4FB2351A85C"
"tests/Unit/AuthorizationBoundariesTest.php","TEST","TRACKED_MODIFIED","","Prueba/guardia de entorno seguro; ninguna suite autoriza PostgreSQL institucional","A620172E652269333EC1B8FB19B970DF5785CE8B36D316A436CF7B35342FA7FE"
"tests/Unit/HistoricalReportAuthorizationTest.php","TEST","UNTRACKED","","Prueba/guardia de entorno seguro; ninguna suite autoriza PostgreSQL institucional","C391BC916EAA389BAD0C18DE51FAF048F002907A3C19C2E421762830B83C8AFE"
"tests/Unit/InstitutionalCatalogFilterTest.php","TEST","UNTRACKED","","Prueba/guardia de entorno seguro; ninguna suite autoriza PostgreSQL institucional","34F31EC77F76BAF5CC8AC06CA4DA43353EAF337B4FC8B90971DD1ED176CAADB9"
"tests/Unit/InstitutionalRoleGovernanceTest.php","TEST","TRACKED_MODIFIED","","Prueba/guardia de entorno seguro; ninguna suite autoriza PostgreSQL institucional","4C5B3033AFFF5A647A01AF10738AE7D51E81520A0D018A370C78FF522F63F6CC"
"tests/Unit/InstitutionalScopeContractTest.php","TEST","UNTRACKED","","Prueba/guardia de entorno seguro; ninguna suite autoriza PostgreSQL institucional","DF7DBA2250638EBC431CA914F8DDD11AF1D24DF22437DF89D02EE542B715719E"
"tests/Unit/KardexBoundaryTest.php","TEST","UNTRACKED","","Prueba/guardia de entorno seguro; ninguna suite autoriza PostgreSQL institucional","0C99B25C0DED93E7404CF03962F8B5F9F8FAB6A43ACC8627F5103CB3D39B63C3"
"tests/Unit/NotificationBoundaryTest.php","TEST","UNTRACKED","","Prueba/guardia de entorno seguro; ninguna suite autoriza PostgreSQL institucional","07EC3CE0C75185BBD93076976311CAFF4F9E6016EDC015C0EEDCEFA9A8220CF0"
"tests/Unit/PreparedPersistenceBoundaryTest.php","TEST","UNTRACKED","","Prueba/guardia de entorno seguro; ninguna suite autoriza PostgreSQL institucional","0CE09633D70EE3ECCAD8211C59923C89D8AE5EB3A25D3885FA205BA12AE056E7"
"tests/Unit/PrivateFilePathTest.php","TEST","UNTRACKED","","Prueba/guardia de entorno seguro; ninguna suite autoriza PostgreSQL institucional","C4FF97253E974CBC4027092BEDD5E3F5809F01596B045E753C701022E556A62B"
"tests/Unit/RegencyReportScopeTest.php","TEST","UNTRACKED","","Prueba/guardia de entorno seguro; ninguna suite autoriza PostgreSQL institucional","617C96D28D66FC07C268A115A5746D64F1DAA386D06A84E2A468C9F18E6AFDB2"
"tests/Unit/RoleDashboardResolverTest.php","TEST","TRACKED_MODIFIED","","Prueba/guardia de entorno seguro; ninguna suite autoriza PostgreSQL institucional","9635F6A43C5A0E4852869FB57175D9F808ED3435B7F821E3A310230CCD3FBEF9"
"tests/Unit/RoleRequestAuthorizationTest.php","TEST","TRACKED_MODIFIED","","Prueba/guardia de entorno seguro; ninguna suite autoriza PostgreSQL institucional","3820CEA32AC0B86969D9E5D11AFD5C26182C34CDF81CC3DA320A23D1FD4760AB"
"tests/Unit/SubmissionAuthorizationTest.php","TEST","UNTRACKED","","Prueba/guardia de entorno seguro; ninguna suite autoriza PostgreSQL institucional","9337562409777E5855E592457F525779776A897C1BC33C5DEF1B7E7515E0D983"
"tests/Unit/SupportPreventiveTest.php","TEST","UNTRACKED","","Prueba/guardia de entorno seguro; ninguna suite autoriza PostgreSQL institucional","E17A84250163752E9441400A234CD58DF2F4AA4B3FA4F2DF6C2E55765AE68F08"
"tests/Unit/WorkspaceIntegrityTest.php","TEST","UNTRACKED","","Prueba/guardia de entorno seguro; ninguna suite autoriza PostgreSQL institucional","5170E1A4940294A28A2234843FF5A341F6EC2E44E1438721497CDA604C9DFECC"
